 
Current node
start_addr: 0x8040e3c
end_addr: 0x8040e40
successors: ['0x8040dcc']
parents: ['0x80409bc']
type: call
adj_instr: 0x8040e44
log_idx: 0
log_node.dest_addr: 0x8040d0e
PUSH to shadow stack: 0x8040e44
Call: 0x8040e3c not in indr calls: ['0x80409bc']
 
Current node
start_addr: 0x8040dcc
end_addr: 0x8040dda
successors: ['0x8040d00']
parents: ['0x80409bc', '0x8040e3c']
type: call
adj_instr: 0x8040dde
log_idx: 0
log_node.dest_addr: 0x8040d0e
PUSH to shadow stack: 0x8040dde
Call: 0x8040dcc not in indr calls: ['0x80409bc']
 
Current node
start_addr: 0x8040d00
end_addr: 0x8040d0c
successors: ['0x8040db0']
parents: ['0x80409bc', '0x8040dcc']
type: uncond
adj_instr: 0x8040d0e
log_idx: 0
log_node.dest_addr: 0x8040d0e
-----
changed node
start_addr: 0x8040db0
end_addr: 0x8040db4
successors: ['0x8040db6', '0x8040d0e']
parents: ['0x8040d00']
type: cond
adj_instr: 0x8040db6
-----
 
Current node
start_addr: 0x8040db0
end_addr: 0x8040db4
successors: ['0x8040db6', '0x8040d0e']
parents: ['0x8040d00']
type: cond
adj_instr: 0x8040db6
log_idx: 0
log_node.dest_addr: 0x8040d0e
 
Current node
start_addr: 0x8040d0e
end_addr: 0x8040d16
successors: ['0x8040d18', '0x8040da0']
parents: ['0x8040da0', '0x8040db0', '0x8040daa']
type: cond
adj_instr: 0x8040d18
log_idx: 1
log_node.dest_addr: 0x8040d18
 
Current node
start_addr: 0x8040d18
end_addr: 0x8040d22
successors: ['0x8040d50', '0x8040d58', '0x8040d60', '0x8040d68', '0x8040d70', '0x8040d78', '0x8040d80', '0x8040d88', '0x8040d90', '0x8040d98']
parents: ['0x8040d0e']
type: uncond
adj_instr: 0x8040d50
log_idx: 2
log_node.dest_addr: 0x8040d50
 
Current node
start_addr: 0x8040d50
end_addr: 0x8040d56
successors: ['0x8040daa']
parents: ['0x8040d18']
type: uncond
adj_instr: 0x8040d58
log_idx: 3
log_node.dest_addr: 0x8040d0e
-----
changed node
start_addr: 0x8040daa
end_addr: 0x8040db4
successors: ['0x8040db6', '0x8040d0e']
parents: ['0x8040d50', '0x8040d58', '0x8040d60', '0x8040d68', '0x8040d70', '0x8040d78', '0x8040d80', '0x8040d88', '0x8040d90', '0x8040d98']
type: cond
adj_instr: 0x8040db6
-----
 
Current node
start_addr: 0x8040daa
end_addr: 0x8040db4
successors: ['0x8040db6', '0x8040d0e']
parents: ['0x8040d50', '0x8040d58', '0x8040d60', '0x8040d68', '0x8040d70', '0x8040d78', '0x8040d80', '0x8040d88', '0x8040d90', '0x8040d98']
type: cond
adj_instr: 0x8040db6
log_idx: 3
log_node.dest_addr: 0x8040d0e
 
Current node
start_addr: 0x8040d0e
end_addr: 0x8040d16
successors: ['0x8040d18', '0x8040da0']
parents: ['0x8040da0', '0x8040db0', '0x8040daa']
type: cond
adj_instr: 0x8040d18
log_idx: 4
log_node.dest_addr: 0x8040d18
 
Current node
start_addr: 0x8040d18
end_addr: 0x8040d22
successors: ['0x8040d50', '0x8040d58', '0x8040d60', '0x8040d68', '0x8040d70', '0x8040d78', '0x8040d80', '0x8040d88', '0x8040d90', '0x8040d98']
parents: ['0x8040d0e']
type: uncond
adj_instr: 0x8040d50
log_idx: 5
log_node.dest_addr: 0x8040d58
 
Current node
start_addr: 0x8040d58
end_addr: 0x8040d5e
successors: ['0x8040daa']
parents: ['0x8040d18']
type: uncond
adj_instr: 0x8040d60
log_idx: 6
log_node.dest_addr: 0x8040d0e
-----
changed node
start_addr: 0x8040daa
end_addr: 0x8040db4
successors: ['0x8040db6', '0x8040d0e']
parents: ['0x8040d50', '0x8040d58', '0x8040d60', '0x8040d68', '0x8040d70', '0x8040d78', '0x8040d80', '0x8040d88', '0x8040d90', '0x8040d98']
type: cond
adj_instr: 0x8040db6
-----
 
Current node
start_addr: 0x8040daa
end_addr: 0x8040db4
successors: ['0x8040db6', '0x8040d0e']
parents: ['0x8040d50', '0x8040d58', '0x8040d60', '0x8040d68', '0x8040d70', '0x8040d78', '0x8040d80', '0x8040d88', '0x8040d90', '0x8040d98']
type: cond
adj_instr: 0x8040db6
log_idx: 6
log_node.dest_addr: 0x8040d0e
 
Current node
start_addr: 0x8040d0e
end_addr: 0x8040d16
successors: ['0x8040d18', '0x8040da0']
parents: ['0x8040da0', '0x8040db0', '0x8040daa']
type: cond
adj_instr: 0x8040d18
log_idx: 7
log_node.dest_addr: 0x8040d18
 
Current node
start_addr: 0x8040d18
end_addr: 0x8040d22
successors: ['0x8040d50', '0x8040d58', '0x8040d60', '0x8040d68', '0x8040d70', '0x8040d78', '0x8040d80', '0x8040d88', '0x8040d90', '0x8040d98']
parents: ['0x8040d0e']
type: uncond
adj_instr: 0x8040d50
log_idx: 8
log_node.dest_addr: 0x8040d60
 
Current node
start_addr: 0x8040d60
end_addr: 0x8040d66
successors: ['0x8040daa']
parents: ['0x8040d18']
type: uncond
adj_instr: 0x8040d68
log_idx: 9
log_node.dest_addr: 0x8040d0e
-----
changed node
start_addr: 0x8040daa
end_addr: 0x8040db4
successors: ['0x8040db6', '0x8040d0e']
parents: ['0x8040d50', '0x8040d58', '0x8040d60', '0x8040d68', '0x8040d70', '0x8040d78', '0x8040d80', '0x8040d88', '0x8040d90', '0x8040d98']
type: cond
adj_instr: 0x8040db6
-----
 
Current node
start_addr: 0x8040daa
end_addr: 0x8040db4
successors: ['0x8040db6', '0x8040d0e']
parents: ['0x8040d50', '0x8040d58', '0x8040d60', '0x8040d68', '0x8040d70', '0x8040d78', '0x8040d80', '0x8040d88', '0x8040d90', '0x8040d98']
type: cond
adj_instr: 0x8040db6
log_idx: 9
log_node.dest_addr: 0x8040d0e
 
Current node
start_addr: 0x8040d0e
end_addr: 0x8040d16
successors: ['0x8040d18', '0x8040da0']
parents: ['0x8040da0', '0x8040db0', '0x8040daa']
type: cond
adj_instr: 0x8040d18
log_idx: 10
log_node.dest_addr: 0x8040d18
 
Current node
start_addr: 0x8040d18
end_addr: 0x8040d22
successors: ['0x8040d50', '0x8040d58', '0x8040d60', '0x8040d68', '0x8040d70', '0x8040d78', '0x8040d80', '0x8040d88', '0x8040d90', '0x8040d98']
parents: ['0x8040d0e']
type: uncond
adj_instr: 0x8040d50
log_idx: 11
log_node.dest_addr: 0x8040d68
 
Current node
start_addr: 0x8040d68
end_addr: 0x8040d6e
successors: ['0x8040daa']
parents: ['0x8040d18']
type: uncond
adj_instr: 0x8040d70
log_idx: 12
log_node.dest_addr: 0x8040d0e
-----
changed node
start_addr: 0x8040daa
end_addr: 0x8040db4
successors: ['0x8040db6', '0x8040d0e']
parents: ['0x8040d50', '0x8040d58', '0x8040d60', '0x8040d68', '0x8040d70', '0x8040d78', '0x8040d80', '0x8040d88', '0x8040d90', '0x8040d98']
type: cond
adj_instr: 0x8040db6
-----
 
Current node
start_addr: 0x8040daa
end_addr: 0x8040db4
successors: ['0x8040db6', '0x8040d0e']
parents: ['0x8040d50', '0x8040d58', '0x8040d60', '0x8040d68', '0x8040d70', '0x8040d78', '0x8040d80', '0x8040d88', '0x8040d90', '0x8040d98']
type: cond
adj_instr: 0x8040db6
log_idx: 12
log_node.dest_addr: 0x8040d0e
 
Current node
start_addr: 0x8040d0e
end_addr: 0x8040d16
successors: ['0x8040d18', '0x8040da0']
parents: ['0x8040da0', '0x8040db0', '0x8040daa']
type: cond
adj_instr: 0x8040d18
log_idx: 13
log_node.dest_addr: 0x8040d18
 
Current node
start_addr: 0x8040d18
end_addr: 0x8040d22
successors: ['0x8040d50', '0x8040d58', '0x8040d60', '0x8040d68', '0x8040d70', '0x8040d78', '0x8040d80', '0x8040d88', '0x8040d90', '0x8040d98']
parents: ['0x8040d0e']
type: uncond
adj_instr: 0x8040d50
log_idx: 14
log_node.dest_addr: 0x8040d70
 
Current node
start_addr: 0x8040d70
end_addr: 0x8040d76
successors: ['0x8040daa']
parents: ['0x8040d18']
type: uncond
adj_instr: 0x8040d78
log_idx: 15
log_node.dest_addr: 0x8040d0e
-----
changed node
start_addr: 0x8040daa
end_addr: 0x8040db4
successors: ['0x8040db6', '0x8040d0e']
parents: ['0x8040d50', '0x8040d58', '0x8040d60', '0x8040d68', '0x8040d70', '0x8040d78', '0x8040d80', '0x8040d88', '0x8040d90', '0x8040d98']
type: cond
adj_instr: 0x8040db6
-----
 
Current node
start_addr: 0x8040daa
end_addr: 0x8040db4
successors: ['0x8040db6', '0x8040d0e']
parents: ['0x8040d50', '0x8040d58', '0x8040d60', '0x8040d68', '0x8040d70', '0x8040d78', '0x8040d80', '0x8040d88', '0x8040d90', '0x8040d98']
type: cond
adj_instr: 0x8040db6
log_idx: 15
log_node.dest_addr: 0x8040d0e
 
Current node
start_addr: 0x8040d0e
end_addr: 0x8040d16
successors: ['0x8040d18', '0x8040da0']
parents: ['0x8040da0', '0x8040db0', '0x8040daa']
type: cond
adj_instr: 0x8040d18
log_idx: 16
log_node.dest_addr: 0x8040d18
 
Current node
start_addr: 0x8040d18
end_addr: 0x8040d22
successors: ['0x8040d50', '0x8040d58', '0x8040d60', '0x8040d68', '0x8040d70', '0x8040d78', '0x8040d80', '0x8040d88', '0x8040d90', '0x8040d98']
parents: ['0x8040d0e']
type: uncond
adj_instr: 0x8040d50
log_idx: 17
log_node.dest_addr: 0x8040d78
 
Current node
start_addr: 0x8040d78
end_addr: 0x8040d7e
successors: ['0x8040daa']
parents: ['0x8040d18']
type: uncond
adj_instr: 0x8040d80
log_idx: 18
log_node.dest_addr: 0x8040d0e
-----
changed node
start_addr: 0x8040daa
end_addr: 0x8040db4
successors: ['0x8040db6', '0x8040d0e']
parents: ['0x8040d50', '0x8040d58', '0x8040d60', '0x8040d68', '0x8040d70', '0x8040d78', '0x8040d80', '0x8040d88', '0x8040d90', '0x8040d98']
type: cond
adj_instr: 0x8040db6
-----
 
Current node
start_addr: 0x8040daa
end_addr: 0x8040db4
successors: ['0x8040db6', '0x8040d0e']
parents: ['0x8040d50', '0x8040d58', '0x8040d60', '0x8040d68', '0x8040d70', '0x8040d78', '0x8040d80', '0x8040d88', '0x8040d90', '0x8040d98']
type: cond
adj_instr: 0x8040db6
log_idx: 18
log_node.dest_addr: 0x8040d0e
 
Current node
start_addr: 0x8040d0e
end_addr: 0x8040d16
successors: ['0x8040d18', '0x8040da0']
parents: ['0x8040da0', '0x8040db0', '0x8040daa']
type: cond
adj_instr: 0x8040d18
log_idx: 19
log_node.dest_addr: 0x8040d18
 
Current node
start_addr: 0x8040d18
end_addr: 0x8040d22
successors: ['0x8040d50', '0x8040d58', '0x8040d60', '0x8040d68', '0x8040d70', '0x8040d78', '0x8040d80', '0x8040d88', '0x8040d90', '0x8040d98']
parents: ['0x8040d0e']
type: uncond
adj_instr: 0x8040d50
log_idx: 20
log_node.dest_addr: 0x8040d80
 
Current node
start_addr: 0x8040d80
end_addr: 0x8040d86
successors: ['0x8040daa']
parents: ['0x8040d18']
type: uncond
adj_instr: 0x8040d88
log_idx: 21
log_node.dest_addr: 0x8040d0e
-----
changed node
start_addr: 0x8040daa
end_addr: 0x8040db4
successors: ['0x8040db6', '0x8040d0e']
parents: ['0x8040d50', '0x8040d58', '0x8040d60', '0x8040d68', '0x8040d70', '0x8040d78', '0x8040d80', '0x8040d88', '0x8040d90', '0x8040d98']
type: cond
adj_instr: 0x8040db6
-----
 
Current node
start_addr: 0x8040daa
end_addr: 0x8040db4
successors: ['0x8040db6', '0x8040d0e']
parents: ['0x8040d50', '0x8040d58', '0x8040d60', '0x8040d68', '0x8040d70', '0x8040d78', '0x8040d80', '0x8040d88', '0x8040d90', '0x8040d98']
type: cond
adj_instr: 0x8040db6
log_idx: 21
log_node.dest_addr: 0x8040d0e
 
Current node
start_addr: 0x8040d0e
end_addr: 0x8040d16
successors: ['0x8040d18', '0x8040da0']
parents: ['0x8040da0', '0x8040db0', '0x8040daa']
type: cond
adj_instr: 0x8040d18
log_idx: 22
log_node.dest_addr: 0x8040d18
 
Current node
start_addr: 0x8040d18
end_addr: 0x8040d22
successors: ['0x8040d50', '0x8040d58', '0x8040d60', '0x8040d68', '0x8040d70', '0x8040d78', '0x8040d80', '0x8040d88', '0x8040d90', '0x8040d98']
parents: ['0x8040d0e']
type: uncond
adj_instr: 0x8040d50
log_idx: 23
log_node.dest_addr: 0x8040d88
 
Current node
start_addr: 0x8040d88
end_addr: 0x8040d8e
successors: ['0x8040daa']
parents: ['0x8040d18']
type: uncond
adj_instr: 0x8040d90
log_idx: 24
log_node.dest_addr: 0x8040d0e
-----
changed node
start_addr: 0x8040daa
end_addr: 0x8040db4
successors: ['0x8040db6', '0x8040d0e']
parents: ['0x8040d50', '0x8040d58', '0x8040d60', '0x8040d68', '0x8040d70', '0x8040d78', '0x8040d80', '0x8040d88', '0x8040d90', '0x8040d98']
type: cond
adj_instr: 0x8040db6
-----
 
Current node
start_addr: 0x8040daa
end_addr: 0x8040db4
successors: ['0x8040db6', '0x8040d0e']
parents: ['0x8040d50', '0x8040d58', '0x8040d60', '0x8040d68', '0x8040d70', '0x8040d78', '0x8040d80', '0x8040d88', '0x8040d90', '0x8040d98']
type: cond
adj_instr: 0x8040db6
log_idx: 24
log_node.dest_addr: 0x8040d0e
 
Current node
start_addr: 0x8040d0e
end_addr: 0x8040d16
successors: ['0x8040d18', '0x8040da0']
parents: ['0x8040da0', '0x8040db0', '0x8040daa']
type: cond
adj_instr: 0x8040d18
log_idx: 25
log_node.dest_addr: 0x8040d18
 
Current node
start_addr: 0x8040d18
end_addr: 0x8040d22
successors: ['0x8040d50', '0x8040d58', '0x8040d60', '0x8040d68', '0x8040d70', '0x8040d78', '0x8040d80', '0x8040d88', '0x8040d90', '0x8040d98']
parents: ['0x8040d0e']
type: uncond
adj_instr: 0x8040d50
log_idx: 26
log_node.dest_addr: 0x8040d90
 
Current node
start_addr: 0x8040d90
end_addr: 0x8040d96
successors: ['0x8040daa']
parents: ['0x8040d18']
type: uncond
adj_instr: 0x8040d98
log_idx: 27
log_node.dest_addr: 0x8040d0e
-----
changed node
start_addr: 0x8040daa
end_addr: 0x8040db4
successors: ['0x8040db6', '0x8040d0e']
parents: ['0x8040d50', '0x8040d58', '0x8040d60', '0x8040d68', '0x8040d70', '0x8040d78', '0x8040d80', '0x8040d88', '0x8040d90', '0x8040d98']
type: cond
adj_instr: 0x8040db6
-----
 
Current node
start_addr: 0x8040daa
end_addr: 0x8040db4
successors: ['0x8040db6', '0x8040d0e']
parents: ['0x8040d50', '0x8040d58', '0x8040d60', '0x8040d68', '0x8040d70', '0x8040d78', '0x8040d80', '0x8040d88', '0x8040d90', '0x8040d98']
type: cond
adj_instr: 0x8040db6
log_idx: 27
log_node.dest_addr: 0x8040d0e
 
Current node
start_addr: 0x8040d0e
end_addr: 0x8040d16
successors: ['0x8040d18', '0x8040da0']
parents: ['0x8040da0', '0x8040db0', '0x8040daa']
type: cond
adj_instr: 0x8040d18
log_idx: 28
log_node.dest_addr: 0x8040d18
 
Current node
start_addr: 0x8040d18
end_addr: 0x8040d22
successors: ['0x8040d50', '0x8040d58', '0x8040d60', '0x8040d68', '0x8040d70', '0x8040d78', '0x8040d80', '0x8040d88', '0x8040d90', '0x8040d98']
parents: ['0x8040d0e']
type: uncond
adj_instr: 0x8040d50
log_idx: 29
log_node.dest_addr: 0x8040d98
 
Current node
start_addr: 0x8040d98
end_addr: 0x8040d9e
successors: ['0x8040daa']
parents: ['0x8040d18']
type: uncond
adj_instr: 0x8040da0
log_idx: 30
log_node.dest_addr: 0x8040db6
-----
changed node
start_addr: 0x8040daa
end_addr: 0x8040db4
successors: ['0x8040db6', '0x8040d0e']
parents: ['0x8040d50', '0x8040d58', '0x8040d60', '0x8040d68', '0x8040d70', '0x8040d78', '0x8040d80', '0x8040d88', '0x8040d90', '0x8040d98']
type: cond
adj_instr: 0x8040db6
-----
 
Current node
start_addr: 0x8040daa
end_addr: 0x8040db4
successors: ['0x8040db6', '0x8040d0e']
parents: ['0x8040d50', '0x8040d58', '0x8040d60', '0x8040d68', '0x8040d70', '0x8040d78', '0x8040d80', '0x8040d88', '0x8040d90', '0x8040d98']
type: cond
adj_instr: 0x8040db6
log_idx: 30
log_node.dest_addr: 0x8040db6
 
Current node
start_addr: 0x8040db6
end_addr: 0x8040dc6
successors: ['0x8040dde', '0x80409ca']
parents: ['0x8040da0', '0x8040db0', '0x8040daa']
type: ret
adj_instr: None
log_idx: 31
log_node.dest_addr: 0x8040dde
POP from shadow stack: 0x8040dde
 
Current node
start_addr: 0x8040dde
end_addr: 0x8040de6
successors: ['0x80409dc']
parents: ['0x8040db6']
type: call
adj_instr: 0x8040dea
log_idx: 32
log_node.dest_addr: 0x80409ea
PUSH to shadow stack: 0x8040dea
Call: 0x8040dde not in indr calls: ['0x80409bc']
 
Current node
start_addr: 0x80409dc
end_addr: 0x80409e8
successors: ['0x8040ce4']
parents: ['0x80409bc', '0x8040dde']
type: uncond
adj_instr: 0x80409ea
log_idx: 32
log_node.dest_addr: 0x80409ea
-----
changed node
start_addr: 0x8040ce4
end_addr: 0x8040ce8
successors: ['0x8040cec', '0x80409ea']
parents: ['0x80409dc']
type: cond
adj_instr: 0x8040cec
-----
 
Current node
start_addr: 0x8040ce4
end_addr: 0x8040ce8
successors: ['0x8040cec', '0x80409ea']
parents: ['0x80409dc']
type: cond
adj_instr: 0x8040cec
log_idx: 32
log_node.dest_addr: 0x80409ea
 
Current node
start_addr: 0x80409ea
end_addr: 0x80409f2
successors: ['0x80409f6', '0x8040cd4']
parents: ['0x8040cd4', '0x8040ce4', '0x8040cde']
type: cond
adj_instr: 0x80409f6
log_idx: 33
log_node.dest_addr: 0x80409f6
 
Current node
start_addr: 0x80409f6
end_addr: 0x8040a00
successors: ['0x8040af4', '0x8040afc', '0x8040b04', '0x8040b0c', '0x8040b14', '0x8040b1c', '0x8040b24', '0x8040b2c', '0x8040b34', '0x8040b3c', '0x8040b44', '0x8040b4c', '0x8040b54', '0x8040b5c', '0x8040b64', '0x8040b6c', '0x8040b74', '0x8040b7c', '0x8040b84', '0x8040b8c', '0x8040b94', '0x8040b9c', '0x8040ba4', '0x8040bac', '0x8040bb4', '0x8040bbc', '0x8040bc4', '0x8040bcc', '0x8040bd4', '0x8040bdc', '0x8040be4', '0x8040bec', '0x8040bf4', '0x8040bfc', '0x8040c04', '0x8040c0c', '0x8040c14', '0x8040c1c', '0x8040c24', '0x8040c2c', '0x8040c34', '0x8040c3c', '0x8040c44', '0x8040c4c', '0x8040c54', '0x8040c5c', '0x8040c64', '0x8040c6c', '0x8040c74', '0x8040c7c', '0x8040c84', '0x8040c8c', '0x8040c94', '0x8040c9c', '0x8040ca4', '0x8040cac', '0x8040cb4', '0x8040cbc', '0x8040cc4', '0x8040ccc']
parents: ['0x80409ea']
type: uncond
adj_instr: 0x8040af4
log_idx: 34
log_node.dest_addr: 0x8040af4
 
Current node
start_addr: 0x8040af4
end_addr: 0x8040afa
successors: ['0x8040cde']
parents: ['0x80409f6']
type: uncond
adj_instr: 0x8040afc
log_idx: 35
log_node.dest_addr: 0x80409ea
-----
changed node
start_addr: 0x8040cde
end_addr: 0x8040ce8
successors: ['0x8040cec', '0x80409ea']
parents: ['0x8040af4', '0x8040afc', '0x8040b04', '0x8040b0c', '0x8040b14', '0x8040b1c', '0x8040b24', '0x8040b2c', '0x8040b34', '0x8040b3c', '0x8040b44', '0x8040b4c', '0x8040b54', '0x8040b5c', '0x8040b64', '0x8040b6c', '0x8040b74', '0x8040b7c', '0x8040b84', '0x8040b8c', '0x8040b94', '0x8040b9c', '0x8040ba4', '0x8040bac', '0x8040bb4', '0x8040bbc', '0x8040bc4', '0x8040bcc', '0x8040bd4', '0x8040bdc', '0x8040be4', '0x8040bec', '0x8040bf4', '0x8040bfc', '0x8040c04', '0x8040c0c', '0x8040c14', '0x8040c1c', '0x8040c24', '0x8040c2c', '0x8040c34', '0x8040c3c', '0x8040c44', '0x8040c4c', '0x8040c54', '0x8040c5c', '0x8040c64', '0x8040c6c', '0x8040c74', '0x8040c7c', '0x8040c84', '0x8040c8c', '0x8040c94', '0x8040c9c', '0x8040ca4', '0x8040cac', '0x8040cb4', '0x8040cbc', '0x8040cc4', '0x8040ccc']
type: cond
adj_instr: 0x8040cec
-----
 
Current node
start_addr: 0x8040cde
end_addr: 0x8040ce8
successors: ['0x8040cec', '0x80409ea']
parents: ['0x8040af4', '0x8040afc', '0x8040b04', '0x8040b0c', '0x8040b14', '0x8040b1c', '0x8040b24', '0x8040b2c', '0x8040b34', '0x8040b3c', '0x8040b44', '0x8040b4c', '0x8040b54', '0x8040b5c', '0x8040b64', '0x8040b6c', '0x8040b74', '0x8040b7c', '0x8040b84', '0x8040b8c', '0x8040b94', '0x8040b9c', '0x8040ba4', '0x8040bac', '0x8040bb4', '0x8040bbc', '0x8040bc4', '0x8040bcc', '0x8040bd4', '0x8040bdc', '0x8040be4', '0x8040bec', '0x8040bf4', '0x8040bfc', '0x8040c04', '0x8040c0c', '0x8040c14', '0x8040c1c', '0x8040c24', '0x8040c2c', '0x8040c34', '0x8040c3c', '0x8040c44', '0x8040c4c', '0x8040c54', '0x8040c5c', '0x8040c64', '0x8040c6c', '0x8040c74', '0x8040c7c', '0x8040c84', '0x8040c8c', '0x8040c94', '0x8040c9c', '0x8040ca4', '0x8040cac', '0x8040cb4', '0x8040cbc', '0x8040cc4', '0x8040ccc']
type: cond
adj_instr: 0x8040cec
log_idx: 35
log_node.dest_addr: 0x80409ea
 
Current node
start_addr: 0x80409ea
end_addr: 0x80409f2
successors: ['0x80409f6', '0x8040cd4']
parents: ['0x8040cd4', '0x8040ce4', '0x8040cde']
type: cond
adj_instr: 0x80409f6
log_idx: 36
log_node.dest_addr: 0x80409f6
 
Current node
start_addr: 0x80409f6
end_addr: 0x8040a00
successors: ['0x8040af4', '0x8040afc', '0x8040b04', '0x8040b0c', '0x8040b14', '0x8040b1c', '0x8040b24', '0x8040b2c', '0x8040b34', '0x8040b3c', '0x8040b44', '0x8040b4c', '0x8040b54', '0x8040b5c', '0x8040b64', '0x8040b6c', '0x8040b74', '0x8040b7c', '0x8040b84', '0x8040b8c', '0x8040b94', '0x8040b9c', '0x8040ba4', '0x8040bac', '0x8040bb4', '0x8040bbc', '0x8040bc4', '0x8040bcc', '0x8040bd4', '0x8040bdc', '0x8040be4', '0x8040bec', '0x8040bf4', '0x8040bfc', '0x8040c04', '0x8040c0c', '0x8040c14', '0x8040c1c', '0x8040c24', '0x8040c2c', '0x8040c34', '0x8040c3c', '0x8040c44', '0x8040c4c', '0x8040c54', '0x8040c5c', '0x8040c64', '0x8040c6c', '0x8040c74', '0x8040c7c', '0x8040c84', '0x8040c8c', '0x8040c94', '0x8040c9c', '0x8040ca4', '0x8040cac', '0x8040cb4', '0x8040cbc', '0x8040cc4', '0x8040ccc']
parents: ['0x80409ea']
type: uncond
adj_instr: 0x8040af4
log_idx: 37
log_node.dest_addr: 0x8040afc
 
Current node
start_addr: 0x8040afc
end_addr: 0x8040b02
successors: ['0x8040cde']
parents: ['0x80409f6']
type: uncond
adj_instr: 0x8040b04
log_idx: 38
log_node.dest_addr: 0x80409ea
-----
changed node
start_addr: 0x8040cde
end_addr: 0x8040ce8
successors: ['0x8040cec', '0x80409ea']
parents: ['0x8040af4', '0x8040afc', '0x8040b04', '0x8040b0c', '0x8040b14', '0x8040b1c', '0x8040b24', '0x8040b2c', '0x8040b34', '0x8040b3c', '0x8040b44', '0x8040b4c', '0x8040b54', '0x8040b5c', '0x8040b64', '0x8040b6c', '0x8040b74', '0x8040b7c', '0x8040b84', '0x8040b8c', '0x8040b94', '0x8040b9c', '0x8040ba4', '0x8040bac', '0x8040bb4', '0x8040bbc', '0x8040bc4', '0x8040bcc', '0x8040bd4', '0x8040bdc', '0x8040be4', '0x8040bec', '0x8040bf4', '0x8040bfc', '0x8040c04', '0x8040c0c', '0x8040c14', '0x8040c1c', '0x8040c24', '0x8040c2c', '0x8040c34', '0x8040c3c', '0x8040c44', '0x8040c4c', '0x8040c54', '0x8040c5c', '0x8040c64', '0x8040c6c', '0x8040c74', '0x8040c7c', '0x8040c84', '0x8040c8c', '0x8040c94', '0x8040c9c', '0x8040ca4', '0x8040cac', '0x8040cb4', '0x8040cbc', '0x8040cc4', '0x8040ccc']
type: cond
adj_instr: 0x8040cec
-----
 
Current node
start_addr: 0x8040cde
end_addr: 0x8040ce8
successors: ['0x8040cec', '0x80409ea']
parents: ['0x8040af4', '0x8040afc', '0x8040b04', '0x8040b0c', '0x8040b14', '0x8040b1c', '0x8040b24', '0x8040b2c', '0x8040b34', '0x8040b3c', '0x8040b44', '0x8040b4c', '0x8040b54', '0x8040b5c', '0x8040b64', '0x8040b6c', '0x8040b74', '0x8040b7c', '0x8040b84', '0x8040b8c', '0x8040b94', '0x8040b9c', '0x8040ba4', '0x8040bac', '0x8040bb4', '0x8040bbc', '0x8040bc4', '0x8040bcc', '0x8040bd4', '0x8040bdc', '0x8040be4', '0x8040bec', '0x8040bf4', '0x8040bfc', '0x8040c04', '0x8040c0c', '0x8040c14', '0x8040c1c', '0x8040c24', '0x8040c2c', '0x8040c34', '0x8040c3c', '0x8040c44', '0x8040c4c', '0x8040c54', '0x8040c5c', '0x8040c64', '0x8040c6c', '0x8040c74', '0x8040c7c', '0x8040c84', '0x8040c8c', '0x8040c94', '0x8040c9c', '0x8040ca4', '0x8040cac', '0x8040cb4', '0x8040cbc', '0x8040cc4', '0x8040ccc']
type: cond
adj_instr: 0x8040cec
log_idx: 38
log_node.dest_addr: 0x80409ea
 
Current node
start_addr: 0x80409ea
end_addr: 0x80409f2
successors: ['0x80409f6', '0x8040cd4']
parents: ['0x8040cd4', '0x8040ce4', '0x8040cde']
type: cond
adj_instr: 0x80409f6
log_idx: 39
log_node.dest_addr: 0x80409f6
 
Current node
start_addr: 0x80409f6
end_addr: 0x8040a00
successors: ['0x8040af4', '0x8040afc', '0x8040b04', '0x8040b0c', '0x8040b14', '0x8040b1c', '0x8040b24', '0x8040b2c', '0x8040b34', '0x8040b3c', '0x8040b44', '0x8040b4c', '0x8040b54', '0x8040b5c', '0x8040b64', '0x8040b6c', '0x8040b74', '0x8040b7c', '0x8040b84', '0x8040b8c', '0x8040b94', '0x8040b9c', '0x8040ba4', '0x8040bac', '0x8040bb4', '0x8040bbc', '0x8040bc4', '0x8040bcc', '0x8040bd4', '0x8040bdc', '0x8040be4', '0x8040bec', '0x8040bf4', '0x8040bfc', '0x8040c04', '0x8040c0c', '0x8040c14', '0x8040c1c', '0x8040c24', '0x8040c2c', '0x8040c34', '0x8040c3c', '0x8040c44', '0x8040c4c', '0x8040c54', '0x8040c5c', '0x8040c64', '0x8040c6c', '0x8040c74', '0x8040c7c', '0x8040c84', '0x8040c8c', '0x8040c94', '0x8040c9c', '0x8040ca4', '0x8040cac', '0x8040cb4', '0x8040cbc', '0x8040cc4', '0x8040ccc']
parents: ['0x80409ea']
type: uncond
adj_instr: 0x8040af4
log_idx: 40
log_node.dest_addr: 0x8040b04
 
Current node
start_addr: 0x8040b04
end_addr: 0x8040b0a
successors: ['0x8040cde']
parents: ['0x80409f6']
type: uncond
adj_instr: 0x8040b0c
log_idx: 41
log_node.dest_addr: 0x80409ea
-----
changed node
start_addr: 0x8040cde
end_addr: 0x8040ce8
successors: ['0x8040cec', '0x80409ea']
parents: ['0x8040af4', '0x8040afc', '0x8040b04', '0x8040b0c', '0x8040b14', '0x8040b1c', '0x8040b24', '0x8040b2c', '0x8040b34', '0x8040b3c', '0x8040b44', '0x8040b4c', '0x8040b54', '0x8040b5c', '0x8040b64', '0x8040b6c', '0x8040b74', '0x8040b7c', '0x8040b84', '0x8040b8c', '0x8040b94', '0x8040b9c', '0x8040ba4', '0x8040bac', '0x8040bb4', '0x8040bbc', '0x8040bc4', '0x8040bcc', '0x8040bd4', '0x8040bdc', '0x8040be4', '0x8040bec', '0x8040bf4', '0x8040bfc', '0x8040c04', '0x8040c0c', '0x8040c14', '0x8040c1c', '0x8040c24', '0x8040c2c', '0x8040c34', '0x8040c3c', '0x8040c44', '0x8040c4c', '0x8040c54', '0x8040c5c', '0x8040c64', '0x8040c6c', '0x8040c74', '0x8040c7c', '0x8040c84', '0x8040c8c', '0x8040c94', '0x8040c9c', '0x8040ca4', '0x8040cac', '0x8040cb4', '0x8040cbc', '0x8040cc4', '0x8040ccc']
type: cond
adj_instr: 0x8040cec
-----
 
Current node
start_addr: 0x8040cde
end_addr: 0x8040ce8
successors: ['0x8040cec', '0x80409ea']
parents: ['0x8040af4', '0x8040afc', '0x8040b04', '0x8040b0c', '0x8040b14', '0x8040b1c', '0x8040b24', '0x8040b2c', '0x8040b34', '0x8040b3c', '0x8040b44', '0x8040b4c', '0x8040b54', '0x8040b5c', '0x8040b64', '0x8040b6c', '0x8040b74', '0x8040b7c', '0x8040b84', '0x8040b8c', '0x8040b94', '0x8040b9c', '0x8040ba4', '0x8040bac', '0x8040bb4', '0x8040bbc', '0x8040bc4', '0x8040bcc', '0x8040bd4', '0x8040bdc', '0x8040be4', '0x8040bec', '0x8040bf4', '0x8040bfc', '0x8040c04', '0x8040c0c', '0x8040c14', '0x8040c1c', '0x8040c24', '0x8040c2c', '0x8040c34', '0x8040c3c', '0x8040c44', '0x8040c4c', '0x8040c54', '0x8040c5c', '0x8040c64', '0x8040c6c', '0x8040c74', '0x8040c7c', '0x8040c84', '0x8040c8c', '0x8040c94', '0x8040c9c', '0x8040ca4', '0x8040cac', '0x8040cb4', '0x8040cbc', '0x8040cc4', '0x8040ccc']
type: cond
adj_instr: 0x8040cec
log_idx: 41
log_node.dest_addr: 0x80409ea
 
Current node
start_addr: 0x80409ea
end_addr: 0x80409f2
successors: ['0x80409f6', '0x8040cd4']
parents: ['0x8040cd4', '0x8040ce4', '0x8040cde']
type: cond
adj_instr: 0x80409f6
log_idx: 42
log_node.dest_addr: 0x80409f6
 
Current node
start_addr: 0x80409f6
end_addr: 0x8040a00
successors: ['0x8040af4', '0x8040afc', '0x8040b04', '0x8040b0c', '0x8040b14', '0x8040b1c', '0x8040b24', '0x8040b2c', '0x8040b34', '0x8040b3c', '0x8040b44', '0x8040b4c', '0x8040b54', '0x8040b5c', '0x8040b64', '0x8040b6c', '0x8040b74', '0x8040b7c', '0x8040b84', '0x8040b8c', '0x8040b94', '0x8040b9c', '0x8040ba4', '0x8040bac', '0x8040bb4', '0x8040bbc', '0x8040bc4', '0x8040bcc', '0x8040bd4', '0x8040bdc', '0x8040be4', '0x8040bec', '0x8040bf4', '0x8040bfc', '0x8040c04', '0x8040c0c', '0x8040c14', '0x8040c1c', '0x8040c24', '0x8040c2c', '0x8040c34', '0x8040c3c', '0x8040c44', '0x8040c4c', '0x8040c54', '0x8040c5c', '0x8040c64', '0x8040c6c', '0x8040c74', '0x8040c7c', '0x8040c84', '0x8040c8c', '0x8040c94', '0x8040c9c', '0x8040ca4', '0x8040cac', '0x8040cb4', '0x8040cbc', '0x8040cc4', '0x8040ccc']
parents: ['0x80409ea']
type: uncond
adj_instr: 0x8040af4
log_idx: 43
log_node.dest_addr: 0x8040b0c
 
Current node
start_addr: 0x8040b0c
end_addr: 0x8040b12
successors: ['0x8040cde']
parents: ['0x80409f6']
type: uncond
adj_instr: 0x8040b14
log_idx: 44
log_node.dest_addr: 0x80409ea
-----
changed node
start_addr: 0x8040cde
end_addr: 0x8040ce8
successors: ['0x8040cec', '0x80409ea']
parents: ['0x8040af4', '0x8040afc', '0x8040b04', '0x8040b0c', '0x8040b14', '0x8040b1c', '0x8040b24', '0x8040b2c', '0x8040b34', '0x8040b3c', '0x8040b44', '0x8040b4c', '0x8040b54', '0x8040b5c', '0x8040b64', '0x8040b6c', '0x8040b74', '0x8040b7c', '0x8040b84', '0x8040b8c', '0x8040b94', '0x8040b9c', '0x8040ba4', '0x8040bac', '0x8040bb4', '0x8040bbc', '0x8040bc4', '0x8040bcc', '0x8040bd4', '0x8040bdc', '0x8040be4', '0x8040bec', '0x8040bf4', '0x8040bfc', '0x8040c04', '0x8040c0c', '0x8040c14', '0x8040c1c', '0x8040c24', '0x8040c2c', '0x8040c34', '0x8040c3c', '0x8040c44', '0x8040c4c', '0x8040c54', '0x8040c5c', '0x8040c64', '0x8040c6c', '0x8040c74', '0x8040c7c', '0x8040c84', '0x8040c8c', '0x8040c94', '0x8040c9c', '0x8040ca4', '0x8040cac', '0x8040cb4', '0x8040cbc', '0x8040cc4', '0x8040ccc']
type: cond
adj_instr: 0x8040cec
-----
 
Current node
start_addr: 0x8040cde
end_addr: 0x8040ce8
successors: ['0x8040cec', '0x80409ea']
parents: ['0x8040af4', '0x8040afc', '0x8040b04', '0x8040b0c', '0x8040b14', '0x8040b1c', '0x8040b24', '0x8040b2c', '0x8040b34', '0x8040b3c', '0x8040b44', '0x8040b4c', '0x8040b54', '0x8040b5c', '0x8040b64', '0x8040b6c', '0x8040b74', '0x8040b7c', '0x8040b84', '0x8040b8c', '0x8040b94', '0x8040b9c', '0x8040ba4', '0x8040bac', '0x8040bb4', '0x8040bbc', '0x8040bc4', '0x8040bcc', '0x8040bd4', '0x8040bdc', '0x8040be4', '0x8040bec', '0x8040bf4', '0x8040bfc', '0x8040c04', '0x8040c0c', '0x8040c14', '0x8040c1c', '0x8040c24', '0x8040c2c', '0x8040c34', '0x8040c3c', '0x8040c44', '0x8040c4c', '0x8040c54', '0x8040c5c', '0x8040c64', '0x8040c6c', '0x8040c74', '0x8040c7c', '0x8040c84', '0x8040c8c', '0x8040c94', '0x8040c9c', '0x8040ca4', '0x8040cac', '0x8040cb4', '0x8040cbc', '0x8040cc4', '0x8040ccc']
type: cond
adj_instr: 0x8040cec
log_idx: 44
log_node.dest_addr: 0x80409ea
 
Current node
start_addr: 0x80409ea
end_addr: 0x80409f2
successors: ['0x80409f6', '0x8040cd4']
parents: ['0x8040cd4', '0x8040ce4', '0x8040cde']
type: cond
adj_instr: 0x80409f6
log_idx: 45
log_node.dest_addr: 0x80409f6
 
Current node
start_addr: 0x80409f6
end_addr: 0x8040a00
successors: ['0x8040af4', '0x8040afc', '0x8040b04', '0x8040b0c', '0x8040b14', '0x8040b1c', '0x8040b24', '0x8040b2c', '0x8040b34', '0x8040b3c', '0x8040b44', '0x8040b4c', '0x8040b54', '0x8040b5c', '0x8040b64', '0x8040b6c', '0x8040b74', '0x8040b7c', '0x8040b84', '0x8040b8c', '0x8040b94', '0x8040b9c', '0x8040ba4', '0x8040bac', '0x8040bb4', '0x8040bbc', '0x8040bc4', '0x8040bcc', '0x8040bd4', '0x8040bdc', '0x8040be4', '0x8040bec', '0x8040bf4', '0x8040bfc', '0x8040c04', '0x8040c0c', '0x8040c14', '0x8040c1c', '0x8040c24', '0x8040c2c', '0x8040c34', '0x8040c3c', '0x8040c44', '0x8040c4c', '0x8040c54', '0x8040c5c', '0x8040c64', '0x8040c6c', '0x8040c74', '0x8040c7c', '0x8040c84', '0x8040c8c', '0x8040c94', '0x8040c9c', '0x8040ca4', '0x8040cac', '0x8040cb4', '0x8040cbc', '0x8040cc4', '0x8040ccc']
parents: ['0x80409ea']
type: uncond
adj_instr: 0x8040af4
log_idx: 46
log_node.dest_addr: 0x8040b14
 
Current node
start_addr: 0x8040b14
end_addr: 0x8040b1a
successors: ['0x8040cde']
parents: ['0x80409f6']
type: uncond
adj_instr: 0x8040b1c
log_idx: 47
log_node.dest_addr: 0x80409ea
-----
changed node
start_addr: 0x8040cde
end_addr: 0x8040ce8
successors: ['0x8040cec', '0x80409ea']
parents: ['0x8040af4', '0x8040afc', '0x8040b04', '0x8040b0c', '0x8040b14', '0x8040b1c', '0x8040b24', '0x8040b2c', '0x8040b34', '0x8040b3c', '0x8040b44', '0x8040b4c', '0x8040b54', '0x8040b5c', '0x8040b64', '0x8040b6c', '0x8040b74', '0x8040b7c', '0x8040b84', '0x8040b8c', '0x8040b94', '0x8040b9c', '0x8040ba4', '0x8040bac', '0x8040bb4', '0x8040bbc', '0x8040bc4', '0x8040bcc', '0x8040bd4', '0x8040bdc', '0x8040be4', '0x8040bec', '0x8040bf4', '0x8040bfc', '0x8040c04', '0x8040c0c', '0x8040c14', '0x8040c1c', '0x8040c24', '0x8040c2c', '0x8040c34', '0x8040c3c', '0x8040c44', '0x8040c4c', '0x8040c54', '0x8040c5c', '0x8040c64', '0x8040c6c', '0x8040c74', '0x8040c7c', '0x8040c84', '0x8040c8c', '0x8040c94', '0x8040c9c', '0x8040ca4', '0x8040cac', '0x8040cb4', '0x8040cbc', '0x8040cc4', '0x8040ccc']
type: cond
adj_instr: 0x8040cec
-----
 
Current node
start_addr: 0x8040cde
end_addr: 0x8040ce8
successors: ['0x8040cec', '0x80409ea']
parents: ['0x8040af4', '0x8040afc', '0x8040b04', '0x8040b0c', '0x8040b14', '0x8040b1c', '0x8040b24', '0x8040b2c', '0x8040b34', '0x8040b3c', '0x8040b44', '0x8040b4c', '0x8040b54', '0x8040b5c', '0x8040b64', '0x8040b6c', '0x8040b74', '0x8040b7c', '0x8040b84', '0x8040b8c', '0x8040b94', '0x8040b9c', '0x8040ba4', '0x8040bac', '0x8040bb4', '0x8040bbc', '0x8040bc4', '0x8040bcc', '0x8040bd4', '0x8040bdc', '0x8040be4', '0x8040bec', '0x8040bf4', '0x8040bfc', '0x8040c04', '0x8040c0c', '0x8040c14', '0x8040c1c', '0x8040c24', '0x8040c2c', '0x8040c34', '0x8040c3c', '0x8040c44', '0x8040c4c', '0x8040c54', '0x8040c5c', '0x8040c64', '0x8040c6c', '0x8040c74', '0x8040c7c', '0x8040c84', '0x8040c8c', '0x8040c94', '0x8040c9c', '0x8040ca4', '0x8040cac', '0x8040cb4', '0x8040cbc', '0x8040cc4', '0x8040ccc']
type: cond
adj_instr: 0x8040cec
log_idx: 47
log_node.dest_addr: 0x80409ea
 
Current node
start_addr: 0x80409ea
end_addr: 0x80409f2
successors: ['0x80409f6', '0x8040cd4']
parents: ['0x8040cd4', '0x8040ce4', '0x8040cde']
type: cond
adj_instr: 0x80409f6
log_idx: 48
log_node.dest_addr: 0x80409f6
 
Current node
start_addr: 0x80409f6
end_addr: 0x8040a00
successors: ['0x8040af4', '0x8040afc', '0x8040b04', '0x8040b0c', '0x8040b14', '0x8040b1c', '0x8040b24', '0x8040b2c', '0x8040b34', '0x8040b3c', '0x8040b44', '0x8040b4c', '0x8040b54', '0x8040b5c', '0x8040b64', '0x8040b6c', '0x8040b74', '0x8040b7c', '0x8040b84', '0x8040b8c', '0x8040b94', '0x8040b9c', '0x8040ba4', '0x8040bac', '0x8040bb4', '0x8040bbc', '0x8040bc4', '0x8040bcc', '0x8040bd4', '0x8040bdc', '0x8040be4', '0x8040bec', '0x8040bf4', '0x8040bfc', '0x8040c04', '0x8040c0c', '0x8040c14', '0x8040c1c', '0x8040c24', '0x8040c2c', '0x8040c34', '0x8040c3c', '0x8040c44', '0x8040c4c', '0x8040c54', '0x8040c5c', '0x8040c64', '0x8040c6c', '0x8040c74', '0x8040c7c', '0x8040c84', '0x8040c8c', '0x8040c94', '0x8040c9c', '0x8040ca4', '0x8040cac', '0x8040cb4', '0x8040cbc', '0x8040cc4', '0x8040ccc']
parents: ['0x80409ea']
type: uncond
adj_instr: 0x8040af4
log_idx: 49
log_node.dest_addr: 0x8040b1c
 
Current node
start_addr: 0x8040b1c
end_addr: 0x8040b22
successors: ['0x8040cde']
parents: ['0x80409f6']
type: uncond
adj_instr: 0x8040b24
log_idx: 50
log_node.dest_addr: 0x80409ea
-----
changed node
start_addr: 0x8040cde
end_addr: 0x8040ce8
successors: ['0x8040cec', '0x80409ea']
parents: ['0x8040af4', '0x8040afc', '0x8040b04', '0x8040b0c', '0x8040b14', '0x8040b1c', '0x8040b24', '0x8040b2c', '0x8040b34', '0x8040b3c', '0x8040b44', '0x8040b4c', '0x8040b54', '0x8040b5c', '0x8040b64', '0x8040b6c', '0x8040b74', '0x8040b7c', '0x8040b84', '0x8040b8c', '0x8040b94', '0x8040b9c', '0x8040ba4', '0x8040bac', '0x8040bb4', '0x8040bbc', '0x8040bc4', '0x8040bcc', '0x8040bd4', '0x8040bdc', '0x8040be4', '0x8040bec', '0x8040bf4', '0x8040bfc', '0x8040c04', '0x8040c0c', '0x8040c14', '0x8040c1c', '0x8040c24', '0x8040c2c', '0x8040c34', '0x8040c3c', '0x8040c44', '0x8040c4c', '0x8040c54', '0x8040c5c', '0x8040c64', '0x8040c6c', '0x8040c74', '0x8040c7c', '0x8040c84', '0x8040c8c', '0x8040c94', '0x8040c9c', '0x8040ca4', '0x8040cac', '0x8040cb4', '0x8040cbc', '0x8040cc4', '0x8040ccc']
type: cond
adj_instr: 0x8040cec
-----
 
Current node
start_addr: 0x8040cde
end_addr: 0x8040ce8
successors: ['0x8040cec', '0x80409ea']
parents: ['0x8040af4', '0x8040afc', '0x8040b04', '0x8040b0c', '0x8040b14', '0x8040b1c', '0x8040b24', '0x8040b2c', '0x8040b34', '0x8040b3c', '0x8040b44', '0x8040b4c', '0x8040b54', '0x8040b5c', '0x8040b64', '0x8040b6c', '0x8040b74', '0x8040b7c', '0x8040b84', '0x8040b8c', '0x8040b94', '0x8040b9c', '0x8040ba4', '0x8040bac', '0x8040bb4', '0x8040bbc', '0x8040bc4', '0x8040bcc', '0x8040bd4', '0x8040bdc', '0x8040be4', '0x8040bec', '0x8040bf4', '0x8040bfc', '0x8040c04', '0x8040c0c', '0x8040c14', '0x8040c1c', '0x8040c24', '0x8040c2c', '0x8040c34', '0x8040c3c', '0x8040c44', '0x8040c4c', '0x8040c54', '0x8040c5c', '0x8040c64', '0x8040c6c', '0x8040c74', '0x8040c7c', '0x8040c84', '0x8040c8c', '0x8040c94', '0x8040c9c', '0x8040ca4', '0x8040cac', '0x8040cb4', '0x8040cbc', '0x8040cc4', '0x8040ccc']
type: cond
adj_instr: 0x8040cec
log_idx: 50
log_node.dest_addr: 0x80409ea
 
Current node
start_addr: 0x80409ea
end_addr: 0x80409f2
successors: ['0x80409f6', '0x8040cd4']
parents: ['0x8040cd4', '0x8040ce4', '0x8040cde']
type: cond
adj_instr: 0x80409f6
log_idx: 51
log_node.dest_addr: 0x80409f6
 
Current node
start_addr: 0x80409f6
end_addr: 0x8040a00
successors: ['0x8040af4', '0x8040afc', '0x8040b04', '0x8040b0c', '0x8040b14', '0x8040b1c', '0x8040b24', '0x8040b2c', '0x8040b34', '0x8040b3c', '0x8040b44', '0x8040b4c', '0x8040b54', '0x8040b5c', '0x8040b64', '0x8040b6c', '0x8040b74', '0x8040b7c', '0x8040b84', '0x8040b8c', '0x8040b94', '0x8040b9c', '0x8040ba4', '0x8040bac', '0x8040bb4', '0x8040bbc', '0x8040bc4', '0x8040bcc', '0x8040bd4', '0x8040bdc', '0x8040be4', '0x8040bec', '0x8040bf4', '0x8040bfc', '0x8040c04', '0x8040c0c', '0x8040c14', '0x8040c1c', '0x8040c24', '0x8040c2c', '0x8040c34', '0x8040c3c', '0x8040c44', '0x8040c4c', '0x8040c54', '0x8040c5c', '0x8040c64', '0x8040c6c', '0x8040c74', '0x8040c7c', '0x8040c84', '0x8040c8c', '0x8040c94', '0x8040c9c', '0x8040ca4', '0x8040cac', '0x8040cb4', '0x8040cbc', '0x8040cc4', '0x8040ccc']
parents: ['0x80409ea']
type: uncond
adj_instr: 0x8040af4
log_idx: 52
log_node.dest_addr: 0x8040b24
 
Current node
start_addr: 0x8040b24
end_addr: 0x8040b2a
successors: ['0x8040cde']
parents: ['0x80409f6']
type: uncond
adj_instr: 0x8040b2c
log_idx: 53
log_node.dest_addr: 0x80409ea
-----
changed node
start_addr: 0x8040cde
end_addr: 0x8040ce8
successors: ['0x8040cec', '0x80409ea']
parents: ['0x8040af4', '0x8040afc', '0x8040b04', '0x8040b0c', '0x8040b14', '0x8040b1c', '0x8040b24', '0x8040b2c', '0x8040b34', '0x8040b3c', '0x8040b44', '0x8040b4c', '0x8040b54', '0x8040b5c', '0x8040b64', '0x8040b6c', '0x8040b74', '0x8040b7c', '0x8040b84', '0x8040b8c', '0x8040b94', '0x8040b9c', '0x8040ba4', '0x8040bac', '0x8040bb4', '0x8040bbc', '0x8040bc4', '0x8040bcc', '0x8040bd4', '0x8040bdc', '0x8040be4', '0x8040bec', '0x8040bf4', '0x8040bfc', '0x8040c04', '0x8040c0c', '0x8040c14', '0x8040c1c', '0x8040c24', '0x8040c2c', '0x8040c34', '0x8040c3c', '0x8040c44', '0x8040c4c', '0x8040c54', '0x8040c5c', '0x8040c64', '0x8040c6c', '0x8040c74', '0x8040c7c', '0x8040c84', '0x8040c8c', '0x8040c94', '0x8040c9c', '0x8040ca4', '0x8040cac', '0x8040cb4', '0x8040cbc', '0x8040cc4', '0x8040ccc']
type: cond
adj_instr: 0x8040cec
-----
 
Current node
start_addr: 0x8040cde
end_addr: 0x8040ce8
successors: ['0x8040cec', '0x80409ea']
parents: ['0x8040af4', '0x8040afc', '0x8040b04', '0x8040b0c', '0x8040b14', '0x8040b1c', '0x8040b24', '0x8040b2c', '0x8040b34', '0x8040b3c', '0x8040b44', '0x8040b4c', '0x8040b54', '0x8040b5c', '0x8040b64', '0x8040b6c', '0x8040b74', '0x8040b7c', '0x8040b84', '0x8040b8c', '0x8040b94', '0x8040b9c', '0x8040ba4', '0x8040bac', '0x8040bb4', '0x8040bbc', '0x8040bc4', '0x8040bcc', '0x8040bd4', '0x8040bdc', '0x8040be4', '0x8040bec', '0x8040bf4', '0x8040bfc', '0x8040c04', '0x8040c0c', '0x8040c14', '0x8040c1c', '0x8040c24', '0x8040c2c', '0x8040c34', '0x8040c3c', '0x8040c44', '0x8040c4c', '0x8040c54', '0x8040c5c', '0x8040c64', '0x8040c6c', '0x8040c74', '0x8040c7c', '0x8040c84', '0x8040c8c', '0x8040c94', '0x8040c9c', '0x8040ca4', '0x8040cac', '0x8040cb4', '0x8040cbc', '0x8040cc4', '0x8040ccc']
type: cond
adj_instr: 0x8040cec
log_idx: 53
log_node.dest_addr: 0x80409ea
 
Current node
start_addr: 0x80409ea
end_addr: 0x80409f2
successors: ['0x80409f6', '0x8040cd4']
parents: ['0x8040cd4', '0x8040ce4', '0x8040cde']
type: cond
adj_instr: 0x80409f6
log_idx: 54
log_node.dest_addr: 0x80409f6
 
Current node
start_addr: 0x80409f6
end_addr: 0x8040a00
successors: ['0x8040af4', '0x8040afc', '0x8040b04', '0x8040b0c', '0x8040b14', '0x8040b1c', '0x8040b24', '0x8040b2c', '0x8040b34', '0x8040b3c', '0x8040b44', '0x8040b4c', '0x8040b54', '0x8040b5c', '0x8040b64', '0x8040b6c', '0x8040b74', '0x8040b7c', '0x8040b84', '0x8040b8c', '0x8040b94', '0x8040b9c', '0x8040ba4', '0x8040bac', '0x8040bb4', '0x8040bbc', '0x8040bc4', '0x8040bcc', '0x8040bd4', '0x8040bdc', '0x8040be4', '0x8040bec', '0x8040bf4', '0x8040bfc', '0x8040c04', '0x8040c0c', '0x8040c14', '0x8040c1c', '0x8040c24', '0x8040c2c', '0x8040c34', '0x8040c3c', '0x8040c44', '0x8040c4c', '0x8040c54', '0x8040c5c', '0x8040c64', '0x8040c6c', '0x8040c74', '0x8040c7c', '0x8040c84', '0x8040c8c', '0x8040c94', '0x8040c9c', '0x8040ca4', '0x8040cac', '0x8040cb4', '0x8040cbc', '0x8040cc4', '0x8040ccc']
parents: ['0x80409ea']
type: uncond
adj_instr: 0x8040af4
log_idx: 55
log_node.dest_addr: 0x8040b2c
 
Current node
start_addr: 0x8040b2c
end_addr: 0x8040b32
successors: ['0x8040cde']
parents: ['0x80409f6']
type: uncond
adj_instr: 0x8040b34
log_idx: 56
log_node.dest_addr: 0x80409ea
-----
changed node
start_addr: 0x8040cde
end_addr: 0x8040ce8
successors: ['0x8040cec', '0x80409ea']
parents: ['0x8040af4', '0x8040afc', '0x8040b04', '0x8040b0c', '0x8040b14', '0x8040b1c', '0x8040b24', '0x8040b2c', '0x8040b34', '0x8040b3c', '0x8040b44', '0x8040b4c', '0x8040b54', '0x8040b5c', '0x8040b64', '0x8040b6c', '0x8040b74', '0x8040b7c', '0x8040b84', '0x8040b8c', '0x8040b94', '0x8040b9c', '0x8040ba4', '0x8040bac', '0x8040bb4', '0x8040bbc', '0x8040bc4', '0x8040bcc', '0x8040bd4', '0x8040bdc', '0x8040be4', '0x8040bec', '0x8040bf4', '0x8040bfc', '0x8040c04', '0x8040c0c', '0x8040c14', '0x8040c1c', '0x8040c24', '0x8040c2c', '0x8040c34', '0x8040c3c', '0x8040c44', '0x8040c4c', '0x8040c54', '0x8040c5c', '0x8040c64', '0x8040c6c', '0x8040c74', '0x8040c7c', '0x8040c84', '0x8040c8c', '0x8040c94', '0x8040c9c', '0x8040ca4', '0x8040cac', '0x8040cb4', '0x8040cbc', '0x8040cc4', '0x8040ccc']
type: cond
adj_instr: 0x8040cec
-----
 
Current node
start_addr: 0x8040cde
end_addr: 0x8040ce8
successors: ['0x8040cec', '0x80409ea']
parents: ['0x8040af4', '0x8040afc', '0x8040b04', '0x8040b0c', '0x8040b14', '0x8040b1c', '0x8040b24', '0x8040b2c', '0x8040b34', '0x8040b3c', '0x8040b44', '0x8040b4c', '0x8040b54', '0x8040b5c', '0x8040b64', '0x8040b6c', '0x8040b74', '0x8040b7c', '0x8040b84', '0x8040b8c', '0x8040b94', '0x8040b9c', '0x8040ba4', '0x8040bac', '0x8040bb4', '0x8040bbc', '0x8040bc4', '0x8040bcc', '0x8040bd4', '0x8040bdc', '0x8040be4', '0x8040bec', '0x8040bf4', '0x8040bfc', '0x8040c04', '0x8040c0c', '0x8040c14', '0x8040c1c', '0x8040c24', '0x8040c2c', '0x8040c34', '0x8040c3c', '0x8040c44', '0x8040c4c', '0x8040c54', '0x8040c5c', '0x8040c64', '0x8040c6c', '0x8040c74', '0x8040c7c', '0x8040c84', '0x8040c8c', '0x8040c94', '0x8040c9c', '0x8040ca4', '0x8040cac', '0x8040cb4', '0x8040cbc', '0x8040cc4', '0x8040ccc']
type: cond
adj_instr: 0x8040cec
log_idx: 56
log_node.dest_addr: 0x80409ea
 
Current node
start_addr: 0x80409ea
end_addr: 0x80409f2
successors: ['0x80409f6', '0x8040cd4']
parents: ['0x8040cd4', '0x8040ce4', '0x8040cde']
type: cond
adj_instr: 0x80409f6
log_idx: 57
log_node.dest_addr: 0x80409f6
 
Current node
start_addr: 0x80409f6
end_addr: 0x8040a00
successors: ['0x8040af4', '0x8040afc', '0x8040b04', '0x8040b0c', '0x8040b14', '0x8040b1c', '0x8040b24', '0x8040b2c', '0x8040b34', '0x8040b3c', '0x8040b44', '0x8040b4c', '0x8040b54', '0x8040b5c', '0x8040b64', '0x8040b6c', '0x8040b74', '0x8040b7c', '0x8040b84', '0x8040b8c', '0x8040b94', '0x8040b9c', '0x8040ba4', '0x8040bac', '0x8040bb4', '0x8040bbc', '0x8040bc4', '0x8040bcc', '0x8040bd4', '0x8040bdc', '0x8040be4', '0x8040bec', '0x8040bf4', '0x8040bfc', '0x8040c04', '0x8040c0c', '0x8040c14', '0x8040c1c', '0x8040c24', '0x8040c2c', '0x8040c34', '0x8040c3c', '0x8040c44', '0x8040c4c', '0x8040c54', '0x8040c5c', '0x8040c64', '0x8040c6c', '0x8040c74', '0x8040c7c', '0x8040c84', '0x8040c8c', '0x8040c94', '0x8040c9c', '0x8040ca4', '0x8040cac', '0x8040cb4', '0x8040cbc', '0x8040cc4', '0x8040ccc']
parents: ['0x80409ea']
type: uncond
adj_instr: 0x8040af4
log_idx: 58
log_node.dest_addr: 0x8040b34
 
Current node
start_addr: 0x8040b34
end_addr: 0x8040b3a
successors: ['0x8040cde']
parents: ['0x80409f6']
type: uncond
adj_instr: 0x8040b3c
log_idx: 59
log_node.dest_addr: 0x80409ea
-----
changed node
start_addr: 0x8040cde
end_addr: 0x8040ce8
successors: ['0x8040cec', '0x80409ea']
parents: ['0x8040af4', '0x8040afc', '0x8040b04', '0x8040b0c', '0x8040b14', '0x8040b1c', '0x8040b24', '0x8040b2c', '0x8040b34', '0x8040b3c', '0x8040b44', '0x8040b4c', '0x8040b54', '0x8040b5c', '0x8040b64', '0x8040b6c', '0x8040b74', '0x8040b7c', '0x8040b84', '0x8040b8c', '0x8040b94', '0x8040b9c', '0x8040ba4', '0x8040bac', '0x8040bb4', '0x8040bbc', '0x8040bc4', '0x8040bcc', '0x8040bd4', '0x8040bdc', '0x8040be4', '0x8040bec', '0x8040bf4', '0x8040bfc', '0x8040c04', '0x8040c0c', '0x8040c14', '0x8040c1c', '0x8040c24', '0x8040c2c', '0x8040c34', '0x8040c3c', '0x8040c44', '0x8040c4c', '0x8040c54', '0x8040c5c', '0x8040c64', '0x8040c6c', '0x8040c74', '0x8040c7c', '0x8040c84', '0x8040c8c', '0x8040c94', '0x8040c9c', '0x8040ca4', '0x8040cac', '0x8040cb4', '0x8040cbc', '0x8040cc4', '0x8040ccc']
type: cond
adj_instr: 0x8040cec
-----
 
Current node
start_addr: 0x8040cde
end_addr: 0x8040ce8
successors: ['0x8040cec', '0x80409ea']
parents: ['0x8040af4', '0x8040afc', '0x8040b04', '0x8040b0c', '0x8040b14', '0x8040b1c', '0x8040b24', '0x8040b2c', '0x8040b34', '0x8040b3c', '0x8040b44', '0x8040b4c', '0x8040b54', '0x8040b5c', '0x8040b64', '0x8040b6c', '0x8040b74', '0x8040b7c', '0x8040b84', '0x8040b8c', '0x8040b94', '0x8040b9c', '0x8040ba4', '0x8040bac', '0x8040bb4', '0x8040bbc', '0x8040bc4', '0x8040bcc', '0x8040bd4', '0x8040bdc', '0x8040be4', '0x8040bec', '0x8040bf4', '0x8040bfc', '0x8040c04', '0x8040c0c', '0x8040c14', '0x8040c1c', '0x8040c24', '0x8040c2c', '0x8040c34', '0x8040c3c', '0x8040c44', '0x8040c4c', '0x8040c54', '0x8040c5c', '0x8040c64', '0x8040c6c', '0x8040c74', '0x8040c7c', '0x8040c84', '0x8040c8c', '0x8040c94', '0x8040c9c', '0x8040ca4', '0x8040cac', '0x8040cb4', '0x8040cbc', '0x8040cc4', '0x8040ccc']
type: cond
adj_instr: 0x8040cec
log_idx: 59
log_node.dest_addr: 0x80409ea
 
Current node
start_addr: 0x80409ea
end_addr: 0x80409f2
successors: ['0x80409f6', '0x8040cd4']
parents: ['0x8040cd4', '0x8040ce4', '0x8040cde']
type: cond
adj_instr: 0x80409f6
log_idx: 60
log_node.dest_addr: 0x80409f6
 
Current node
start_addr: 0x80409f6
end_addr: 0x8040a00
successors: ['0x8040af4', '0x8040afc', '0x8040b04', '0x8040b0c', '0x8040b14', '0x8040b1c', '0x8040b24', '0x8040b2c', '0x8040b34', '0x8040b3c', '0x8040b44', '0x8040b4c', '0x8040b54', '0x8040b5c', '0x8040b64', '0x8040b6c', '0x8040b74', '0x8040b7c', '0x8040b84', '0x8040b8c', '0x8040b94', '0x8040b9c', '0x8040ba4', '0x8040bac', '0x8040bb4', '0x8040bbc', '0x8040bc4', '0x8040bcc', '0x8040bd4', '0x8040bdc', '0x8040be4', '0x8040bec', '0x8040bf4', '0x8040bfc', '0x8040c04', '0x8040c0c', '0x8040c14', '0x8040c1c', '0x8040c24', '0x8040c2c', '0x8040c34', '0x8040c3c', '0x8040c44', '0x8040c4c', '0x8040c54', '0x8040c5c', '0x8040c64', '0x8040c6c', '0x8040c74', '0x8040c7c', '0x8040c84', '0x8040c8c', '0x8040c94', '0x8040c9c', '0x8040ca4', '0x8040cac', '0x8040cb4', '0x8040cbc', '0x8040cc4', '0x8040ccc']
parents: ['0x80409ea']
type: uncond
adj_instr: 0x8040af4
log_idx: 61
log_node.dest_addr: 0x8040b3c
 
Current node
start_addr: 0x8040b3c
end_addr: 0x8040b42
successors: ['0x8040cde']
parents: ['0x80409f6']
type: uncond
adj_instr: 0x8040b44
log_idx: 62
log_node.dest_addr: 0x80409ea
-----
changed node
start_addr: 0x8040cde
end_addr: 0x8040ce8
successors: ['0x8040cec', '0x80409ea']
parents: ['0x8040af4', '0x8040afc', '0x8040b04', '0x8040b0c', '0x8040b14', '0x8040b1c', '0x8040b24', '0x8040b2c', '0x8040b34', '0x8040b3c', '0x8040b44', '0x8040b4c', '0x8040b54', '0x8040b5c', '0x8040b64', '0x8040b6c', '0x8040b74', '0x8040b7c', '0x8040b84', '0x8040b8c', '0x8040b94', '0x8040b9c', '0x8040ba4', '0x8040bac', '0x8040bb4', '0x8040bbc', '0x8040bc4', '0x8040bcc', '0x8040bd4', '0x8040bdc', '0x8040be4', '0x8040bec', '0x8040bf4', '0x8040bfc', '0x8040c04', '0x8040c0c', '0x8040c14', '0x8040c1c', '0x8040c24', '0x8040c2c', '0x8040c34', '0x8040c3c', '0x8040c44', '0x8040c4c', '0x8040c54', '0x8040c5c', '0x8040c64', '0x8040c6c', '0x8040c74', '0x8040c7c', '0x8040c84', '0x8040c8c', '0x8040c94', '0x8040c9c', '0x8040ca4', '0x8040cac', '0x8040cb4', '0x8040cbc', '0x8040cc4', '0x8040ccc']
type: cond
adj_instr: 0x8040cec
-----
 
Current node
start_addr: 0x8040cde
end_addr: 0x8040ce8
successors: ['0x8040cec', '0x80409ea']
parents: ['0x8040af4', '0x8040afc', '0x8040b04', '0x8040b0c', '0x8040b14', '0x8040b1c', '0x8040b24', '0x8040b2c', '0x8040b34', '0x8040b3c', '0x8040b44', '0x8040b4c', '0x8040b54', '0x8040b5c', '0x8040b64', '0x8040b6c', '0x8040b74', '0x8040b7c', '0x8040b84', '0x8040b8c', '0x8040b94', '0x8040b9c', '0x8040ba4', '0x8040bac', '0x8040bb4', '0x8040bbc', '0x8040bc4', '0x8040bcc', '0x8040bd4', '0x8040bdc', '0x8040be4', '0x8040bec', '0x8040bf4', '0x8040bfc', '0x8040c04', '0x8040c0c', '0x8040c14', '0x8040c1c', '0x8040c24', '0x8040c2c', '0x8040c34', '0x8040c3c', '0x8040c44', '0x8040c4c', '0x8040c54', '0x8040c5c', '0x8040c64', '0x8040c6c', '0x8040c74', '0x8040c7c', '0x8040c84', '0x8040c8c', '0x8040c94', '0x8040c9c', '0x8040ca4', '0x8040cac', '0x8040cb4', '0x8040cbc', '0x8040cc4', '0x8040ccc']
type: cond
adj_instr: 0x8040cec
log_idx: 62
log_node.dest_addr: 0x80409ea
 
Current node
start_addr: 0x80409ea
end_addr: 0x80409f2
successors: ['0x80409f6', '0x8040cd4']
parents: ['0x8040cd4', '0x8040ce4', '0x8040cde']
type: cond
adj_instr: 0x80409f6
log_idx: 63
log_node.dest_addr: 0x80409f6
 
Current node
start_addr: 0x80409f6
end_addr: 0x8040a00
successors: ['0x8040af4', '0x8040afc', '0x8040b04', '0x8040b0c', '0x8040b14', '0x8040b1c', '0x8040b24', '0x8040b2c', '0x8040b34', '0x8040b3c', '0x8040b44', '0x8040b4c', '0x8040b54', '0x8040b5c', '0x8040b64', '0x8040b6c', '0x8040b74', '0x8040b7c', '0x8040b84', '0x8040b8c', '0x8040b94', '0x8040b9c', '0x8040ba4', '0x8040bac', '0x8040bb4', '0x8040bbc', '0x8040bc4', '0x8040bcc', '0x8040bd4', '0x8040bdc', '0x8040be4', '0x8040bec', '0x8040bf4', '0x8040bfc', '0x8040c04', '0x8040c0c', '0x8040c14', '0x8040c1c', '0x8040c24', '0x8040c2c', '0x8040c34', '0x8040c3c', '0x8040c44', '0x8040c4c', '0x8040c54', '0x8040c5c', '0x8040c64', '0x8040c6c', '0x8040c74', '0x8040c7c', '0x8040c84', '0x8040c8c', '0x8040c94', '0x8040c9c', '0x8040ca4', '0x8040cac', '0x8040cb4', '0x8040cbc', '0x8040cc4', '0x8040ccc']
parents: ['0x80409ea']
type: uncond
adj_instr: 0x8040af4
log_idx: 64
log_node.dest_addr: 0x8040b44
 
Current node
start_addr: 0x8040b44
end_addr: 0x8040b4a
successors: ['0x8040cde']
parents: ['0x80409f6']
type: uncond
adj_instr: 0x8040b4c
log_idx: 65
log_node.dest_addr: 0x80409ea
-----
changed node
start_addr: 0x8040cde
end_addr: 0x8040ce8
successors: ['0x8040cec', '0x80409ea']
parents: ['0x8040af4', '0x8040afc', '0x8040b04', '0x8040b0c', '0x8040b14', '0x8040b1c', '0x8040b24', '0x8040b2c', '0x8040b34', '0x8040b3c', '0x8040b44', '0x8040b4c', '0x8040b54', '0x8040b5c', '0x8040b64', '0x8040b6c', '0x8040b74', '0x8040b7c', '0x8040b84', '0x8040b8c', '0x8040b94', '0x8040b9c', '0x8040ba4', '0x8040bac', '0x8040bb4', '0x8040bbc', '0x8040bc4', '0x8040bcc', '0x8040bd4', '0x8040bdc', '0x8040be4', '0x8040bec', '0x8040bf4', '0x8040bfc', '0x8040c04', '0x8040c0c', '0x8040c14', '0x8040c1c', '0x8040c24', '0x8040c2c', '0x8040c34', '0x8040c3c', '0x8040c44', '0x8040c4c', '0x8040c54', '0x8040c5c', '0x8040c64', '0x8040c6c', '0x8040c74', '0x8040c7c', '0x8040c84', '0x8040c8c', '0x8040c94', '0x8040c9c', '0x8040ca4', '0x8040cac', '0x8040cb4', '0x8040cbc', '0x8040cc4', '0x8040ccc']
type: cond
adj_instr: 0x8040cec
-----
 
Current node
start_addr: 0x8040cde
end_addr: 0x8040ce8
successors: ['0x8040cec', '0x80409ea']
parents: ['0x8040af4', '0x8040afc', '0x8040b04', '0x8040b0c', '0x8040b14', '0x8040b1c', '0x8040b24', '0x8040b2c', '0x8040b34', '0x8040b3c', '0x8040b44', '0x8040b4c', '0x8040b54', '0x8040b5c', '0x8040b64', '0x8040b6c', '0x8040b74', '0x8040b7c', '0x8040b84', '0x8040b8c', '0x8040b94', '0x8040b9c', '0x8040ba4', '0x8040bac', '0x8040bb4', '0x8040bbc', '0x8040bc4', '0x8040bcc', '0x8040bd4', '0x8040bdc', '0x8040be4', '0x8040bec', '0x8040bf4', '0x8040bfc', '0x8040c04', '0x8040c0c', '0x8040c14', '0x8040c1c', '0x8040c24', '0x8040c2c', '0x8040c34', '0x8040c3c', '0x8040c44', '0x8040c4c', '0x8040c54', '0x8040c5c', '0x8040c64', '0x8040c6c', '0x8040c74', '0x8040c7c', '0x8040c84', '0x8040c8c', '0x8040c94', '0x8040c9c', '0x8040ca4', '0x8040cac', '0x8040cb4', '0x8040cbc', '0x8040cc4', '0x8040ccc']
type: cond
adj_instr: 0x8040cec
log_idx: 65
log_node.dest_addr: 0x80409ea
 
Current node
start_addr: 0x80409ea
end_addr: 0x80409f2
successors: ['0x80409f6', '0x8040cd4']
parents: ['0x8040cd4', '0x8040ce4', '0x8040cde']
type: cond
adj_instr: 0x80409f6
log_idx: 66
log_node.dest_addr: 0x80409f6
 
Current node
start_addr: 0x80409f6
end_addr: 0x8040a00
successors: ['0x8040af4', '0x8040afc', '0x8040b04', '0x8040b0c', '0x8040b14', '0x8040b1c', '0x8040b24', '0x8040b2c', '0x8040b34', '0x8040b3c', '0x8040b44', '0x8040b4c', '0x8040b54', '0x8040b5c', '0x8040b64', '0x8040b6c', '0x8040b74', '0x8040b7c', '0x8040b84', '0x8040b8c', '0x8040b94', '0x8040b9c', '0x8040ba4', '0x8040bac', '0x8040bb4', '0x8040bbc', '0x8040bc4', '0x8040bcc', '0x8040bd4', '0x8040bdc', '0x8040be4', '0x8040bec', '0x8040bf4', '0x8040bfc', '0x8040c04', '0x8040c0c', '0x8040c14', '0x8040c1c', '0x8040c24', '0x8040c2c', '0x8040c34', '0x8040c3c', '0x8040c44', '0x8040c4c', '0x8040c54', '0x8040c5c', '0x8040c64', '0x8040c6c', '0x8040c74', '0x8040c7c', '0x8040c84', '0x8040c8c', '0x8040c94', '0x8040c9c', '0x8040ca4', '0x8040cac', '0x8040cb4', '0x8040cbc', '0x8040cc4', '0x8040ccc']
parents: ['0x80409ea']
type: uncond
adj_instr: 0x8040af4
log_idx: 67
log_node.dest_addr: 0x8040b4c
 
Current node
start_addr: 0x8040b4c
end_addr: 0x8040b52
successors: ['0x8040cde']
parents: ['0x80409f6']
type: uncond
adj_instr: 0x8040b54
log_idx: 68
log_node.dest_addr: 0x80409ea
-----
changed node
start_addr: 0x8040cde
end_addr: 0x8040ce8
successors: ['0x8040cec', '0x80409ea']
parents: ['0x8040af4', '0x8040afc', '0x8040b04', '0x8040b0c', '0x8040b14', '0x8040b1c', '0x8040b24', '0x8040b2c', '0x8040b34', '0x8040b3c', '0x8040b44', '0x8040b4c', '0x8040b54', '0x8040b5c', '0x8040b64', '0x8040b6c', '0x8040b74', '0x8040b7c', '0x8040b84', '0x8040b8c', '0x8040b94', '0x8040b9c', '0x8040ba4', '0x8040bac', '0x8040bb4', '0x8040bbc', '0x8040bc4', '0x8040bcc', '0x8040bd4', '0x8040bdc', '0x8040be4', '0x8040bec', '0x8040bf4', '0x8040bfc', '0x8040c04', '0x8040c0c', '0x8040c14', '0x8040c1c', '0x8040c24', '0x8040c2c', '0x8040c34', '0x8040c3c', '0x8040c44', '0x8040c4c', '0x8040c54', '0x8040c5c', '0x8040c64', '0x8040c6c', '0x8040c74', '0x8040c7c', '0x8040c84', '0x8040c8c', '0x8040c94', '0x8040c9c', '0x8040ca4', '0x8040cac', '0x8040cb4', '0x8040cbc', '0x8040cc4', '0x8040ccc']
type: cond
adj_instr: 0x8040cec
-----
 
Current node
start_addr: 0x8040cde
end_addr: 0x8040ce8
successors: ['0x8040cec', '0x80409ea']
parents: ['0x8040af4', '0x8040afc', '0x8040b04', '0x8040b0c', '0x8040b14', '0x8040b1c', '0x8040b24', '0x8040b2c', '0x8040b34', '0x8040b3c', '0x8040b44', '0x8040b4c', '0x8040b54', '0x8040b5c', '0x8040b64', '0x8040b6c', '0x8040b74', '0x8040b7c', '0x8040b84', '0x8040b8c', '0x8040b94', '0x8040b9c', '0x8040ba4', '0x8040bac', '0x8040bb4', '0x8040bbc', '0x8040bc4', '0x8040bcc', '0x8040bd4', '0x8040bdc', '0x8040be4', '0x8040bec', '0x8040bf4', '0x8040bfc', '0x8040c04', '0x8040c0c', '0x8040c14', '0x8040c1c', '0x8040c24', '0x8040c2c', '0x8040c34', '0x8040c3c', '0x8040c44', '0x8040c4c', '0x8040c54', '0x8040c5c', '0x8040c64', '0x8040c6c', '0x8040c74', '0x8040c7c', '0x8040c84', '0x8040c8c', '0x8040c94', '0x8040c9c', '0x8040ca4', '0x8040cac', '0x8040cb4', '0x8040cbc', '0x8040cc4', '0x8040ccc']
type: cond
adj_instr: 0x8040cec
log_idx: 68
log_node.dest_addr: 0x80409ea
 
Current node
start_addr: 0x80409ea
end_addr: 0x80409f2
successors: ['0x80409f6', '0x8040cd4']
parents: ['0x8040cd4', '0x8040ce4', '0x8040cde']
type: cond
adj_instr: 0x80409f6
log_idx: 69
log_node.dest_addr: 0x80409f6
 
Current node
start_addr: 0x80409f6
end_addr: 0x8040a00
successors: ['0x8040af4', '0x8040afc', '0x8040b04', '0x8040b0c', '0x8040b14', '0x8040b1c', '0x8040b24', '0x8040b2c', '0x8040b34', '0x8040b3c', '0x8040b44', '0x8040b4c', '0x8040b54', '0x8040b5c', '0x8040b64', '0x8040b6c', '0x8040b74', '0x8040b7c', '0x8040b84', '0x8040b8c', '0x8040b94', '0x8040b9c', '0x8040ba4', '0x8040bac', '0x8040bb4', '0x8040bbc', '0x8040bc4', '0x8040bcc', '0x8040bd4', '0x8040bdc', '0x8040be4', '0x8040bec', '0x8040bf4', '0x8040bfc', '0x8040c04', '0x8040c0c', '0x8040c14', '0x8040c1c', '0x8040c24', '0x8040c2c', '0x8040c34', '0x8040c3c', '0x8040c44', '0x8040c4c', '0x8040c54', '0x8040c5c', '0x8040c64', '0x8040c6c', '0x8040c74', '0x8040c7c', '0x8040c84', '0x8040c8c', '0x8040c94', '0x8040c9c', '0x8040ca4', '0x8040cac', '0x8040cb4', '0x8040cbc', '0x8040cc4', '0x8040ccc']
parents: ['0x80409ea']
type: uncond
adj_instr: 0x8040af4
log_idx: 70
log_node.dest_addr: 0x8040b54
 
Current node
start_addr: 0x8040b54
end_addr: 0x8040b5a
successors: ['0x8040cde']
parents: ['0x80409f6']
type: uncond
adj_instr: 0x8040b5c
log_idx: 71
log_node.dest_addr: 0x80409ea
-----
changed node
start_addr: 0x8040cde
end_addr: 0x8040ce8
successors: ['0x8040cec', '0x80409ea']
parents: ['0x8040af4', '0x8040afc', '0x8040b04', '0x8040b0c', '0x8040b14', '0x8040b1c', '0x8040b24', '0x8040b2c', '0x8040b34', '0x8040b3c', '0x8040b44', '0x8040b4c', '0x8040b54', '0x8040b5c', '0x8040b64', '0x8040b6c', '0x8040b74', '0x8040b7c', '0x8040b84', '0x8040b8c', '0x8040b94', '0x8040b9c', '0x8040ba4', '0x8040bac', '0x8040bb4', '0x8040bbc', '0x8040bc4', '0x8040bcc', '0x8040bd4', '0x8040bdc', '0x8040be4', '0x8040bec', '0x8040bf4', '0x8040bfc', '0x8040c04', '0x8040c0c', '0x8040c14', '0x8040c1c', '0x8040c24', '0x8040c2c', '0x8040c34', '0x8040c3c', '0x8040c44', '0x8040c4c', '0x8040c54', '0x8040c5c', '0x8040c64', '0x8040c6c', '0x8040c74', '0x8040c7c', '0x8040c84', '0x8040c8c', '0x8040c94', '0x8040c9c', '0x8040ca4', '0x8040cac', '0x8040cb4', '0x8040cbc', '0x8040cc4', '0x8040ccc']
type: cond
adj_instr: 0x8040cec
-----
 
Current node
start_addr: 0x8040cde
end_addr: 0x8040ce8
successors: ['0x8040cec', '0x80409ea']
parents: ['0x8040af4', '0x8040afc', '0x8040b04', '0x8040b0c', '0x8040b14', '0x8040b1c', '0x8040b24', '0x8040b2c', '0x8040b34', '0x8040b3c', '0x8040b44', '0x8040b4c', '0x8040b54', '0x8040b5c', '0x8040b64', '0x8040b6c', '0x8040b74', '0x8040b7c', '0x8040b84', '0x8040b8c', '0x8040b94', '0x8040b9c', '0x8040ba4', '0x8040bac', '0x8040bb4', '0x8040bbc', '0x8040bc4', '0x8040bcc', '0x8040bd4', '0x8040bdc', '0x8040be4', '0x8040bec', '0x8040bf4', '0x8040bfc', '0x8040c04', '0x8040c0c', '0x8040c14', '0x8040c1c', '0x8040c24', '0x8040c2c', '0x8040c34', '0x8040c3c', '0x8040c44', '0x8040c4c', '0x8040c54', '0x8040c5c', '0x8040c64', '0x8040c6c', '0x8040c74', '0x8040c7c', '0x8040c84', '0x8040c8c', '0x8040c94', '0x8040c9c', '0x8040ca4', '0x8040cac', '0x8040cb4', '0x8040cbc', '0x8040cc4', '0x8040ccc']
type: cond
adj_instr: 0x8040cec
log_idx: 71
log_node.dest_addr: 0x80409ea
 
Current node
start_addr: 0x80409ea
end_addr: 0x80409f2
successors: ['0x80409f6', '0x8040cd4']
parents: ['0x8040cd4', '0x8040ce4', '0x8040cde']
type: cond
adj_instr: 0x80409f6
log_idx: 72
log_node.dest_addr: 0x80409f6
 
Current node
start_addr: 0x80409f6
end_addr: 0x8040a00
successors: ['0x8040af4', '0x8040afc', '0x8040b04', '0x8040b0c', '0x8040b14', '0x8040b1c', '0x8040b24', '0x8040b2c', '0x8040b34', '0x8040b3c', '0x8040b44', '0x8040b4c', '0x8040b54', '0x8040b5c', '0x8040b64', '0x8040b6c', '0x8040b74', '0x8040b7c', '0x8040b84', '0x8040b8c', '0x8040b94', '0x8040b9c', '0x8040ba4', '0x8040bac', '0x8040bb4', '0x8040bbc', '0x8040bc4', '0x8040bcc', '0x8040bd4', '0x8040bdc', '0x8040be4', '0x8040bec', '0x8040bf4', '0x8040bfc', '0x8040c04', '0x8040c0c', '0x8040c14', '0x8040c1c', '0x8040c24', '0x8040c2c', '0x8040c34', '0x8040c3c', '0x8040c44', '0x8040c4c', '0x8040c54', '0x8040c5c', '0x8040c64', '0x8040c6c', '0x8040c74', '0x8040c7c', '0x8040c84', '0x8040c8c', '0x8040c94', '0x8040c9c', '0x8040ca4', '0x8040cac', '0x8040cb4', '0x8040cbc', '0x8040cc4', '0x8040ccc']
parents: ['0x80409ea']
type: uncond
adj_instr: 0x8040af4
log_idx: 73
log_node.dest_addr: 0x8040b5c
 
Current node
start_addr: 0x8040b5c
end_addr: 0x8040b62
successors: ['0x8040cde']
parents: ['0x80409f6']
type: uncond
adj_instr: 0x8040b64
log_idx: 74
log_node.dest_addr: 0x80409ea
-----
changed node
start_addr: 0x8040cde
end_addr: 0x8040ce8
successors: ['0x8040cec', '0x80409ea']
parents: ['0x8040af4', '0x8040afc', '0x8040b04', '0x8040b0c', '0x8040b14', '0x8040b1c', '0x8040b24', '0x8040b2c', '0x8040b34', '0x8040b3c', '0x8040b44', '0x8040b4c', '0x8040b54', '0x8040b5c', '0x8040b64', '0x8040b6c', '0x8040b74', '0x8040b7c', '0x8040b84', '0x8040b8c', '0x8040b94', '0x8040b9c', '0x8040ba4', '0x8040bac', '0x8040bb4', '0x8040bbc', '0x8040bc4', '0x8040bcc', '0x8040bd4', '0x8040bdc', '0x8040be4', '0x8040bec', '0x8040bf4', '0x8040bfc', '0x8040c04', '0x8040c0c', '0x8040c14', '0x8040c1c', '0x8040c24', '0x8040c2c', '0x8040c34', '0x8040c3c', '0x8040c44', '0x8040c4c', '0x8040c54', '0x8040c5c', '0x8040c64', '0x8040c6c', '0x8040c74', '0x8040c7c', '0x8040c84', '0x8040c8c', '0x8040c94', '0x8040c9c', '0x8040ca4', '0x8040cac', '0x8040cb4', '0x8040cbc', '0x8040cc4', '0x8040ccc']
type: cond
adj_instr: 0x8040cec
-----
 
Current node
start_addr: 0x8040cde
end_addr: 0x8040ce8
successors: ['0x8040cec', '0x80409ea']
parents: ['0x8040af4', '0x8040afc', '0x8040b04', '0x8040b0c', '0x8040b14', '0x8040b1c', '0x8040b24', '0x8040b2c', '0x8040b34', '0x8040b3c', '0x8040b44', '0x8040b4c', '0x8040b54', '0x8040b5c', '0x8040b64', '0x8040b6c', '0x8040b74', '0x8040b7c', '0x8040b84', '0x8040b8c', '0x8040b94', '0x8040b9c', '0x8040ba4', '0x8040bac', '0x8040bb4', '0x8040bbc', '0x8040bc4', '0x8040bcc', '0x8040bd4', '0x8040bdc', '0x8040be4', '0x8040bec', '0x8040bf4', '0x8040bfc', '0x8040c04', '0x8040c0c', '0x8040c14', '0x8040c1c', '0x8040c24', '0x8040c2c', '0x8040c34', '0x8040c3c', '0x8040c44', '0x8040c4c', '0x8040c54', '0x8040c5c', '0x8040c64', '0x8040c6c', '0x8040c74', '0x8040c7c', '0x8040c84', '0x8040c8c', '0x8040c94', '0x8040c9c', '0x8040ca4', '0x8040cac', '0x8040cb4', '0x8040cbc', '0x8040cc4', '0x8040ccc']
type: cond
adj_instr: 0x8040cec
log_idx: 74
log_node.dest_addr: 0x80409ea
 
Current node
start_addr: 0x80409ea
end_addr: 0x80409f2
successors: ['0x80409f6', '0x8040cd4']
parents: ['0x8040cd4', '0x8040ce4', '0x8040cde']
type: cond
adj_instr: 0x80409f6
log_idx: 75
log_node.dest_addr: 0x80409f6
 
Current node
start_addr: 0x80409f6
end_addr: 0x8040a00
successors: ['0x8040af4', '0x8040afc', '0x8040b04', '0x8040b0c', '0x8040b14', '0x8040b1c', '0x8040b24', '0x8040b2c', '0x8040b34', '0x8040b3c', '0x8040b44', '0x8040b4c', '0x8040b54', '0x8040b5c', '0x8040b64', '0x8040b6c', '0x8040b74', '0x8040b7c', '0x8040b84', '0x8040b8c', '0x8040b94', '0x8040b9c', '0x8040ba4', '0x8040bac', '0x8040bb4', '0x8040bbc', '0x8040bc4', '0x8040bcc', '0x8040bd4', '0x8040bdc', '0x8040be4', '0x8040bec', '0x8040bf4', '0x8040bfc', '0x8040c04', '0x8040c0c', '0x8040c14', '0x8040c1c', '0x8040c24', '0x8040c2c', '0x8040c34', '0x8040c3c', '0x8040c44', '0x8040c4c', '0x8040c54', '0x8040c5c', '0x8040c64', '0x8040c6c', '0x8040c74', '0x8040c7c', '0x8040c84', '0x8040c8c', '0x8040c94', '0x8040c9c', '0x8040ca4', '0x8040cac', '0x8040cb4', '0x8040cbc', '0x8040cc4', '0x8040ccc']
parents: ['0x80409ea']
type: uncond
adj_instr: 0x8040af4
log_idx: 76
log_node.dest_addr: 0x8040b64
 
Current node
start_addr: 0x8040b64
end_addr: 0x8040b6a
successors: ['0x8040cde']
parents: ['0x80409f6']
type: uncond
adj_instr: 0x8040b6c
log_idx: 77
log_node.dest_addr: 0x80409ea
-----
changed node
start_addr: 0x8040cde
end_addr: 0x8040ce8
successors: ['0x8040cec', '0x80409ea']
parents: ['0x8040af4', '0x8040afc', '0x8040b04', '0x8040b0c', '0x8040b14', '0x8040b1c', '0x8040b24', '0x8040b2c', '0x8040b34', '0x8040b3c', '0x8040b44', '0x8040b4c', '0x8040b54', '0x8040b5c', '0x8040b64', '0x8040b6c', '0x8040b74', '0x8040b7c', '0x8040b84', '0x8040b8c', '0x8040b94', '0x8040b9c', '0x8040ba4', '0x8040bac', '0x8040bb4', '0x8040bbc', '0x8040bc4', '0x8040bcc', '0x8040bd4', '0x8040bdc', '0x8040be4', '0x8040bec', '0x8040bf4', '0x8040bfc', '0x8040c04', '0x8040c0c', '0x8040c14', '0x8040c1c', '0x8040c24', '0x8040c2c', '0x8040c34', '0x8040c3c', '0x8040c44', '0x8040c4c', '0x8040c54', '0x8040c5c', '0x8040c64', '0x8040c6c', '0x8040c74', '0x8040c7c', '0x8040c84', '0x8040c8c', '0x8040c94', '0x8040c9c', '0x8040ca4', '0x8040cac', '0x8040cb4', '0x8040cbc', '0x8040cc4', '0x8040ccc']
type: cond
adj_instr: 0x8040cec
-----
 
Current node
start_addr: 0x8040cde
end_addr: 0x8040ce8
successors: ['0x8040cec', '0x80409ea']
parents: ['0x8040af4', '0x8040afc', '0x8040b04', '0x8040b0c', '0x8040b14', '0x8040b1c', '0x8040b24', '0x8040b2c', '0x8040b34', '0x8040b3c', '0x8040b44', '0x8040b4c', '0x8040b54', '0x8040b5c', '0x8040b64', '0x8040b6c', '0x8040b74', '0x8040b7c', '0x8040b84', '0x8040b8c', '0x8040b94', '0x8040b9c', '0x8040ba4', '0x8040bac', '0x8040bb4', '0x8040bbc', '0x8040bc4', '0x8040bcc', '0x8040bd4', '0x8040bdc', '0x8040be4', '0x8040bec', '0x8040bf4', '0x8040bfc', '0x8040c04', '0x8040c0c', '0x8040c14', '0x8040c1c', '0x8040c24', '0x8040c2c', '0x8040c34', '0x8040c3c', '0x8040c44', '0x8040c4c', '0x8040c54', '0x8040c5c', '0x8040c64', '0x8040c6c', '0x8040c74', '0x8040c7c', '0x8040c84', '0x8040c8c', '0x8040c94', '0x8040c9c', '0x8040ca4', '0x8040cac', '0x8040cb4', '0x8040cbc', '0x8040cc4', '0x8040ccc']
type: cond
adj_instr: 0x8040cec
log_idx: 77
log_node.dest_addr: 0x80409ea
 
Current node
start_addr: 0x80409ea
end_addr: 0x80409f2
successors: ['0x80409f6', '0x8040cd4']
parents: ['0x8040cd4', '0x8040ce4', '0x8040cde']
type: cond
adj_instr: 0x80409f6
log_idx: 78
log_node.dest_addr: 0x80409f6
 
Current node
start_addr: 0x80409f6
end_addr: 0x8040a00
successors: ['0x8040af4', '0x8040afc', '0x8040b04', '0x8040b0c', '0x8040b14', '0x8040b1c', '0x8040b24', '0x8040b2c', '0x8040b34', '0x8040b3c', '0x8040b44', '0x8040b4c', '0x8040b54', '0x8040b5c', '0x8040b64', '0x8040b6c', '0x8040b74', '0x8040b7c', '0x8040b84', '0x8040b8c', '0x8040b94', '0x8040b9c', '0x8040ba4', '0x8040bac', '0x8040bb4', '0x8040bbc', '0x8040bc4', '0x8040bcc', '0x8040bd4', '0x8040bdc', '0x8040be4', '0x8040bec', '0x8040bf4', '0x8040bfc', '0x8040c04', '0x8040c0c', '0x8040c14', '0x8040c1c', '0x8040c24', '0x8040c2c', '0x8040c34', '0x8040c3c', '0x8040c44', '0x8040c4c', '0x8040c54', '0x8040c5c', '0x8040c64', '0x8040c6c', '0x8040c74', '0x8040c7c', '0x8040c84', '0x8040c8c', '0x8040c94', '0x8040c9c', '0x8040ca4', '0x8040cac', '0x8040cb4', '0x8040cbc', '0x8040cc4', '0x8040ccc']
parents: ['0x80409ea']
type: uncond
adj_instr: 0x8040af4
log_idx: 79
log_node.dest_addr: 0x8040b6c
 
Current node
start_addr: 0x8040b6c
end_addr: 0x8040b72
successors: ['0x8040cde']
parents: ['0x80409f6']
type: uncond
adj_instr: 0x8040b74
log_idx: 80
log_node.dest_addr: 0x80409ea
-----
changed node
start_addr: 0x8040cde
end_addr: 0x8040ce8
successors: ['0x8040cec', '0x80409ea']
parents: ['0x8040af4', '0x8040afc', '0x8040b04', '0x8040b0c', '0x8040b14', '0x8040b1c', '0x8040b24', '0x8040b2c', '0x8040b34', '0x8040b3c', '0x8040b44', '0x8040b4c', '0x8040b54', '0x8040b5c', '0x8040b64', '0x8040b6c', '0x8040b74', '0x8040b7c', '0x8040b84', '0x8040b8c', '0x8040b94', '0x8040b9c', '0x8040ba4', '0x8040bac', '0x8040bb4', '0x8040bbc', '0x8040bc4', '0x8040bcc', '0x8040bd4', '0x8040bdc', '0x8040be4', '0x8040bec', '0x8040bf4', '0x8040bfc', '0x8040c04', '0x8040c0c', '0x8040c14', '0x8040c1c', '0x8040c24', '0x8040c2c', '0x8040c34', '0x8040c3c', '0x8040c44', '0x8040c4c', '0x8040c54', '0x8040c5c', '0x8040c64', '0x8040c6c', '0x8040c74', '0x8040c7c', '0x8040c84', '0x8040c8c', '0x8040c94', '0x8040c9c', '0x8040ca4', '0x8040cac', '0x8040cb4', '0x8040cbc', '0x8040cc4', '0x8040ccc']
type: cond
adj_instr: 0x8040cec
-----
 
Current node
start_addr: 0x8040cde
end_addr: 0x8040ce8
successors: ['0x8040cec', '0x80409ea']
parents: ['0x8040af4', '0x8040afc', '0x8040b04', '0x8040b0c', '0x8040b14', '0x8040b1c', '0x8040b24', '0x8040b2c', '0x8040b34', '0x8040b3c', '0x8040b44', '0x8040b4c', '0x8040b54', '0x8040b5c', '0x8040b64', '0x8040b6c', '0x8040b74', '0x8040b7c', '0x8040b84', '0x8040b8c', '0x8040b94', '0x8040b9c', '0x8040ba4', '0x8040bac', '0x8040bb4', '0x8040bbc', '0x8040bc4', '0x8040bcc', '0x8040bd4', '0x8040bdc', '0x8040be4', '0x8040bec', '0x8040bf4', '0x8040bfc', '0x8040c04', '0x8040c0c', '0x8040c14', '0x8040c1c', '0x8040c24', '0x8040c2c', '0x8040c34', '0x8040c3c', '0x8040c44', '0x8040c4c', '0x8040c54', '0x8040c5c', '0x8040c64', '0x8040c6c', '0x8040c74', '0x8040c7c', '0x8040c84', '0x8040c8c', '0x8040c94', '0x8040c9c', '0x8040ca4', '0x8040cac', '0x8040cb4', '0x8040cbc', '0x8040cc4', '0x8040ccc']
type: cond
adj_instr: 0x8040cec
log_idx: 80
log_node.dest_addr: 0x80409ea
 
Current node
start_addr: 0x80409ea
end_addr: 0x80409f2
successors: ['0x80409f6', '0x8040cd4']
parents: ['0x8040cd4', '0x8040ce4', '0x8040cde']
type: cond
adj_instr: 0x80409f6
log_idx: 81
log_node.dest_addr: 0x80409f6
 
Current node
start_addr: 0x80409f6
end_addr: 0x8040a00
successors: ['0x8040af4', '0x8040afc', '0x8040b04', '0x8040b0c', '0x8040b14', '0x8040b1c', '0x8040b24', '0x8040b2c', '0x8040b34', '0x8040b3c', '0x8040b44', '0x8040b4c', '0x8040b54', '0x8040b5c', '0x8040b64', '0x8040b6c', '0x8040b74', '0x8040b7c', '0x8040b84', '0x8040b8c', '0x8040b94', '0x8040b9c', '0x8040ba4', '0x8040bac', '0x8040bb4', '0x8040bbc', '0x8040bc4', '0x8040bcc', '0x8040bd4', '0x8040bdc', '0x8040be4', '0x8040bec', '0x8040bf4', '0x8040bfc', '0x8040c04', '0x8040c0c', '0x8040c14', '0x8040c1c', '0x8040c24', '0x8040c2c', '0x8040c34', '0x8040c3c', '0x8040c44', '0x8040c4c', '0x8040c54', '0x8040c5c', '0x8040c64', '0x8040c6c', '0x8040c74', '0x8040c7c', '0x8040c84', '0x8040c8c', '0x8040c94', '0x8040c9c', '0x8040ca4', '0x8040cac', '0x8040cb4', '0x8040cbc', '0x8040cc4', '0x8040ccc']
parents: ['0x80409ea']
type: uncond
adj_instr: 0x8040af4
log_idx: 82
log_node.dest_addr: 0x8040b74
 
Current node
start_addr: 0x8040b74
end_addr: 0x8040b7a
successors: ['0x8040cde']
parents: ['0x80409f6']
type: uncond
adj_instr: 0x8040b7c
log_idx: 83
log_node.dest_addr: 0x80409ea
-----
changed node
start_addr: 0x8040cde
end_addr: 0x8040ce8
successors: ['0x8040cec', '0x80409ea']
parents: ['0x8040af4', '0x8040afc', '0x8040b04', '0x8040b0c', '0x8040b14', '0x8040b1c', '0x8040b24', '0x8040b2c', '0x8040b34', '0x8040b3c', '0x8040b44', '0x8040b4c', '0x8040b54', '0x8040b5c', '0x8040b64', '0x8040b6c', '0x8040b74', '0x8040b7c', '0x8040b84', '0x8040b8c', '0x8040b94', '0x8040b9c', '0x8040ba4', '0x8040bac', '0x8040bb4', '0x8040bbc', '0x8040bc4', '0x8040bcc', '0x8040bd4', '0x8040bdc', '0x8040be4', '0x8040bec', '0x8040bf4', '0x8040bfc', '0x8040c04', '0x8040c0c', '0x8040c14', '0x8040c1c', '0x8040c24', '0x8040c2c', '0x8040c34', '0x8040c3c', '0x8040c44', '0x8040c4c', '0x8040c54', '0x8040c5c', '0x8040c64', '0x8040c6c', '0x8040c74', '0x8040c7c', '0x8040c84', '0x8040c8c', '0x8040c94', '0x8040c9c', '0x8040ca4', '0x8040cac', '0x8040cb4', '0x8040cbc', '0x8040cc4', '0x8040ccc']
type: cond
adj_instr: 0x8040cec
-----
 
Current node
start_addr: 0x8040cde
end_addr: 0x8040ce8
successors: ['0x8040cec', '0x80409ea']
parents: ['0x8040af4', '0x8040afc', '0x8040b04', '0x8040b0c', '0x8040b14', '0x8040b1c', '0x8040b24', '0x8040b2c', '0x8040b34', '0x8040b3c', '0x8040b44', '0x8040b4c', '0x8040b54', '0x8040b5c', '0x8040b64', '0x8040b6c', '0x8040b74', '0x8040b7c', '0x8040b84', '0x8040b8c', '0x8040b94', '0x8040b9c', '0x8040ba4', '0x8040bac', '0x8040bb4', '0x8040bbc', '0x8040bc4', '0x8040bcc', '0x8040bd4', '0x8040bdc', '0x8040be4', '0x8040bec', '0x8040bf4', '0x8040bfc', '0x8040c04', '0x8040c0c', '0x8040c14', '0x8040c1c', '0x8040c24', '0x8040c2c', '0x8040c34', '0x8040c3c', '0x8040c44', '0x8040c4c', '0x8040c54', '0x8040c5c', '0x8040c64', '0x8040c6c', '0x8040c74', '0x8040c7c', '0x8040c84', '0x8040c8c', '0x8040c94', '0x8040c9c', '0x8040ca4', '0x8040cac', '0x8040cb4', '0x8040cbc', '0x8040cc4', '0x8040ccc']
type: cond
adj_instr: 0x8040cec
log_idx: 83
log_node.dest_addr: 0x80409ea
 
Current node
start_addr: 0x80409ea
end_addr: 0x80409f2
successors: ['0x80409f6', '0x8040cd4']
parents: ['0x8040cd4', '0x8040ce4', '0x8040cde']
type: cond
adj_instr: 0x80409f6
log_idx: 84
log_node.dest_addr: 0x80409f6
 
Current node
start_addr: 0x80409f6
end_addr: 0x8040a00
successors: ['0x8040af4', '0x8040afc', '0x8040b04', '0x8040b0c', '0x8040b14', '0x8040b1c', '0x8040b24', '0x8040b2c', '0x8040b34', '0x8040b3c', '0x8040b44', '0x8040b4c', '0x8040b54', '0x8040b5c', '0x8040b64', '0x8040b6c', '0x8040b74', '0x8040b7c', '0x8040b84', '0x8040b8c', '0x8040b94', '0x8040b9c', '0x8040ba4', '0x8040bac', '0x8040bb4', '0x8040bbc', '0x8040bc4', '0x8040bcc', '0x8040bd4', '0x8040bdc', '0x8040be4', '0x8040bec', '0x8040bf4', '0x8040bfc', '0x8040c04', '0x8040c0c', '0x8040c14', '0x8040c1c', '0x8040c24', '0x8040c2c', '0x8040c34', '0x8040c3c', '0x8040c44', '0x8040c4c', '0x8040c54', '0x8040c5c', '0x8040c64', '0x8040c6c', '0x8040c74', '0x8040c7c', '0x8040c84', '0x8040c8c', '0x8040c94', '0x8040c9c', '0x8040ca4', '0x8040cac', '0x8040cb4', '0x8040cbc', '0x8040cc4', '0x8040ccc']
parents: ['0x80409ea']
type: uncond
adj_instr: 0x8040af4
log_idx: 85
log_node.dest_addr: 0x8040b7c
 
Current node
start_addr: 0x8040b7c
end_addr: 0x8040b82
successors: ['0x8040cde']
parents: ['0x80409f6']
type: uncond
adj_instr: 0x8040b84
log_idx: 86
log_node.dest_addr: 0x80409ea
-----
changed node
start_addr: 0x8040cde
end_addr: 0x8040ce8
successors: ['0x8040cec', '0x80409ea']
parents: ['0x8040af4', '0x8040afc', '0x8040b04', '0x8040b0c', '0x8040b14', '0x8040b1c', '0x8040b24', '0x8040b2c', '0x8040b34', '0x8040b3c', '0x8040b44', '0x8040b4c', '0x8040b54', '0x8040b5c', '0x8040b64', '0x8040b6c', '0x8040b74', '0x8040b7c', '0x8040b84', '0x8040b8c', '0x8040b94', '0x8040b9c', '0x8040ba4', '0x8040bac', '0x8040bb4', '0x8040bbc', '0x8040bc4', '0x8040bcc', '0x8040bd4', '0x8040bdc', '0x8040be4', '0x8040bec', '0x8040bf4', '0x8040bfc', '0x8040c04', '0x8040c0c', '0x8040c14', '0x8040c1c', '0x8040c24', '0x8040c2c', '0x8040c34', '0x8040c3c', '0x8040c44', '0x8040c4c', '0x8040c54', '0x8040c5c', '0x8040c64', '0x8040c6c', '0x8040c74', '0x8040c7c', '0x8040c84', '0x8040c8c', '0x8040c94', '0x8040c9c', '0x8040ca4', '0x8040cac', '0x8040cb4', '0x8040cbc', '0x8040cc4', '0x8040ccc']
type: cond
adj_instr: 0x8040cec
-----
 
Current node
start_addr: 0x8040cde
end_addr: 0x8040ce8
successors: ['0x8040cec', '0x80409ea']
parents: ['0x8040af4', '0x8040afc', '0x8040b04', '0x8040b0c', '0x8040b14', '0x8040b1c', '0x8040b24', '0x8040b2c', '0x8040b34', '0x8040b3c', '0x8040b44', '0x8040b4c', '0x8040b54', '0x8040b5c', '0x8040b64', '0x8040b6c', '0x8040b74', '0x8040b7c', '0x8040b84', '0x8040b8c', '0x8040b94', '0x8040b9c', '0x8040ba4', '0x8040bac', '0x8040bb4', '0x8040bbc', '0x8040bc4', '0x8040bcc', '0x8040bd4', '0x8040bdc', '0x8040be4', '0x8040bec', '0x8040bf4', '0x8040bfc', '0x8040c04', '0x8040c0c', '0x8040c14', '0x8040c1c', '0x8040c24', '0x8040c2c', '0x8040c34', '0x8040c3c', '0x8040c44', '0x8040c4c', '0x8040c54', '0x8040c5c', '0x8040c64', '0x8040c6c', '0x8040c74', '0x8040c7c', '0x8040c84', '0x8040c8c', '0x8040c94', '0x8040c9c', '0x8040ca4', '0x8040cac', '0x8040cb4', '0x8040cbc', '0x8040cc4', '0x8040ccc']
type: cond
adj_instr: 0x8040cec
log_idx: 86
log_node.dest_addr: 0x80409ea
 
Current node
start_addr: 0x80409ea
end_addr: 0x80409f2
successors: ['0x80409f6', '0x8040cd4']
parents: ['0x8040cd4', '0x8040ce4', '0x8040cde']
type: cond
adj_instr: 0x80409f6
log_idx: 87
log_node.dest_addr: 0x80409f6
 
Current node
start_addr: 0x80409f6
end_addr: 0x8040a00
successors: ['0x8040af4', '0x8040afc', '0x8040b04', '0x8040b0c', '0x8040b14', '0x8040b1c', '0x8040b24', '0x8040b2c', '0x8040b34', '0x8040b3c', '0x8040b44', '0x8040b4c', '0x8040b54', '0x8040b5c', '0x8040b64', '0x8040b6c', '0x8040b74', '0x8040b7c', '0x8040b84', '0x8040b8c', '0x8040b94', '0x8040b9c', '0x8040ba4', '0x8040bac', '0x8040bb4', '0x8040bbc', '0x8040bc4', '0x8040bcc', '0x8040bd4', '0x8040bdc', '0x8040be4', '0x8040bec', '0x8040bf4', '0x8040bfc', '0x8040c04', '0x8040c0c', '0x8040c14', '0x8040c1c', '0x8040c24', '0x8040c2c', '0x8040c34', '0x8040c3c', '0x8040c44', '0x8040c4c', '0x8040c54', '0x8040c5c', '0x8040c64', '0x8040c6c', '0x8040c74', '0x8040c7c', '0x8040c84', '0x8040c8c', '0x8040c94', '0x8040c9c', '0x8040ca4', '0x8040cac', '0x8040cb4', '0x8040cbc', '0x8040cc4', '0x8040ccc']
parents: ['0x80409ea']
type: uncond
adj_instr: 0x8040af4
log_idx: 88
log_node.dest_addr: 0x8040b84
 
Current node
start_addr: 0x8040b84
end_addr: 0x8040b8a
successors: ['0x8040cde']
parents: ['0x80409f6']
type: uncond
adj_instr: 0x8040b8c
log_idx: 89
log_node.dest_addr: 0x80409ea
-----
changed node
start_addr: 0x8040cde
end_addr: 0x8040ce8
successors: ['0x8040cec', '0x80409ea']
parents: ['0x8040af4', '0x8040afc', '0x8040b04', '0x8040b0c', '0x8040b14', '0x8040b1c', '0x8040b24', '0x8040b2c', '0x8040b34', '0x8040b3c', '0x8040b44', '0x8040b4c', '0x8040b54', '0x8040b5c', '0x8040b64', '0x8040b6c', '0x8040b74', '0x8040b7c', '0x8040b84', '0x8040b8c', '0x8040b94', '0x8040b9c', '0x8040ba4', '0x8040bac', '0x8040bb4', '0x8040bbc', '0x8040bc4', '0x8040bcc', '0x8040bd4', '0x8040bdc', '0x8040be4', '0x8040bec', '0x8040bf4', '0x8040bfc', '0x8040c04', '0x8040c0c', '0x8040c14', '0x8040c1c', '0x8040c24', '0x8040c2c', '0x8040c34', '0x8040c3c', '0x8040c44', '0x8040c4c', '0x8040c54', '0x8040c5c', '0x8040c64', '0x8040c6c', '0x8040c74', '0x8040c7c', '0x8040c84', '0x8040c8c', '0x8040c94', '0x8040c9c', '0x8040ca4', '0x8040cac', '0x8040cb4', '0x8040cbc', '0x8040cc4', '0x8040ccc']
type: cond
adj_instr: 0x8040cec
-----
 
Current node
start_addr: 0x8040cde
end_addr: 0x8040ce8
successors: ['0x8040cec', '0x80409ea']
parents: ['0x8040af4', '0x8040afc', '0x8040b04', '0x8040b0c', '0x8040b14', '0x8040b1c', '0x8040b24', '0x8040b2c', '0x8040b34', '0x8040b3c', '0x8040b44', '0x8040b4c', '0x8040b54', '0x8040b5c', '0x8040b64', '0x8040b6c', '0x8040b74', '0x8040b7c', '0x8040b84', '0x8040b8c', '0x8040b94', '0x8040b9c', '0x8040ba4', '0x8040bac', '0x8040bb4', '0x8040bbc', '0x8040bc4', '0x8040bcc', '0x8040bd4', '0x8040bdc', '0x8040be4', '0x8040bec', '0x8040bf4', '0x8040bfc', '0x8040c04', '0x8040c0c', '0x8040c14', '0x8040c1c', '0x8040c24', '0x8040c2c', '0x8040c34', '0x8040c3c', '0x8040c44', '0x8040c4c', '0x8040c54', '0x8040c5c', '0x8040c64', '0x8040c6c', '0x8040c74', '0x8040c7c', '0x8040c84', '0x8040c8c', '0x8040c94', '0x8040c9c', '0x8040ca4', '0x8040cac', '0x8040cb4', '0x8040cbc', '0x8040cc4', '0x8040ccc']
type: cond
adj_instr: 0x8040cec
log_idx: 89
log_node.dest_addr: 0x80409ea
 
Current node
start_addr: 0x80409ea
end_addr: 0x80409f2
successors: ['0x80409f6', '0x8040cd4']
parents: ['0x8040cd4', '0x8040ce4', '0x8040cde']
type: cond
adj_instr: 0x80409f6
log_idx: 90
log_node.dest_addr: 0x80409f6
 
Current node
start_addr: 0x80409f6
end_addr: 0x8040a00
successors: ['0x8040af4', '0x8040afc', '0x8040b04', '0x8040b0c', '0x8040b14', '0x8040b1c', '0x8040b24', '0x8040b2c', '0x8040b34', '0x8040b3c', '0x8040b44', '0x8040b4c', '0x8040b54', '0x8040b5c', '0x8040b64', '0x8040b6c', '0x8040b74', '0x8040b7c', '0x8040b84', '0x8040b8c', '0x8040b94', '0x8040b9c', '0x8040ba4', '0x8040bac', '0x8040bb4', '0x8040bbc', '0x8040bc4', '0x8040bcc', '0x8040bd4', '0x8040bdc', '0x8040be4', '0x8040bec', '0x8040bf4', '0x8040bfc', '0x8040c04', '0x8040c0c', '0x8040c14', '0x8040c1c', '0x8040c24', '0x8040c2c', '0x8040c34', '0x8040c3c', '0x8040c44', '0x8040c4c', '0x8040c54', '0x8040c5c', '0x8040c64', '0x8040c6c', '0x8040c74', '0x8040c7c', '0x8040c84', '0x8040c8c', '0x8040c94', '0x8040c9c', '0x8040ca4', '0x8040cac', '0x8040cb4', '0x8040cbc', '0x8040cc4', '0x8040ccc']
parents: ['0x80409ea']
type: uncond
adj_instr: 0x8040af4
log_idx: 91
log_node.dest_addr: 0x8040b8c
 
Current node
start_addr: 0x8040b8c
end_addr: 0x8040b92
successors: ['0x8040cde']
parents: ['0x80409f6']
type: uncond
adj_instr: 0x8040b94
log_idx: 92
log_node.dest_addr: 0x80409ea
-----
changed node
start_addr: 0x8040cde
end_addr: 0x8040ce8
successors: ['0x8040cec', '0x80409ea']
parents: ['0x8040af4', '0x8040afc', '0x8040b04', '0x8040b0c', '0x8040b14', '0x8040b1c', '0x8040b24', '0x8040b2c', '0x8040b34', '0x8040b3c', '0x8040b44', '0x8040b4c', '0x8040b54', '0x8040b5c', '0x8040b64', '0x8040b6c', '0x8040b74', '0x8040b7c', '0x8040b84', '0x8040b8c', '0x8040b94', '0x8040b9c', '0x8040ba4', '0x8040bac', '0x8040bb4', '0x8040bbc', '0x8040bc4', '0x8040bcc', '0x8040bd4', '0x8040bdc', '0x8040be4', '0x8040bec', '0x8040bf4', '0x8040bfc', '0x8040c04', '0x8040c0c', '0x8040c14', '0x8040c1c', '0x8040c24', '0x8040c2c', '0x8040c34', '0x8040c3c', '0x8040c44', '0x8040c4c', '0x8040c54', '0x8040c5c', '0x8040c64', '0x8040c6c', '0x8040c74', '0x8040c7c', '0x8040c84', '0x8040c8c', '0x8040c94', '0x8040c9c', '0x8040ca4', '0x8040cac', '0x8040cb4', '0x8040cbc', '0x8040cc4', '0x8040ccc']
type: cond
adj_instr: 0x8040cec
-----
 
Current node
start_addr: 0x8040cde
end_addr: 0x8040ce8
successors: ['0x8040cec', '0x80409ea']
parents: ['0x8040af4', '0x8040afc', '0x8040b04', '0x8040b0c', '0x8040b14', '0x8040b1c', '0x8040b24', '0x8040b2c', '0x8040b34', '0x8040b3c', '0x8040b44', '0x8040b4c', '0x8040b54', '0x8040b5c', '0x8040b64', '0x8040b6c', '0x8040b74', '0x8040b7c', '0x8040b84', '0x8040b8c', '0x8040b94', '0x8040b9c', '0x8040ba4', '0x8040bac', '0x8040bb4', '0x8040bbc', '0x8040bc4', '0x8040bcc', '0x8040bd4', '0x8040bdc', '0x8040be4', '0x8040bec', '0x8040bf4', '0x8040bfc', '0x8040c04', '0x8040c0c', '0x8040c14', '0x8040c1c', '0x8040c24', '0x8040c2c', '0x8040c34', '0x8040c3c', '0x8040c44', '0x8040c4c', '0x8040c54', '0x8040c5c', '0x8040c64', '0x8040c6c', '0x8040c74', '0x8040c7c', '0x8040c84', '0x8040c8c', '0x8040c94', '0x8040c9c', '0x8040ca4', '0x8040cac', '0x8040cb4', '0x8040cbc', '0x8040cc4', '0x8040ccc']
type: cond
adj_instr: 0x8040cec
log_idx: 92
log_node.dest_addr: 0x80409ea
 
Current node
start_addr: 0x80409ea
end_addr: 0x80409f2
successors: ['0x80409f6', '0x8040cd4']
parents: ['0x8040cd4', '0x8040ce4', '0x8040cde']
type: cond
adj_instr: 0x80409f6
log_idx: 93
log_node.dest_addr: 0x80409f6
 
Current node
start_addr: 0x80409f6
end_addr: 0x8040a00
successors: ['0x8040af4', '0x8040afc', '0x8040b04', '0x8040b0c', '0x8040b14', '0x8040b1c', '0x8040b24', '0x8040b2c', '0x8040b34', '0x8040b3c', '0x8040b44', '0x8040b4c', '0x8040b54', '0x8040b5c', '0x8040b64', '0x8040b6c', '0x8040b74', '0x8040b7c', '0x8040b84', '0x8040b8c', '0x8040b94', '0x8040b9c', '0x8040ba4', '0x8040bac', '0x8040bb4', '0x8040bbc', '0x8040bc4', '0x8040bcc', '0x8040bd4', '0x8040bdc', '0x8040be4', '0x8040bec', '0x8040bf4', '0x8040bfc', '0x8040c04', '0x8040c0c', '0x8040c14', '0x8040c1c', '0x8040c24', '0x8040c2c', '0x8040c34', '0x8040c3c', '0x8040c44', '0x8040c4c', '0x8040c54', '0x8040c5c', '0x8040c64', '0x8040c6c', '0x8040c74', '0x8040c7c', '0x8040c84', '0x8040c8c', '0x8040c94', '0x8040c9c', '0x8040ca4', '0x8040cac', '0x8040cb4', '0x8040cbc', '0x8040cc4', '0x8040ccc']
parents: ['0x80409ea']
type: uncond
adj_instr: 0x8040af4
log_idx: 94
log_node.dest_addr: 0x8040b94
 
Current node
start_addr: 0x8040b94
end_addr: 0x8040b9a
successors: ['0x8040cde']
parents: ['0x80409f6']
type: uncond
adj_instr: 0x8040b9c
log_idx: 95
log_node.dest_addr: 0x80409ea
-----
changed node
start_addr: 0x8040cde
end_addr: 0x8040ce8
successors: ['0x8040cec', '0x80409ea']
parents: ['0x8040af4', '0x8040afc', '0x8040b04', '0x8040b0c', '0x8040b14', '0x8040b1c', '0x8040b24', '0x8040b2c', '0x8040b34', '0x8040b3c', '0x8040b44', '0x8040b4c', '0x8040b54', '0x8040b5c', '0x8040b64', '0x8040b6c', '0x8040b74', '0x8040b7c', '0x8040b84', '0x8040b8c', '0x8040b94', '0x8040b9c', '0x8040ba4', '0x8040bac', '0x8040bb4', '0x8040bbc', '0x8040bc4', '0x8040bcc', '0x8040bd4', '0x8040bdc', '0x8040be4', '0x8040bec', '0x8040bf4', '0x8040bfc', '0x8040c04', '0x8040c0c', '0x8040c14', '0x8040c1c', '0x8040c24', '0x8040c2c', '0x8040c34', '0x8040c3c', '0x8040c44', '0x8040c4c', '0x8040c54', '0x8040c5c', '0x8040c64', '0x8040c6c', '0x8040c74', '0x8040c7c', '0x8040c84', '0x8040c8c', '0x8040c94', '0x8040c9c', '0x8040ca4', '0x8040cac', '0x8040cb4', '0x8040cbc', '0x8040cc4', '0x8040ccc']
type: cond
adj_instr: 0x8040cec
-----
 
Current node
start_addr: 0x8040cde
end_addr: 0x8040ce8
successors: ['0x8040cec', '0x80409ea']
parents: ['0x8040af4', '0x8040afc', '0x8040b04', '0x8040b0c', '0x8040b14', '0x8040b1c', '0x8040b24', '0x8040b2c', '0x8040b34', '0x8040b3c', '0x8040b44', '0x8040b4c', '0x8040b54', '0x8040b5c', '0x8040b64', '0x8040b6c', '0x8040b74', '0x8040b7c', '0x8040b84', '0x8040b8c', '0x8040b94', '0x8040b9c', '0x8040ba4', '0x8040bac', '0x8040bb4', '0x8040bbc', '0x8040bc4', '0x8040bcc', '0x8040bd4', '0x8040bdc', '0x8040be4', '0x8040bec', '0x8040bf4', '0x8040bfc', '0x8040c04', '0x8040c0c', '0x8040c14', '0x8040c1c', '0x8040c24', '0x8040c2c', '0x8040c34', '0x8040c3c', '0x8040c44', '0x8040c4c', '0x8040c54', '0x8040c5c', '0x8040c64', '0x8040c6c', '0x8040c74', '0x8040c7c', '0x8040c84', '0x8040c8c', '0x8040c94', '0x8040c9c', '0x8040ca4', '0x8040cac', '0x8040cb4', '0x8040cbc', '0x8040cc4', '0x8040ccc']
type: cond
adj_instr: 0x8040cec
log_idx: 95
log_node.dest_addr: 0x80409ea
 
Current node
start_addr: 0x80409ea
end_addr: 0x80409f2
successors: ['0x80409f6', '0x8040cd4']
parents: ['0x8040cd4', '0x8040ce4', '0x8040cde']
type: cond
adj_instr: 0x80409f6
log_idx: 96
log_node.dest_addr: 0x80409f6
 
Current node
start_addr: 0x80409f6
end_addr: 0x8040a00
successors: ['0x8040af4', '0x8040afc', '0x8040b04', '0x8040b0c', '0x8040b14', '0x8040b1c', '0x8040b24', '0x8040b2c', '0x8040b34', '0x8040b3c', '0x8040b44', '0x8040b4c', '0x8040b54', '0x8040b5c', '0x8040b64', '0x8040b6c', '0x8040b74', '0x8040b7c', '0x8040b84', '0x8040b8c', '0x8040b94', '0x8040b9c', '0x8040ba4', '0x8040bac', '0x8040bb4', '0x8040bbc', '0x8040bc4', '0x8040bcc', '0x8040bd4', '0x8040bdc', '0x8040be4', '0x8040bec', '0x8040bf4', '0x8040bfc', '0x8040c04', '0x8040c0c', '0x8040c14', '0x8040c1c', '0x8040c24', '0x8040c2c', '0x8040c34', '0x8040c3c', '0x8040c44', '0x8040c4c', '0x8040c54', '0x8040c5c', '0x8040c64', '0x8040c6c', '0x8040c74', '0x8040c7c', '0x8040c84', '0x8040c8c', '0x8040c94', '0x8040c9c', '0x8040ca4', '0x8040cac', '0x8040cb4', '0x8040cbc', '0x8040cc4', '0x8040ccc']
parents: ['0x80409ea']
type: uncond
adj_instr: 0x8040af4
log_idx: 97
log_node.dest_addr: 0x8040b9c
 
Current node
start_addr: 0x8040b9c
end_addr: 0x8040ba2
successors: ['0x8040cde']
parents: ['0x80409f6']
type: uncond
adj_instr: 0x8040ba4
log_idx: 98
log_node.dest_addr: 0x80409ea
-----
changed node
start_addr: 0x8040cde
end_addr: 0x8040ce8
successors: ['0x8040cec', '0x80409ea']
parents: ['0x8040af4', '0x8040afc', '0x8040b04', '0x8040b0c', '0x8040b14', '0x8040b1c', '0x8040b24', '0x8040b2c', '0x8040b34', '0x8040b3c', '0x8040b44', '0x8040b4c', '0x8040b54', '0x8040b5c', '0x8040b64', '0x8040b6c', '0x8040b74', '0x8040b7c', '0x8040b84', '0x8040b8c', '0x8040b94', '0x8040b9c', '0x8040ba4', '0x8040bac', '0x8040bb4', '0x8040bbc', '0x8040bc4', '0x8040bcc', '0x8040bd4', '0x8040bdc', '0x8040be4', '0x8040bec', '0x8040bf4', '0x8040bfc', '0x8040c04', '0x8040c0c', '0x8040c14', '0x8040c1c', '0x8040c24', '0x8040c2c', '0x8040c34', '0x8040c3c', '0x8040c44', '0x8040c4c', '0x8040c54', '0x8040c5c', '0x8040c64', '0x8040c6c', '0x8040c74', '0x8040c7c', '0x8040c84', '0x8040c8c', '0x8040c94', '0x8040c9c', '0x8040ca4', '0x8040cac', '0x8040cb4', '0x8040cbc', '0x8040cc4', '0x8040ccc']
type: cond
adj_instr: 0x8040cec
-----
 
Current node
start_addr: 0x8040cde
end_addr: 0x8040ce8
successors: ['0x8040cec', '0x80409ea']
parents: ['0x8040af4', '0x8040afc', '0x8040b04', '0x8040b0c', '0x8040b14', '0x8040b1c', '0x8040b24', '0x8040b2c', '0x8040b34', '0x8040b3c', '0x8040b44', '0x8040b4c', '0x8040b54', '0x8040b5c', '0x8040b64', '0x8040b6c', '0x8040b74', '0x8040b7c', '0x8040b84', '0x8040b8c', '0x8040b94', '0x8040b9c', '0x8040ba4', '0x8040bac', '0x8040bb4', '0x8040bbc', '0x8040bc4', '0x8040bcc', '0x8040bd4', '0x8040bdc', '0x8040be4', '0x8040bec', '0x8040bf4', '0x8040bfc', '0x8040c04', '0x8040c0c', '0x8040c14', '0x8040c1c', '0x8040c24', '0x8040c2c', '0x8040c34', '0x8040c3c', '0x8040c44', '0x8040c4c', '0x8040c54', '0x8040c5c', '0x8040c64', '0x8040c6c', '0x8040c74', '0x8040c7c', '0x8040c84', '0x8040c8c', '0x8040c94', '0x8040c9c', '0x8040ca4', '0x8040cac', '0x8040cb4', '0x8040cbc', '0x8040cc4', '0x8040ccc']
type: cond
adj_instr: 0x8040cec
log_idx: 98
log_node.dest_addr: 0x80409ea
 
Current node
start_addr: 0x80409ea
end_addr: 0x80409f2
successors: ['0x80409f6', '0x8040cd4']
parents: ['0x8040cd4', '0x8040ce4', '0x8040cde']
type: cond
adj_instr: 0x80409f6
log_idx: 99
log_node.dest_addr: 0x80409f6
 
Current node
start_addr: 0x80409f6
end_addr: 0x8040a00
successors: ['0x8040af4', '0x8040afc', '0x8040b04', '0x8040b0c', '0x8040b14', '0x8040b1c', '0x8040b24', '0x8040b2c', '0x8040b34', '0x8040b3c', '0x8040b44', '0x8040b4c', '0x8040b54', '0x8040b5c', '0x8040b64', '0x8040b6c', '0x8040b74', '0x8040b7c', '0x8040b84', '0x8040b8c', '0x8040b94', '0x8040b9c', '0x8040ba4', '0x8040bac', '0x8040bb4', '0x8040bbc', '0x8040bc4', '0x8040bcc', '0x8040bd4', '0x8040bdc', '0x8040be4', '0x8040bec', '0x8040bf4', '0x8040bfc', '0x8040c04', '0x8040c0c', '0x8040c14', '0x8040c1c', '0x8040c24', '0x8040c2c', '0x8040c34', '0x8040c3c', '0x8040c44', '0x8040c4c', '0x8040c54', '0x8040c5c', '0x8040c64', '0x8040c6c', '0x8040c74', '0x8040c7c', '0x8040c84', '0x8040c8c', '0x8040c94', '0x8040c9c', '0x8040ca4', '0x8040cac', '0x8040cb4', '0x8040cbc', '0x8040cc4', '0x8040ccc']
parents: ['0x80409ea']
type: uncond
adj_instr: 0x8040af4
log_idx: 100
log_node.dest_addr: 0x8040ba4
 
Current node
start_addr: 0x8040ba4
end_addr: 0x8040baa
successors: ['0x8040cde']
parents: ['0x80409f6']
type: uncond
adj_instr: 0x8040bac
log_idx: 101
log_node.dest_addr: 0x80409ea
-----
changed node
start_addr: 0x8040cde
end_addr: 0x8040ce8
successors: ['0x8040cec', '0x80409ea']
parents: ['0x8040af4', '0x8040afc', '0x8040b04', '0x8040b0c', '0x8040b14', '0x8040b1c', '0x8040b24', '0x8040b2c', '0x8040b34', '0x8040b3c', '0x8040b44', '0x8040b4c', '0x8040b54', '0x8040b5c', '0x8040b64', '0x8040b6c', '0x8040b74', '0x8040b7c', '0x8040b84', '0x8040b8c', '0x8040b94', '0x8040b9c', '0x8040ba4', '0x8040bac', '0x8040bb4', '0x8040bbc', '0x8040bc4', '0x8040bcc', '0x8040bd4', '0x8040bdc', '0x8040be4', '0x8040bec', '0x8040bf4', '0x8040bfc', '0x8040c04', '0x8040c0c', '0x8040c14', '0x8040c1c', '0x8040c24', '0x8040c2c', '0x8040c34', '0x8040c3c', '0x8040c44', '0x8040c4c', '0x8040c54', '0x8040c5c', '0x8040c64', '0x8040c6c', '0x8040c74', '0x8040c7c', '0x8040c84', '0x8040c8c', '0x8040c94', '0x8040c9c', '0x8040ca4', '0x8040cac', '0x8040cb4', '0x8040cbc', '0x8040cc4', '0x8040ccc']
type: cond
adj_instr: 0x8040cec
-----
 
Current node
start_addr: 0x8040cde
end_addr: 0x8040ce8
successors: ['0x8040cec', '0x80409ea']
parents: ['0x8040af4', '0x8040afc', '0x8040b04', '0x8040b0c', '0x8040b14', '0x8040b1c', '0x8040b24', '0x8040b2c', '0x8040b34', '0x8040b3c', '0x8040b44', '0x8040b4c', '0x8040b54', '0x8040b5c', '0x8040b64', '0x8040b6c', '0x8040b74', '0x8040b7c', '0x8040b84', '0x8040b8c', '0x8040b94', '0x8040b9c', '0x8040ba4', '0x8040bac', '0x8040bb4', '0x8040bbc', '0x8040bc4', '0x8040bcc', '0x8040bd4', '0x8040bdc', '0x8040be4', '0x8040bec', '0x8040bf4', '0x8040bfc', '0x8040c04', '0x8040c0c', '0x8040c14', '0x8040c1c', '0x8040c24', '0x8040c2c', '0x8040c34', '0x8040c3c', '0x8040c44', '0x8040c4c', '0x8040c54', '0x8040c5c', '0x8040c64', '0x8040c6c', '0x8040c74', '0x8040c7c', '0x8040c84', '0x8040c8c', '0x8040c94', '0x8040c9c', '0x8040ca4', '0x8040cac', '0x8040cb4', '0x8040cbc', '0x8040cc4', '0x8040ccc']
type: cond
adj_instr: 0x8040cec
log_idx: 101
log_node.dest_addr: 0x80409ea
 
Current node
start_addr: 0x80409ea
end_addr: 0x80409f2
successors: ['0x80409f6', '0x8040cd4']
parents: ['0x8040cd4', '0x8040ce4', '0x8040cde']
type: cond
adj_instr: 0x80409f6
log_idx: 102
log_node.dest_addr: 0x80409f6
 
Current node
start_addr: 0x80409f6
end_addr: 0x8040a00
successors: ['0x8040af4', '0x8040afc', '0x8040b04', '0x8040b0c', '0x8040b14', '0x8040b1c', '0x8040b24', '0x8040b2c', '0x8040b34', '0x8040b3c', '0x8040b44', '0x8040b4c', '0x8040b54', '0x8040b5c', '0x8040b64', '0x8040b6c', '0x8040b74', '0x8040b7c', '0x8040b84', '0x8040b8c', '0x8040b94', '0x8040b9c', '0x8040ba4', '0x8040bac', '0x8040bb4', '0x8040bbc', '0x8040bc4', '0x8040bcc', '0x8040bd4', '0x8040bdc', '0x8040be4', '0x8040bec', '0x8040bf4', '0x8040bfc', '0x8040c04', '0x8040c0c', '0x8040c14', '0x8040c1c', '0x8040c24', '0x8040c2c', '0x8040c34', '0x8040c3c', '0x8040c44', '0x8040c4c', '0x8040c54', '0x8040c5c', '0x8040c64', '0x8040c6c', '0x8040c74', '0x8040c7c', '0x8040c84', '0x8040c8c', '0x8040c94', '0x8040c9c', '0x8040ca4', '0x8040cac', '0x8040cb4', '0x8040cbc', '0x8040cc4', '0x8040ccc']
parents: ['0x80409ea']
type: uncond
adj_instr: 0x8040af4
log_idx: 103
log_node.dest_addr: 0x8040bac
 
Current node
start_addr: 0x8040bac
end_addr: 0x8040bb2
successors: ['0x8040cde']
parents: ['0x80409f6']
type: uncond
adj_instr: 0x8040bb4
log_idx: 104
log_node.dest_addr: 0x80409ea
-----
changed node
start_addr: 0x8040cde
end_addr: 0x8040ce8
successors: ['0x8040cec', '0x80409ea']
parents: ['0x8040af4', '0x8040afc', '0x8040b04', '0x8040b0c', '0x8040b14', '0x8040b1c', '0x8040b24', '0x8040b2c', '0x8040b34', '0x8040b3c', '0x8040b44', '0x8040b4c', '0x8040b54', '0x8040b5c', '0x8040b64', '0x8040b6c', '0x8040b74', '0x8040b7c', '0x8040b84', '0x8040b8c', '0x8040b94', '0x8040b9c', '0x8040ba4', '0x8040bac', '0x8040bb4', '0x8040bbc', '0x8040bc4', '0x8040bcc', '0x8040bd4', '0x8040bdc', '0x8040be4', '0x8040bec', '0x8040bf4', '0x8040bfc', '0x8040c04', '0x8040c0c', '0x8040c14', '0x8040c1c', '0x8040c24', '0x8040c2c', '0x8040c34', '0x8040c3c', '0x8040c44', '0x8040c4c', '0x8040c54', '0x8040c5c', '0x8040c64', '0x8040c6c', '0x8040c74', '0x8040c7c', '0x8040c84', '0x8040c8c', '0x8040c94', '0x8040c9c', '0x8040ca4', '0x8040cac', '0x8040cb4', '0x8040cbc', '0x8040cc4', '0x8040ccc']
type: cond
adj_instr: 0x8040cec
-----
 
Current node
start_addr: 0x8040cde
end_addr: 0x8040ce8
successors: ['0x8040cec', '0x80409ea']
parents: ['0x8040af4', '0x8040afc', '0x8040b04', '0x8040b0c', '0x8040b14', '0x8040b1c', '0x8040b24', '0x8040b2c', '0x8040b34', '0x8040b3c', '0x8040b44', '0x8040b4c', '0x8040b54', '0x8040b5c', '0x8040b64', '0x8040b6c', '0x8040b74', '0x8040b7c', '0x8040b84', '0x8040b8c', '0x8040b94', '0x8040b9c', '0x8040ba4', '0x8040bac', '0x8040bb4', '0x8040bbc', '0x8040bc4', '0x8040bcc', '0x8040bd4', '0x8040bdc', '0x8040be4', '0x8040bec', '0x8040bf4', '0x8040bfc', '0x8040c04', '0x8040c0c', '0x8040c14', '0x8040c1c', '0x8040c24', '0x8040c2c', '0x8040c34', '0x8040c3c', '0x8040c44', '0x8040c4c', '0x8040c54', '0x8040c5c', '0x8040c64', '0x8040c6c', '0x8040c74', '0x8040c7c', '0x8040c84', '0x8040c8c', '0x8040c94', '0x8040c9c', '0x8040ca4', '0x8040cac', '0x8040cb4', '0x8040cbc', '0x8040cc4', '0x8040ccc']
type: cond
adj_instr: 0x8040cec
log_idx: 104
log_node.dest_addr: 0x80409ea
 
Current node
start_addr: 0x80409ea
end_addr: 0x80409f2
successors: ['0x80409f6', '0x8040cd4']
parents: ['0x8040cd4', '0x8040ce4', '0x8040cde']
type: cond
adj_instr: 0x80409f6
log_idx: 105
log_node.dest_addr: 0x80409f6
 
Current node
start_addr: 0x80409f6
end_addr: 0x8040a00
successors: ['0x8040af4', '0x8040afc', '0x8040b04', '0x8040b0c', '0x8040b14', '0x8040b1c', '0x8040b24', '0x8040b2c', '0x8040b34', '0x8040b3c', '0x8040b44', '0x8040b4c', '0x8040b54', '0x8040b5c', '0x8040b64', '0x8040b6c', '0x8040b74', '0x8040b7c', '0x8040b84', '0x8040b8c', '0x8040b94', '0x8040b9c', '0x8040ba4', '0x8040bac', '0x8040bb4', '0x8040bbc', '0x8040bc4', '0x8040bcc', '0x8040bd4', '0x8040bdc', '0x8040be4', '0x8040bec', '0x8040bf4', '0x8040bfc', '0x8040c04', '0x8040c0c', '0x8040c14', '0x8040c1c', '0x8040c24', '0x8040c2c', '0x8040c34', '0x8040c3c', '0x8040c44', '0x8040c4c', '0x8040c54', '0x8040c5c', '0x8040c64', '0x8040c6c', '0x8040c74', '0x8040c7c', '0x8040c84', '0x8040c8c', '0x8040c94', '0x8040c9c', '0x8040ca4', '0x8040cac', '0x8040cb4', '0x8040cbc', '0x8040cc4', '0x8040ccc']
parents: ['0x80409ea']
type: uncond
adj_instr: 0x8040af4
log_idx: 106
log_node.dest_addr: 0x8040bb4
 
Current node
start_addr: 0x8040bb4
end_addr: 0x8040bba
successors: ['0x8040cde']
parents: ['0x80409f6']
type: uncond
adj_instr: 0x8040bbc
log_idx: 107
log_node.dest_addr: 0x80409ea
-----
changed node
start_addr: 0x8040cde
end_addr: 0x8040ce8
successors: ['0x8040cec', '0x80409ea']
parents: ['0x8040af4', '0x8040afc', '0x8040b04', '0x8040b0c', '0x8040b14', '0x8040b1c', '0x8040b24', '0x8040b2c', '0x8040b34', '0x8040b3c', '0x8040b44', '0x8040b4c', '0x8040b54', '0x8040b5c', '0x8040b64', '0x8040b6c', '0x8040b74', '0x8040b7c', '0x8040b84', '0x8040b8c', '0x8040b94', '0x8040b9c', '0x8040ba4', '0x8040bac', '0x8040bb4', '0x8040bbc', '0x8040bc4', '0x8040bcc', '0x8040bd4', '0x8040bdc', '0x8040be4', '0x8040bec', '0x8040bf4', '0x8040bfc', '0x8040c04', '0x8040c0c', '0x8040c14', '0x8040c1c', '0x8040c24', '0x8040c2c', '0x8040c34', '0x8040c3c', '0x8040c44', '0x8040c4c', '0x8040c54', '0x8040c5c', '0x8040c64', '0x8040c6c', '0x8040c74', '0x8040c7c', '0x8040c84', '0x8040c8c', '0x8040c94', '0x8040c9c', '0x8040ca4', '0x8040cac', '0x8040cb4', '0x8040cbc', '0x8040cc4', '0x8040ccc']
type: cond
adj_instr: 0x8040cec
-----
 
Current node
start_addr: 0x8040cde
end_addr: 0x8040ce8
successors: ['0x8040cec', '0x80409ea']
parents: ['0x8040af4', '0x8040afc', '0x8040b04', '0x8040b0c', '0x8040b14', '0x8040b1c', '0x8040b24', '0x8040b2c', '0x8040b34', '0x8040b3c', '0x8040b44', '0x8040b4c', '0x8040b54', '0x8040b5c', '0x8040b64', '0x8040b6c', '0x8040b74', '0x8040b7c', '0x8040b84', '0x8040b8c', '0x8040b94', '0x8040b9c', '0x8040ba4', '0x8040bac', '0x8040bb4', '0x8040bbc', '0x8040bc4', '0x8040bcc', '0x8040bd4', '0x8040bdc', '0x8040be4', '0x8040bec', '0x8040bf4', '0x8040bfc', '0x8040c04', '0x8040c0c', '0x8040c14', '0x8040c1c', '0x8040c24', '0x8040c2c', '0x8040c34', '0x8040c3c', '0x8040c44', '0x8040c4c', '0x8040c54', '0x8040c5c', '0x8040c64', '0x8040c6c', '0x8040c74', '0x8040c7c', '0x8040c84', '0x8040c8c', '0x8040c94', '0x8040c9c', '0x8040ca4', '0x8040cac', '0x8040cb4', '0x8040cbc', '0x8040cc4', '0x8040ccc']
type: cond
adj_instr: 0x8040cec
log_idx: 107
log_node.dest_addr: 0x80409ea
 
Current node
start_addr: 0x80409ea
end_addr: 0x80409f2
successors: ['0x80409f6', '0x8040cd4']
parents: ['0x8040cd4', '0x8040ce4', '0x8040cde']
type: cond
adj_instr: 0x80409f6
log_idx: 108
log_node.dest_addr: 0x80409f6
 
Current node
start_addr: 0x80409f6
end_addr: 0x8040a00
successors: ['0x8040af4', '0x8040afc', '0x8040b04', '0x8040b0c', '0x8040b14', '0x8040b1c', '0x8040b24', '0x8040b2c', '0x8040b34', '0x8040b3c', '0x8040b44', '0x8040b4c', '0x8040b54', '0x8040b5c', '0x8040b64', '0x8040b6c', '0x8040b74', '0x8040b7c', '0x8040b84', '0x8040b8c', '0x8040b94', '0x8040b9c', '0x8040ba4', '0x8040bac', '0x8040bb4', '0x8040bbc', '0x8040bc4', '0x8040bcc', '0x8040bd4', '0x8040bdc', '0x8040be4', '0x8040bec', '0x8040bf4', '0x8040bfc', '0x8040c04', '0x8040c0c', '0x8040c14', '0x8040c1c', '0x8040c24', '0x8040c2c', '0x8040c34', '0x8040c3c', '0x8040c44', '0x8040c4c', '0x8040c54', '0x8040c5c', '0x8040c64', '0x8040c6c', '0x8040c74', '0x8040c7c', '0x8040c84', '0x8040c8c', '0x8040c94', '0x8040c9c', '0x8040ca4', '0x8040cac', '0x8040cb4', '0x8040cbc', '0x8040cc4', '0x8040ccc']
parents: ['0x80409ea']
type: uncond
adj_instr: 0x8040af4
log_idx: 109
log_node.dest_addr: 0x8040bbc
 
Current node
start_addr: 0x8040bbc
end_addr: 0x8040bc2
successors: ['0x8040cde']
parents: ['0x80409f6']
type: uncond
adj_instr: 0x8040bc4
log_idx: 110
log_node.dest_addr: 0x80409ea
-----
changed node
start_addr: 0x8040cde
end_addr: 0x8040ce8
successors: ['0x8040cec', '0x80409ea']
parents: ['0x8040af4', '0x8040afc', '0x8040b04', '0x8040b0c', '0x8040b14', '0x8040b1c', '0x8040b24', '0x8040b2c', '0x8040b34', '0x8040b3c', '0x8040b44', '0x8040b4c', '0x8040b54', '0x8040b5c', '0x8040b64', '0x8040b6c', '0x8040b74', '0x8040b7c', '0x8040b84', '0x8040b8c', '0x8040b94', '0x8040b9c', '0x8040ba4', '0x8040bac', '0x8040bb4', '0x8040bbc', '0x8040bc4', '0x8040bcc', '0x8040bd4', '0x8040bdc', '0x8040be4', '0x8040bec', '0x8040bf4', '0x8040bfc', '0x8040c04', '0x8040c0c', '0x8040c14', '0x8040c1c', '0x8040c24', '0x8040c2c', '0x8040c34', '0x8040c3c', '0x8040c44', '0x8040c4c', '0x8040c54', '0x8040c5c', '0x8040c64', '0x8040c6c', '0x8040c74', '0x8040c7c', '0x8040c84', '0x8040c8c', '0x8040c94', '0x8040c9c', '0x8040ca4', '0x8040cac', '0x8040cb4', '0x8040cbc', '0x8040cc4', '0x8040ccc']
type: cond
adj_instr: 0x8040cec
-----
 
Current node
start_addr: 0x8040cde
end_addr: 0x8040ce8
successors: ['0x8040cec', '0x80409ea']
parents: ['0x8040af4', '0x8040afc', '0x8040b04', '0x8040b0c', '0x8040b14', '0x8040b1c', '0x8040b24', '0x8040b2c', '0x8040b34', '0x8040b3c', '0x8040b44', '0x8040b4c', '0x8040b54', '0x8040b5c', '0x8040b64', '0x8040b6c', '0x8040b74', '0x8040b7c', '0x8040b84', '0x8040b8c', '0x8040b94', '0x8040b9c', '0x8040ba4', '0x8040bac', '0x8040bb4', '0x8040bbc', '0x8040bc4', '0x8040bcc', '0x8040bd4', '0x8040bdc', '0x8040be4', '0x8040bec', '0x8040bf4', '0x8040bfc', '0x8040c04', '0x8040c0c', '0x8040c14', '0x8040c1c', '0x8040c24', '0x8040c2c', '0x8040c34', '0x8040c3c', '0x8040c44', '0x8040c4c', '0x8040c54', '0x8040c5c', '0x8040c64', '0x8040c6c', '0x8040c74', '0x8040c7c', '0x8040c84', '0x8040c8c', '0x8040c94', '0x8040c9c', '0x8040ca4', '0x8040cac', '0x8040cb4', '0x8040cbc', '0x8040cc4', '0x8040ccc']
type: cond
adj_instr: 0x8040cec
log_idx: 110
log_node.dest_addr: 0x80409ea
 
Current node
start_addr: 0x80409ea
end_addr: 0x80409f2
successors: ['0x80409f6', '0x8040cd4']
parents: ['0x8040cd4', '0x8040ce4', '0x8040cde']
type: cond
adj_instr: 0x80409f6
log_idx: 111
log_node.dest_addr: 0x80409f6
 
Current node
start_addr: 0x80409f6
end_addr: 0x8040a00
successors: ['0x8040af4', '0x8040afc', '0x8040b04', '0x8040b0c', '0x8040b14', '0x8040b1c', '0x8040b24', '0x8040b2c', '0x8040b34', '0x8040b3c', '0x8040b44', '0x8040b4c', '0x8040b54', '0x8040b5c', '0x8040b64', '0x8040b6c', '0x8040b74', '0x8040b7c', '0x8040b84', '0x8040b8c', '0x8040b94', '0x8040b9c', '0x8040ba4', '0x8040bac', '0x8040bb4', '0x8040bbc', '0x8040bc4', '0x8040bcc', '0x8040bd4', '0x8040bdc', '0x8040be4', '0x8040bec', '0x8040bf4', '0x8040bfc', '0x8040c04', '0x8040c0c', '0x8040c14', '0x8040c1c', '0x8040c24', '0x8040c2c', '0x8040c34', '0x8040c3c', '0x8040c44', '0x8040c4c', '0x8040c54', '0x8040c5c', '0x8040c64', '0x8040c6c', '0x8040c74', '0x8040c7c', '0x8040c84', '0x8040c8c', '0x8040c94', '0x8040c9c', '0x8040ca4', '0x8040cac', '0x8040cb4', '0x8040cbc', '0x8040cc4', '0x8040ccc']
parents: ['0x80409ea']
type: uncond
adj_instr: 0x8040af4
log_idx: 112
log_node.dest_addr: 0x8040bc4
 
Current node
start_addr: 0x8040bc4
end_addr: 0x8040bca
successors: ['0x8040cde']
parents: ['0x80409f6']
type: uncond
adj_instr: 0x8040bcc
log_idx: 113
log_node.dest_addr: 0x80409ea
-----
changed node
start_addr: 0x8040cde
end_addr: 0x8040ce8
successors: ['0x8040cec', '0x80409ea']
parents: ['0x8040af4', '0x8040afc', '0x8040b04', '0x8040b0c', '0x8040b14', '0x8040b1c', '0x8040b24', '0x8040b2c', '0x8040b34', '0x8040b3c', '0x8040b44', '0x8040b4c', '0x8040b54', '0x8040b5c', '0x8040b64', '0x8040b6c', '0x8040b74', '0x8040b7c', '0x8040b84', '0x8040b8c', '0x8040b94', '0x8040b9c', '0x8040ba4', '0x8040bac', '0x8040bb4', '0x8040bbc', '0x8040bc4', '0x8040bcc', '0x8040bd4', '0x8040bdc', '0x8040be4', '0x8040bec', '0x8040bf4', '0x8040bfc', '0x8040c04', '0x8040c0c', '0x8040c14', '0x8040c1c', '0x8040c24', '0x8040c2c', '0x8040c34', '0x8040c3c', '0x8040c44', '0x8040c4c', '0x8040c54', '0x8040c5c', '0x8040c64', '0x8040c6c', '0x8040c74', '0x8040c7c', '0x8040c84', '0x8040c8c', '0x8040c94', '0x8040c9c', '0x8040ca4', '0x8040cac', '0x8040cb4', '0x8040cbc', '0x8040cc4', '0x8040ccc']
type: cond
adj_instr: 0x8040cec
-----
 
Current node
start_addr: 0x8040cde
end_addr: 0x8040ce8
successors: ['0x8040cec', '0x80409ea']
parents: ['0x8040af4', '0x8040afc', '0x8040b04', '0x8040b0c', '0x8040b14', '0x8040b1c', '0x8040b24', '0x8040b2c', '0x8040b34', '0x8040b3c', '0x8040b44', '0x8040b4c', '0x8040b54', '0x8040b5c', '0x8040b64', '0x8040b6c', '0x8040b74', '0x8040b7c', '0x8040b84', '0x8040b8c', '0x8040b94', '0x8040b9c', '0x8040ba4', '0x8040bac', '0x8040bb4', '0x8040bbc', '0x8040bc4', '0x8040bcc', '0x8040bd4', '0x8040bdc', '0x8040be4', '0x8040bec', '0x8040bf4', '0x8040bfc', '0x8040c04', '0x8040c0c', '0x8040c14', '0x8040c1c', '0x8040c24', '0x8040c2c', '0x8040c34', '0x8040c3c', '0x8040c44', '0x8040c4c', '0x8040c54', '0x8040c5c', '0x8040c64', '0x8040c6c', '0x8040c74', '0x8040c7c', '0x8040c84', '0x8040c8c', '0x8040c94', '0x8040c9c', '0x8040ca4', '0x8040cac', '0x8040cb4', '0x8040cbc', '0x8040cc4', '0x8040ccc']
type: cond
adj_instr: 0x8040cec
log_idx: 113
log_node.dest_addr: 0x80409ea
 
Current node
start_addr: 0x80409ea
end_addr: 0x80409f2
successors: ['0x80409f6', '0x8040cd4']
parents: ['0x8040cd4', '0x8040ce4', '0x8040cde']
type: cond
adj_instr: 0x80409f6
log_idx: 114
log_node.dest_addr: 0x80409f6
 
Current node
start_addr: 0x80409f6
end_addr: 0x8040a00
successors: ['0x8040af4', '0x8040afc', '0x8040b04', '0x8040b0c', '0x8040b14', '0x8040b1c', '0x8040b24', '0x8040b2c', '0x8040b34', '0x8040b3c', '0x8040b44', '0x8040b4c', '0x8040b54', '0x8040b5c', '0x8040b64', '0x8040b6c', '0x8040b74', '0x8040b7c', '0x8040b84', '0x8040b8c', '0x8040b94', '0x8040b9c', '0x8040ba4', '0x8040bac', '0x8040bb4', '0x8040bbc', '0x8040bc4', '0x8040bcc', '0x8040bd4', '0x8040bdc', '0x8040be4', '0x8040bec', '0x8040bf4', '0x8040bfc', '0x8040c04', '0x8040c0c', '0x8040c14', '0x8040c1c', '0x8040c24', '0x8040c2c', '0x8040c34', '0x8040c3c', '0x8040c44', '0x8040c4c', '0x8040c54', '0x8040c5c', '0x8040c64', '0x8040c6c', '0x8040c74', '0x8040c7c', '0x8040c84', '0x8040c8c', '0x8040c94', '0x8040c9c', '0x8040ca4', '0x8040cac', '0x8040cb4', '0x8040cbc', '0x8040cc4', '0x8040ccc']
parents: ['0x80409ea']
type: uncond
adj_instr: 0x8040af4
log_idx: 115
log_node.dest_addr: 0x8040bcc
 
Current node
start_addr: 0x8040bcc
end_addr: 0x8040bd2
successors: ['0x8040cde']
parents: ['0x80409f6']
type: uncond
adj_instr: 0x8040bd4
log_idx: 116
log_node.dest_addr: 0x80409ea
-----
changed node
start_addr: 0x8040cde
end_addr: 0x8040ce8
successors: ['0x8040cec', '0x80409ea']
parents: ['0x8040af4', '0x8040afc', '0x8040b04', '0x8040b0c', '0x8040b14', '0x8040b1c', '0x8040b24', '0x8040b2c', '0x8040b34', '0x8040b3c', '0x8040b44', '0x8040b4c', '0x8040b54', '0x8040b5c', '0x8040b64', '0x8040b6c', '0x8040b74', '0x8040b7c', '0x8040b84', '0x8040b8c', '0x8040b94', '0x8040b9c', '0x8040ba4', '0x8040bac', '0x8040bb4', '0x8040bbc', '0x8040bc4', '0x8040bcc', '0x8040bd4', '0x8040bdc', '0x8040be4', '0x8040bec', '0x8040bf4', '0x8040bfc', '0x8040c04', '0x8040c0c', '0x8040c14', '0x8040c1c', '0x8040c24', '0x8040c2c', '0x8040c34', '0x8040c3c', '0x8040c44', '0x8040c4c', '0x8040c54', '0x8040c5c', '0x8040c64', '0x8040c6c', '0x8040c74', '0x8040c7c', '0x8040c84', '0x8040c8c', '0x8040c94', '0x8040c9c', '0x8040ca4', '0x8040cac', '0x8040cb4', '0x8040cbc', '0x8040cc4', '0x8040ccc']
type: cond
adj_instr: 0x8040cec
-----
 
Current node
start_addr: 0x8040cde
end_addr: 0x8040ce8
successors: ['0x8040cec', '0x80409ea']
parents: ['0x8040af4', '0x8040afc', '0x8040b04', '0x8040b0c', '0x8040b14', '0x8040b1c', '0x8040b24', '0x8040b2c', '0x8040b34', '0x8040b3c', '0x8040b44', '0x8040b4c', '0x8040b54', '0x8040b5c', '0x8040b64', '0x8040b6c', '0x8040b74', '0x8040b7c', '0x8040b84', '0x8040b8c', '0x8040b94', '0x8040b9c', '0x8040ba4', '0x8040bac', '0x8040bb4', '0x8040bbc', '0x8040bc4', '0x8040bcc', '0x8040bd4', '0x8040bdc', '0x8040be4', '0x8040bec', '0x8040bf4', '0x8040bfc', '0x8040c04', '0x8040c0c', '0x8040c14', '0x8040c1c', '0x8040c24', '0x8040c2c', '0x8040c34', '0x8040c3c', '0x8040c44', '0x8040c4c', '0x8040c54', '0x8040c5c', '0x8040c64', '0x8040c6c', '0x8040c74', '0x8040c7c', '0x8040c84', '0x8040c8c', '0x8040c94', '0x8040c9c', '0x8040ca4', '0x8040cac', '0x8040cb4', '0x8040cbc', '0x8040cc4', '0x8040ccc']
type: cond
adj_instr: 0x8040cec
log_idx: 116
log_node.dest_addr: 0x80409ea
 
Current node
start_addr: 0x80409ea
end_addr: 0x80409f2
successors: ['0x80409f6', '0x8040cd4']
parents: ['0x8040cd4', '0x8040ce4', '0x8040cde']
type: cond
adj_instr: 0x80409f6
log_idx: 117
log_node.dest_addr: 0x80409f6
 
Current node
start_addr: 0x80409f6
end_addr: 0x8040a00
successors: ['0x8040af4', '0x8040afc', '0x8040b04', '0x8040b0c', '0x8040b14', '0x8040b1c', '0x8040b24', '0x8040b2c', '0x8040b34', '0x8040b3c', '0x8040b44', '0x8040b4c', '0x8040b54', '0x8040b5c', '0x8040b64', '0x8040b6c', '0x8040b74', '0x8040b7c', '0x8040b84', '0x8040b8c', '0x8040b94', '0x8040b9c', '0x8040ba4', '0x8040bac', '0x8040bb4', '0x8040bbc', '0x8040bc4', '0x8040bcc', '0x8040bd4', '0x8040bdc', '0x8040be4', '0x8040bec', '0x8040bf4', '0x8040bfc', '0x8040c04', '0x8040c0c', '0x8040c14', '0x8040c1c', '0x8040c24', '0x8040c2c', '0x8040c34', '0x8040c3c', '0x8040c44', '0x8040c4c', '0x8040c54', '0x8040c5c', '0x8040c64', '0x8040c6c', '0x8040c74', '0x8040c7c', '0x8040c84', '0x8040c8c', '0x8040c94', '0x8040c9c', '0x8040ca4', '0x8040cac', '0x8040cb4', '0x8040cbc', '0x8040cc4', '0x8040ccc']
parents: ['0x80409ea']
type: uncond
adj_instr: 0x8040af4
log_idx: 118
log_node.dest_addr: 0x8040bd4
 
Current node
start_addr: 0x8040bd4
end_addr: 0x8040bda
successors: ['0x8040cde']
parents: ['0x80409f6']
type: uncond
adj_instr: 0x8040bdc
log_idx: 119
log_node.dest_addr: 0x80409ea
-----
changed node
start_addr: 0x8040cde
end_addr: 0x8040ce8
successors: ['0x8040cec', '0x80409ea']
parents: ['0x8040af4', '0x8040afc', '0x8040b04', '0x8040b0c', '0x8040b14', '0x8040b1c', '0x8040b24', '0x8040b2c', '0x8040b34', '0x8040b3c', '0x8040b44', '0x8040b4c', '0x8040b54', '0x8040b5c', '0x8040b64', '0x8040b6c', '0x8040b74', '0x8040b7c', '0x8040b84', '0x8040b8c', '0x8040b94', '0x8040b9c', '0x8040ba4', '0x8040bac', '0x8040bb4', '0x8040bbc', '0x8040bc4', '0x8040bcc', '0x8040bd4', '0x8040bdc', '0x8040be4', '0x8040bec', '0x8040bf4', '0x8040bfc', '0x8040c04', '0x8040c0c', '0x8040c14', '0x8040c1c', '0x8040c24', '0x8040c2c', '0x8040c34', '0x8040c3c', '0x8040c44', '0x8040c4c', '0x8040c54', '0x8040c5c', '0x8040c64', '0x8040c6c', '0x8040c74', '0x8040c7c', '0x8040c84', '0x8040c8c', '0x8040c94', '0x8040c9c', '0x8040ca4', '0x8040cac', '0x8040cb4', '0x8040cbc', '0x8040cc4', '0x8040ccc']
type: cond
adj_instr: 0x8040cec
-----
 
Current node
start_addr: 0x8040cde
end_addr: 0x8040ce8
successors: ['0x8040cec', '0x80409ea']
parents: ['0x8040af4', '0x8040afc', '0x8040b04', '0x8040b0c', '0x8040b14', '0x8040b1c', '0x8040b24', '0x8040b2c', '0x8040b34', '0x8040b3c', '0x8040b44', '0x8040b4c', '0x8040b54', '0x8040b5c', '0x8040b64', '0x8040b6c', '0x8040b74', '0x8040b7c', '0x8040b84', '0x8040b8c', '0x8040b94', '0x8040b9c', '0x8040ba4', '0x8040bac', '0x8040bb4', '0x8040bbc', '0x8040bc4', '0x8040bcc', '0x8040bd4', '0x8040bdc', '0x8040be4', '0x8040bec', '0x8040bf4', '0x8040bfc', '0x8040c04', '0x8040c0c', '0x8040c14', '0x8040c1c', '0x8040c24', '0x8040c2c', '0x8040c34', '0x8040c3c', '0x8040c44', '0x8040c4c', '0x8040c54', '0x8040c5c', '0x8040c64', '0x8040c6c', '0x8040c74', '0x8040c7c', '0x8040c84', '0x8040c8c', '0x8040c94', '0x8040c9c', '0x8040ca4', '0x8040cac', '0x8040cb4', '0x8040cbc', '0x8040cc4', '0x8040ccc']
type: cond
adj_instr: 0x8040cec
log_idx: 119
log_node.dest_addr: 0x80409ea
 
Current node
start_addr: 0x80409ea
end_addr: 0x80409f2
successors: ['0x80409f6', '0x8040cd4']
parents: ['0x8040cd4', '0x8040ce4', '0x8040cde']
type: cond
adj_instr: 0x80409f6
log_idx: 120
log_node.dest_addr: 0x80409f6
 
Current node
start_addr: 0x80409f6
end_addr: 0x8040a00
successors: ['0x8040af4', '0x8040afc', '0x8040b04', '0x8040b0c', '0x8040b14', '0x8040b1c', '0x8040b24', '0x8040b2c', '0x8040b34', '0x8040b3c', '0x8040b44', '0x8040b4c', '0x8040b54', '0x8040b5c', '0x8040b64', '0x8040b6c', '0x8040b74', '0x8040b7c', '0x8040b84', '0x8040b8c', '0x8040b94', '0x8040b9c', '0x8040ba4', '0x8040bac', '0x8040bb4', '0x8040bbc', '0x8040bc4', '0x8040bcc', '0x8040bd4', '0x8040bdc', '0x8040be4', '0x8040bec', '0x8040bf4', '0x8040bfc', '0x8040c04', '0x8040c0c', '0x8040c14', '0x8040c1c', '0x8040c24', '0x8040c2c', '0x8040c34', '0x8040c3c', '0x8040c44', '0x8040c4c', '0x8040c54', '0x8040c5c', '0x8040c64', '0x8040c6c', '0x8040c74', '0x8040c7c', '0x8040c84', '0x8040c8c', '0x8040c94', '0x8040c9c', '0x8040ca4', '0x8040cac', '0x8040cb4', '0x8040cbc', '0x8040cc4', '0x8040ccc']
parents: ['0x80409ea']
type: uncond
adj_instr: 0x8040af4
log_idx: 121
log_node.dest_addr: 0x8040bdc
 
Current node
start_addr: 0x8040bdc
end_addr: 0x8040be2
successors: ['0x8040cde']
parents: ['0x80409f6']
type: uncond
adj_instr: 0x8040be4
log_idx: 122
log_node.dest_addr: 0x80409ea
-----
changed node
start_addr: 0x8040cde
end_addr: 0x8040ce8
successors: ['0x8040cec', '0x80409ea']
parents: ['0x8040af4', '0x8040afc', '0x8040b04', '0x8040b0c', '0x8040b14', '0x8040b1c', '0x8040b24', '0x8040b2c', '0x8040b34', '0x8040b3c', '0x8040b44', '0x8040b4c', '0x8040b54', '0x8040b5c', '0x8040b64', '0x8040b6c', '0x8040b74', '0x8040b7c', '0x8040b84', '0x8040b8c', '0x8040b94', '0x8040b9c', '0x8040ba4', '0x8040bac', '0x8040bb4', '0x8040bbc', '0x8040bc4', '0x8040bcc', '0x8040bd4', '0x8040bdc', '0x8040be4', '0x8040bec', '0x8040bf4', '0x8040bfc', '0x8040c04', '0x8040c0c', '0x8040c14', '0x8040c1c', '0x8040c24', '0x8040c2c', '0x8040c34', '0x8040c3c', '0x8040c44', '0x8040c4c', '0x8040c54', '0x8040c5c', '0x8040c64', '0x8040c6c', '0x8040c74', '0x8040c7c', '0x8040c84', '0x8040c8c', '0x8040c94', '0x8040c9c', '0x8040ca4', '0x8040cac', '0x8040cb4', '0x8040cbc', '0x8040cc4', '0x8040ccc']
type: cond
adj_instr: 0x8040cec
-----
 
Current node
start_addr: 0x8040cde
end_addr: 0x8040ce8
successors: ['0x8040cec', '0x80409ea']
parents: ['0x8040af4', '0x8040afc', '0x8040b04', '0x8040b0c', '0x8040b14', '0x8040b1c', '0x8040b24', '0x8040b2c', '0x8040b34', '0x8040b3c', '0x8040b44', '0x8040b4c', '0x8040b54', '0x8040b5c', '0x8040b64', '0x8040b6c', '0x8040b74', '0x8040b7c', '0x8040b84', '0x8040b8c', '0x8040b94', '0x8040b9c', '0x8040ba4', '0x8040bac', '0x8040bb4', '0x8040bbc', '0x8040bc4', '0x8040bcc', '0x8040bd4', '0x8040bdc', '0x8040be4', '0x8040bec', '0x8040bf4', '0x8040bfc', '0x8040c04', '0x8040c0c', '0x8040c14', '0x8040c1c', '0x8040c24', '0x8040c2c', '0x8040c34', '0x8040c3c', '0x8040c44', '0x8040c4c', '0x8040c54', '0x8040c5c', '0x8040c64', '0x8040c6c', '0x8040c74', '0x8040c7c', '0x8040c84', '0x8040c8c', '0x8040c94', '0x8040c9c', '0x8040ca4', '0x8040cac', '0x8040cb4', '0x8040cbc', '0x8040cc4', '0x8040ccc']
type: cond
adj_instr: 0x8040cec
log_idx: 122
log_node.dest_addr: 0x80409ea
 
Current node
start_addr: 0x80409ea
end_addr: 0x80409f2
successors: ['0x80409f6', '0x8040cd4']
parents: ['0x8040cd4', '0x8040ce4', '0x8040cde']
type: cond
adj_instr: 0x80409f6
log_idx: 123
log_node.dest_addr: 0x80409f6
 
Current node
start_addr: 0x80409f6
end_addr: 0x8040a00
successors: ['0x8040af4', '0x8040afc', '0x8040b04', '0x8040b0c', '0x8040b14', '0x8040b1c', '0x8040b24', '0x8040b2c', '0x8040b34', '0x8040b3c', '0x8040b44', '0x8040b4c', '0x8040b54', '0x8040b5c', '0x8040b64', '0x8040b6c', '0x8040b74', '0x8040b7c', '0x8040b84', '0x8040b8c', '0x8040b94', '0x8040b9c', '0x8040ba4', '0x8040bac', '0x8040bb4', '0x8040bbc', '0x8040bc4', '0x8040bcc', '0x8040bd4', '0x8040bdc', '0x8040be4', '0x8040bec', '0x8040bf4', '0x8040bfc', '0x8040c04', '0x8040c0c', '0x8040c14', '0x8040c1c', '0x8040c24', '0x8040c2c', '0x8040c34', '0x8040c3c', '0x8040c44', '0x8040c4c', '0x8040c54', '0x8040c5c', '0x8040c64', '0x8040c6c', '0x8040c74', '0x8040c7c', '0x8040c84', '0x8040c8c', '0x8040c94', '0x8040c9c', '0x8040ca4', '0x8040cac', '0x8040cb4', '0x8040cbc', '0x8040cc4', '0x8040ccc']
parents: ['0x80409ea']
type: uncond
adj_instr: 0x8040af4
log_idx: 124
log_node.dest_addr: 0x8040be4
 
Current node
start_addr: 0x8040be4
end_addr: 0x8040bea
successors: ['0x8040cde']
parents: ['0x80409f6']
type: uncond
adj_instr: 0x8040bec
log_idx: 125
log_node.dest_addr: 0x80409ea
-----
changed node
start_addr: 0x8040cde
end_addr: 0x8040ce8
successors: ['0x8040cec', '0x80409ea']
parents: ['0x8040af4', '0x8040afc', '0x8040b04', '0x8040b0c', '0x8040b14', '0x8040b1c', '0x8040b24', '0x8040b2c', '0x8040b34', '0x8040b3c', '0x8040b44', '0x8040b4c', '0x8040b54', '0x8040b5c', '0x8040b64', '0x8040b6c', '0x8040b74', '0x8040b7c', '0x8040b84', '0x8040b8c', '0x8040b94', '0x8040b9c', '0x8040ba4', '0x8040bac', '0x8040bb4', '0x8040bbc', '0x8040bc4', '0x8040bcc', '0x8040bd4', '0x8040bdc', '0x8040be4', '0x8040bec', '0x8040bf4', '0x8040bfc', '0x8040c04', '0x8040c0c', '0x8040c14', '0x8040c1c', '0x8040c24', '0x8040c2c', '0x8040c34', '0x8040c3c', '0x8040c44', '0x8040c4c', '0x8040c54', '0x8040c5c', '0x8040c64', '0x8040c6c', '0x8040c74', '0x8040c7c', '0x8040c84', '0x8040c8c', '0x8040c94', '0x8040c9c', '0x8040ca4', '0x8040cac', '0x8040cb4', '0x8040cbc', '0x8040cc4', '0x8040ccc']
type: cond
adj_instr: 0x8040cec
-----
 
Current node
start_addr: 0x8040cde
end_addr: 0x8040ce8
successors: ['0x8040cec', '0x80409ea']
parents: ['0x8040af4', '0x8040afc', '0x8040b04', '0x8040b0c', '0x8040b14', '0x8040b1c', '0x8040b24', '0x8040b2c', '0x8040b34', '0x8040b3c', '0x8040b44', '0x8040b4c', '0x8040b54', '0x8040b5c', '0x8040b64', '0x8040b6c', '0x8040b74', '0x8040b7c', '0x8040b84', '0x8040b8c', '0x8040b94', '0x8040b9c', '0x8040ba4', '0x8040bac', '0x8040bb4', '0x8040bbc', '0x8040bc4', '0x8040bcc', '0x8040bd4', '0x8040bdc', '0x8040be4', '0x8040bec', '0x8040bf4', '0x8040bfc', '0x8040c04', '0x8040c0c', '0x8040c14', '0x8040c1c', '0x8040c24', '0x8040c2c', '0x8040c34', '0x8040c3c', '0x8040c44', '0x8040c4c', '0x8040c54', '0x8040c5c', '0x8040c64', '0x8040c6c', '0x8040c74', '0x8040c7c', '0x8040c84', '0x8040c8c', '0x8040c94', '0x8040c9c', '0x8040ca4', '0x8040cac', '0x8040cb4', '0x8040cbc', '0x8040cc4', '0x8040ccc']
type: cond
adj_instr: 0x8040cec
log_idx: 125
log_node.dest_addr: 0x80409ea
 
Current node
start_addr: 0x80409ea
end_addr: 0x80409f2
successors: ['0x80409f6', '0x8040cd4']
parents: ['0x8040cd4', '0x8040ce4', '0x8040cde']
type: cond
adj_instr: 0x80409f6
log_idx: 126
log_node.dest_addr: 0x80409f6
 
Current node
start_addr: 0x80409f6
end_addr: 0x8040a00
successors: ['0x8040af4', '0x8040afc', '0x8040b04', '0x8040b0c', '0x8040b14', '0x8040b1c', '0x8040b24', '0x8040b2c', '0x8040b34', '0x8040b3c', '0x8040b44', '0x8040b4c', '0x8040b54', '0x8040b5c', '0x8040b64', '0x8040b6c', '0x8040b74', '0x8040b7c', '0x8040b84', '0x8040b8c', '0x8040b94', '0x8040b9c', '0x8040ba4', '0x8040bac', '0x8040bb4', '0x8040bbc', '0x8040bc4', '0x8040bcc', '0x8040bd4', '0x8040bdc', '0x8040be4', '0x8040bec', '0x8040bf4', '0x8040bfc', '0x8040c04', '0x8040c0c', '0x8040c14', '0x8040c1c', '0x8040c24', '0x8040c2c', '0x8040c34', '0x8040c3c', '0x8040c44', '0x8040c4c', '0x8040c54', '0x8040c5c', '0x8040c64', '0x8040c6c', '0x8040c74', '0x8040c7c', '0x8040c84', '0x8040c8c', '0x8040c94', '0x8040c9c', '0x8040ca4', '0x8040cac', '0x8040cb4', '0x8040cbc', '0x8040cc4', '0x8040ccc']
parents: ['0x80409ea']
type: uncond
adj_instr: 0x8040af4
log_idx: 127
log_node.dest_addr: 0x8040bec
 
Current node
start_addr: 0x8040bec
end_addr: 0x8040bf2
successors: ['0x8040cde']
parents: ['0x80409f6']
type: uncond
adj_instr: 0x8040bf4
log_idx: 128
log_node.dest_addr: 0x80409ea
-----
changed node
start_addr: 0x8040cde
end_addr: 0x8040ce8
successors: ['0x8040cec', '0x80409ea']
parents: ['0x8040af4', '0x8040afc', '0x8040b04', '0x8040b0c', '0x8040b14', '0x8040b1c', '0x8040b24', '0x8040b2c', '0x8040b34', '0x8040b3c', '0x8040b44', '0x8040b4c', '0x8040b54', '0x8040b5c', '0x8040b64', '0x8040b6c', '0x8040b74', '0x8040b7c', '0x8040b84', '0x8040b8c', '0x8040b94', '0x8040b9c', '0x8040ba4', '0x8040bac', '0x8040bb4', '0x8040bbc', '0x8040bc4', '0x8040bcc', '0x8040bd4', '0x8040bdc', '0x8040be4', '0x8040bec', '0x8040bf4', '0x8040bfc', '0x8040c04', '0x8040c0c', '0x8040c14', '0x8040c1c', '0x8040c24', '0x8040c2c', '0x8040c34', '0x8040c3c', '0x8040c44', '0x8040c4c', '0x8040c54', '0x8040c5c', '0x8040c64', '0x8040c6c', '0x8040c74', '0x8040c7c', '0x8040c84', '0x8040c8c', '0x8040c94', '0x8040c9c', '0x8040ca4', '0x8040cac', '0x8040cb4', '0x8040cbc', '0x8040cc4', '0x8040ccc']
type: cond
adj_instr: 0x8040cec
-----
 
Current node
start_addr: 0x8040cde
end_addr: 0x8040ce8
successors: ['0x8040cec', '0x80409ea']
parents: ['0x8040af4', '0x8040afc', '0x8040b04', '0x8040b0c', '0x8040b14', '0x8040b1c', '0x8040b24', '0x8040b2c', '0x8040b34', '0x8040b3c', '0x8040b44', '0x8040b4c', '0x8040b54', '0x8040b5c', '0x8040b64', '0x8040b6c', '0x8040b74', '0x8040b7c', '0x8040b84', '0x8040b8c', '0x8040b94', '0x8040b9c', '0x8040ba4', '0x8040bac', '0x8040bb4', '0x8040bbc', '0x8040bc4', '0x8040bcc', '0x8040bd4', '0x8040bdc', '0x8040be4', '0x8040bec', '0x8040bf4', '0x8040bfc', '0x8040c04', '0x8040c0c', '0x8040c14', '0x8040c1c', '0x8040c24', '0x8040c2c', '0x8040c34', '0x8040c3c', '0x8040c44', '0x8040c4c', '0x8040c54', '0x8040c5c', '0x8040c64', '0x8040c6c', '0x8040c74', '0x8040c7c', '0x8040c84', '0x8040c8c', '0x8040c94', '0x8040c9c', '0x8040ca4', '0x8040cac', '0x8040cb4', '0x8040cbc', '0x8040cc4', '0x8040ccc']
type: cond
adj_instr: 0x8040cec
log_idx: 128
log_node.dest_addr: 0x80409ea
 
Current node
start_addr: 0x80409ea
end_addr: 0x80409f2
successors: ['0x80409f6', '0x8040cd4']
parents: ['0x8040cd4', '0x8040ce4', '0x8040cde']
type: cond
adj_instr: 0x80409f6
log_idx: 129
log_node.dest_addr: 0x80409f6
 
Current node
start_addr: 0x80409f6
end_addr: 0x8040a00
successors: ['0x8040af4', '0x8040afc', '0x8040b04', '0x8040b0c', '0x8040b14', '0x8040b1c', '0x8040b24', '0x8040b2c', '0x8040b34', '0x8040b3c', '0x8040b44', '0x8040b4c', '0x8040b54', '0x8040b5c', '0x8040b64', '0x8040b6c', '0x8040b74', '0x8040b7c', '0x8040b84', '0x8040b8c', '0x8040b94', '0x8040b9c', '0x8040ba4', '0x8040bac', '0x8040bb4', '0x8040bbc', '0x8040bc4', '0x8040bcc', '0x8040bd4', '0x8040bdc', '0x8040be4', '0x8040bec', '0x8040bf4', '0x8040bfc', '0x8040c04', '0x8040c0c', '0x8040c14', '0x8040c1c', '0x8040c24', '0x8040c2c', '0x8040c34', '0x8040c3c', '0x8040c44', '0x8040c4c', '0x8040c54', '0x8040c5c', '0x8040c64', '0x8040c6c', '0x8040c74', '0x8040c7c', '0x8040c84', '0x8040c8c', '0x8040c94', '0x8040c9c', '0x8040ca4', '0x8040cac', '0x8040cb4', '0x8040cbc', '0x8040cc4', '0x8040ccc']
parents: ['0x80409ea']
type: uncond
adj_instr: 0x8040af4
log_idx: 130
log_node.dest_addr: 0x8040bf4
 
Current node
start_addr: 0x8040bf4
end_addr: 0x8040bfa
successors: ['0x8040cde']
parents: ['0x80409f6']
type: uncond
adj_instr: 0x8040bfc
log_idx: 131
log_node.dest_addr: 0x80409ea
-----
changed node
start_addr: 0x8040cde
end_addr: 0x8040ce8
successors: ['0x8040cec', '0x80409ea']
parents: ['0x8040af4', '0x8040afc', '0x8040b04', '0x8040b0c', '0x8040b14', '0x8040b1c', '0x8040b24', '0x8040b2c', '0x8040b34', '0x8040b3c', '0x8040b44', '0x8040b4c', '0x8040b54', '0x8040b5c', '0x8040b64', '0x8040b6c', '0x8040b74', '0x8040b7c', '0x8040b84', '0x8040b8c', '0x8040b94', '0x8040b9c', '0x8040ba4', '0x8040bac', '0x8040bb4', '0x8040bbc', '0x8040bc4', '0x8040bcc', '0x8040bd4', '0x8040bdc', '0x8040be4', '0x8040bec', '0x8040bf4', '0x8040bfc', '0x8040c04', '0x8040c0c', '0x8040c14', '0x8040c1c', '0x8040c24', '0x8040c2c', '0x8040c34', '0x8040c3c', '0x8040c44', '0x8040c4c', '0x8040c54', '0x8040c5c', '0x8040c64', '0x8040c6c', '0x8040c74', '0x8040c7c', '0x8040c84', '0x8040c8c', '0x8040c94', '0x8040c9c', '0x8040ca4', '0x8040cac', '0x8040cb4', '0x8040cbc', '0x8040cc4', '0x8040ccc']
type: cond
adj_instr: 0x8040cec
-----
 
Current node
start_addr: 0x8040cde
end_addr: 0x8040ce8
successors: ['0x8040cec', '0x80409ea']
parents: ['0x8040af4', '0x8040afc', '0x8040b04', '0x8040b0c', '0x8040b14', '0x8040b1c', '0x8040b24', '0x8040b2c', '0x8040b34', '0x8040b3c', '0x8040b44', '0x8040b4c', '0x8040b54', '0x8040b5c', '0x8040b64', '0x8040b6c', '0x8040b74', '0x8040b7c', '0x8040b84', '0x8040b8c', '0x8040b94', '0x8040b9c', '0x8040ba4', '0x8040bac', '0x8040bb4', '0x8040bbc', '0x8040bc4', '0x8040bcc', '0x8040bd4', '0x8040bdc', '0x8040be4', '0x8040bec', '0x8040bf4', '0x8040bfc', '0x8040c04', '0x8040c0c', '0x8040c14', '0x8040c1c', '0x8040c24', '0x8040c2c', '0x8040c34', '0x8040c3c', '0x8040c44', '0x8040c4c', '0x8040c54', '0x8040c5c', '0x8040c64', '0x8040c6c', '0x8040c74', '0x8040c7c', '0x8040c84', '0x8040c8c', '0x8040c94', '0x8040c9c', '0x8040ca4', '0x8040cac', '0x8040cb4', '0x8040cbc', '0x8040cc4', '0x8040ccc']
type: cond
adj_instr: 0x8040cec
log_idx: 131
log_node.dest_addr: 0x80409ea
 
Current node
start_addr: 0x80409ea
end_addr: 0x80409f2
successors: ['0x80409f6', '0x8040cd4']
parents: ['0x8040cd4', '0x8040ce4', '0x8040cde']
type: cond
adj_instr: 0x80409f6
log_idx: 132
log_node.dest_addr: 0x80409f6
 
Current node
start_addr: 0x80409f6
end_addr: 0x8040a00
successors: ['0x8040af4', '0x8040afc', '0x8040b04', '0x8040b0c', '0x8040b14', '0x8040b1c', '0x8040b24', '0x8040b2c', '0x8040b34', '0x8040b3c', '0x8040b44', '0x8040b4c', '0x8040b54', '0x8040b5c', '0x8040b64', '0x8040b6c', '0x8040b74', '0x8040b7c', '0x8040b84', '0x8040b8c', '0x8040b94', '0x8040b9c', '0x8040ba4', '0x8040bac', '0x8040bb4', '0x8040bbc', '0x8040bc4', '0x8040bcc', '0x8040bd4', '0x8040bdc', '0x8040be4', '0x8040bec', '0x8040bf4', '0x8040bfc', '0x8040c04', '0x8040c0c', '0x8040c14', '0x8040c1c', '0x8040c24', '0x8040c2c', '0x8040c34', '0x8040c3c', '0x8040c44', '0x8040c4c', '0x8040c54', '0x8040c5c', '0x8040c64', '0x8040c6c', '0x8040c74', '0x8040c7c', '0x8040c84', '0x8040c8c', '0x8040c94', '0x8040c9c', '0x8040ca4', '0x8040cac', '0x8040cb4', '0x8040cbc', '0x8040cc4', '0x8040ccc']
parents: ['0x80409ea']
type: uncond
adj_instr: 0x8040af4
log_idx: 133
log_node.dest_addr: 0x8040bfc
 
Current node
start_addr: 0x8040bfc
end_addr: 0x8040c02
successors: ['0x8040cde']
parents: ['0x80409f6']
type: uncond
adj_instr: 0x8040c04
log_idx: 134
log_node.dest_addr: 0x80409ea
-----
changed node
start_addr: 0x8040cde
end_addr: 0x8040ce8
successors: ['0x8040cec', '0x80409ea']
parents: ['0x8040af4', '0x8040afc', '0x8040b04', '0x8040b0c', '0x8040b14', '0x8040b1c', '0x8040b24', '0x8040b2c', '0x8040b34', '0x8040b3c', '0x8040b44', '0x8040b4c', '0x8040b54', '0x8040b5c', '0x8040b64', '0x8040b6c', '0x8040b74', '0x8040b7c', '0x8040b84', '0x8040b8c', '0x8040b94', '0x8040b9c', '0x8040ba4', '0x8040bac', '0x8040bb4', '0x8040bbc', '0x8040bc4', '0x8040bcc', '0x8040bd4', '0x8040bdc', '0x8040be4', '0x8040bec', '0x8040bf4', '0x8040bfc', '0x8040c04', '0x8040c0c', '0x8040c14', '0x8040c1c', '0x8040c24', '0x8040c2c', '0x8040c34', '0x8040c3c', '0x8040c44', '0x8040c4c', '0x8040c54', '0x8040c5c', '0x8040c64', '0x8040c6c', '0x8040c74', '0x8040c7c', '0x8040c84', '0x8040c8c', '0x8040c94', '0x8040c9c', '0x8040ca4', '0x8040cac', '0x8040cb4', '0x8040cbc', '0x8040cc4', '0x8040ccc']
type: cond
adj_instr: 0x8040cec
-----
 
Current node
start_addr: 0x8040cde
end_addr: 0x8040ce8
successors: ['0x8040cec', '0x80409ea']
parents: ['0x8040af4', '0x8040afc', '0x8040b04', '0x8040b0c', '0x8040b14', '0x8040b1c', '0x8040b24', '0x8040b2c', '0x8040b34', '0x8040b3c', '0x8040b44', '0x8040b4c', '0x8040b54', '0x8040b5c', '0x8040b64', '0x8040b6c', '0x8040b74', '0x8040b7c', '0x8040b84', '0x8040b8c', '0x8040b94', '0x8040b9c', '0x8040ba4', '0x8040bac', '0x8040bb4', '0x8040bbc', '0x8040bc4', '0x8040bcc', '0x8040bd4', '0x8040bdc', '0x8040be4', '0x8040bec', '0x8040bf4', '0x8040bfc', '0x8040c04', '0x8040c0c', '0x8040c14', '0x8040c1c', '0x8040c24', '0x8040c2c', '0x8040c34', '0x8040c3c', '0x8040c44', '0x8040c4c', '0x8040c54', '0x8040c5c', '0x8040c64', '0x8040c6c', '0x8040c74', '0x8040c7c', '0x8040c84', '0x8040c8c', '0x8040c94', '0x8040c9c', '0x8040ca4', '0x8040cac', '0x8040cb4', '0x8040cbc', '0x8040cc4', '0x8040ccc']
type: cond
adj_instr: 0x8040cec
log_idx: 134
log_node.dest_addr: 0x80409ea
 
Current node
start_addr: 0x80409ea
end_addr: 0x80409f2
successors: ['0x80409f6', '0x8040cd4']
parents: ['0x8040cd4', '0x8040ce4', '0x8040cde']
type: cond
adj_instr: 0x80409f6
log_idx: 135
log_node.dest_addr: 0x80409f6
 
Current node
start_addr: 0x80409f6
end_addr: 0x8040a00
successors: ['0x8040af4', '0x8040afc', '0x8040b04', '0x8040b0c', '0x8040b14', '0x8040b1c', '0x8040b24', '0x8040b2c', '0x8040b34', '0x8040b3c', '0x8040b44', '0x8040b4c', '0x8040b54', '0x8040b5c', '0x8040b64', '0x8040b6c', '0x8040b74', '0x8040b7c', '0x8040b84', '0x8040b8c', '0x8040b94', '0x8040b9c', '0x8040ba4', '0x8040bac', '0x8040bb4', '0x8040bbc', '0x8040bc4', '0x8040bcc', '0x8040bd4', '0x8040bdc', '0x8040be4', '0x8040bec', '0x8040bf4', '0x8040bfc', '0x8040c04', '0x8040c0c', '0x8040c14', '0x8040c1c', '0x8040c24', '0x8040c2c', '0x8040c34', '0x8040c3c', '0x8040c44', '0x8040c4c', '0x8040c54', '0x8040c5c', '0x8040c64', '0x8040c6c', '0x8040c74', '0x8040c7c', '0x8040c84', '0x8040c8c', '0x8040c94', '0x8040c9c', '0x8040ca4', '0x8040cac', '0x8040cb4', '0x8040cbc', '0x8040cc4', '0x8040ccc']
parents: ['0x80409ea']
type: uncond
adj_instr: 0x8040af4
log_idx: 136
log_node.dest_addr: 0x8040c04
 
Current node
start_addr: 0x8040c04
end_addr: 0x8040c0a
successors: ['0x8040cde']
parents: ['0x80409f6']
type: uncond
adj_instr: 0x8040c0c
log_idx: 137
log_node.dest_addr: 0x80409ea
-----
changed node
start_addr: 0x8040cde
end_addr: 0x8040ce8
successors: ['0x8040cec', '0x80409ea']
parents: ['0x8040af4', '0x8040afc', '0x8040b04', '0x8040b0c', '0x8040b14', '0x8040b1c', '0x8040b24', '0x8040b2c', '0x8040b34', '0x8040b3c', '0x8040b44', '0x8040b4c', '0x8040b54', '0x8040b5c', '0x8040b64', '0x8040b6c', '0x8040b74', '0x8040b7c', '0x8040b84', '0x8040b8c', '0x8040b94', '0x8040b9c', '0x8040ba4', '0x8040bac', '0x8040bb4', '0x8040bbc', '0x8040bc4', '0x8040bcc', '0x8040bd4', '0x8040bdc', '0x8040be4', '0x8040bec', '0x8040bf4', '0x8040bfc', '0x8040c04', '0x8040c0c', '0x8040c14', '0x8040c1c', '0x8040c24', '0x8040c2c', '0x8040c34', '0x8040c3c', '0x8040c44', '0x8040c4c', '0x8040c54', '0x8040c5c', '0x8040c64', '0x8040c6c', '0x8040c74', '0x8040c7c', '0x8040c84', '0x8040c8c', '0x8040c94', '0x8040c9c', '0x8040ca4', '0x8040cac', '0x8040cb4', '0x8040cbc', '0x8040cc4', '0x8040ccc']
type: cond
adj_instr: 0x8040cec
-----
 
Current node
start_addr: 0x8040cde
end_addr: 0x8040ce8
successors: ['0x8040cec', '0x80409ea']
parents: ['0x8040af4', '0x8040afc', '0x8040b04', '0x8040b0c', '0x8040b14', '0x8040b1c', '0x8040b24', '0x8040b2c', '0x8040b34', '0x8040b3c', '0x8040b44', '0x8040b4c', '0x8040b54', '0x8040b5c', '0x8040b64', '0x8040b6c', '0x8040b74', '0x8040b7c', '0x8040b84', '0x8040b8c', '0x8040b94', '0x8040b9c', '0x8040ba4', '0x8040bac', '0x8040bb4', '0x8040bbc', '0x8040bc4', '0x8040bcc', '0x8040bd4', '0x8040bdc', '0x8040be4', '0x8040bec', '0x8040bf4', '0x8040bfc', '0x8040c04', '0x8040c0c', '0x8040c14', '0x8040c1c', '0x8040c24', '0x8040c2c', '0x8040c34', '0x8040c3c', '0x8040c44', '0x8040c4c', '0x8040c54', '0x8040c5c', '0x8040c64', '0x8040c6c', '0x8040c74', '0x8040c7c', '0x8040c84', '0x8040c8c', '0x8040c94', '0x8040c9c', '0x8040ca4', '0x8040cac', '0x8040cb4', '0x8040cbc', '0x8040cc4', '0x8040ccc']
type: cond
adj_instr: 0x8040cec
log_idx: 137
log_node.dest_addr: 0x80409ea
 
Current node
start_addr: 0x80409ea
end_addr: 0x80409f2
successors: ['0x80409f6', '0x8040cd4']
parents: ['0x8040cd4', '0x8040ce4', '0x8040cde']
type: cond
adj_instr: 0x80409f6
log_idx: 138
log_node.dest_addr: 0x80409f6
 
Current node
start_addr: 0x80409f6
end_addr: 0x8040a00
successors: ['0x8040af4', '0x8040afc', '0x8040b04', '0x8040b0c', '0x8040b14', '0x8040b1c', '0x8040b24', '0x8040b2c', '0x8040b34', '0x8040b3c', '0x8040b44', '0x8040b4c', '0x8040b54', '0x8040b5c', '0x8040b64', '0x8040b6c', '0x8040b74', '0x8040b7c', '0x8040b84', '0x8040b8c', '0x8040b94', '0x8040b9c', '0x8040ba4', '0x8040bac', '0x8040bb4', '0x8040bbc', '0x8040bc4', '0x8040bcc', '0x8040bd4', '0x8040bdc', '0x8040be4', '0x8040bec', '0x8040bf4', '0x8040bfc', '0x8040c04', '0x8040c0c', '0x8040c14', '0x8040c1c', '0x8040c24', '0x8040c2c', '0x8040c34', '0x8040c3c', '0x8040c44', '0x8040c4c', '0x8040c54', '0x8040c5c', '0x8040c64', '0x8040c6c', '0x8040c74', '0x8040c7c', '0x8040c84', '0x8040c8c', '0x8040c94', '0x8040c9c', '0x8040ca4', '0x8040cac', '0x8040cb4', '0x8040cbc', '0x8040cc4', '0x8040ccc']
parents: ['0x80409ea']
type: uncond
adj_instr: 0x8040af4
log_idx: 139
log_node.dest_addr: 0x8040c0c
 
Current node
start_addr: 0x8040c0c
end_addr: 0x8040c12
successors: ['0x8040cde']
parents: ['0x80409f6']
type: uncond
adj_instr: 0x8040c14
log_idx: 140
log_node.dest_addr: 0x80409ea
-----
changed node
start_addr: 0x8040cde
end_addr: 0x8040ce8
successors: ['0x8040cec', '0x80409ea']
parents: ['0x8040af4', '0x8040afc', '0x8040b04', '0x8040b0c', '0x8040b14', '0x8040b1c', '0x8040b24', '0x8040b2c', '0x8040b34', '0x8040b3c', '0x8040b44', '0x8040b4c', '0x8040b54', '0x8040b5c', '0x8040b64', '0x8040b6c', '0x8040b74', '0x8040b7c', '0x8040b84', '0x8040b8c', '0x8040b94', '0x8040b9c', '0x8040ba4', '0x8040bac', '0x8040bb4', '0x8040bbc', '0x8040bc4', '0x8040bcc', '0x8040bd4', '0x8040bdc', '0x8040be4', '0x8040bec', '0x8040bf4', '0x8040bfc', '0x8040c04', '0x8040c0c', '0x8040c14', '0x8040c1c', '0x8040c24', '0x8040c2c', '0x8040c34', '0x8040c3c', '0x8040c44', '0x8040c4c', '0x8040c54', '0x8040c5c', '0x8040c64', '0x8040c6c', '0x8040c74', '0x8040c7c', '0x8040c84', '0x8040c8c', '0x8040c94', '0x8040c9c', '0x8040ca4', '0x8040cac', '0x8040cb4', '0x8040cbc', '0x8040cc4', '0x8040ccc']
type: cond
adj_instr: 0x8040cec
-----
 
Current node
start_addr: 0x8040cde
end_addr: 0x8040ce8
successors: ['0x8040cec', '0x80409ea']
parents: ['0x8040af4', '0x8040afc', '0x8040b04', '0x8040b0c', '0x8040b14', '0x8040b1c', '0x8040b24', '0x8040b2c', '0x8040b34', '0x8040b3c', '0x8040b44', '0x8040b4c', '0x8040b54', '0x8040b5c', '0x8040b64', '0x8040b6c', '0x8040b74', '0x8040b7c', '0x8040b84', '0x8040b8c', '0x8040b94', '0x8040b9c', '0x8040ba4', '0x8040bac', '0x8040bb4', '0x8040bbc', '0x8040bc4', '0x8040bcc', '0x8040bd4', '0x8040bdc', '0x8040be4', '0x8040bec', '0x8040bf4', '0x8040bfc', '0x8040c04', '0x8040c0c', '0x8040c14', '0x8040c1c', '0x8040c24', '0x8040c2c', '0x8040c34', '0x8040c3c', '0x8040c44', '0x8040c4c', '0x8040c54', '0x8040c5c', '0x8040c64', '0x8040c6c', '0x8040c74', '0x8040c7c', '0x8040c84', '0x8040c8c', '0x8040c94', '0x8040c9c', '0x8040ca4', '0x8040cac', '0x8040cb4', '0x8040cbc', '0x8040cc4', '0x8040ccc']
type: cond
adj_instr: 0x8040cec
log_idx: 140
log_node.dest_addr: 0x80409ea
 
Current node
start_addr: 0x80409ea
end_addr: 0x80409f2
successors: ['0x80409f6', '0x8040cd4']
parents: ['0x8040cd4', '0x8040ce4', '0x8040cde']
type: cond
adj_instr: 0x80409f6
log_idx: 141
log_node.dest_addr: 0x80409f6
 
Current node
start_addr: 0x80409f6
end_addr: 0x8040a00
successors: ['0x8040af4', '0x8040afc', '0x8040b04', '0x8040b0c', '0x8040b14', '0x8040b1c', '0x8040b24', '0x8040b2c', '0x8040b34', '0x8040b3c', '0x8040b44', '0x8040b4c', '0x8040b54', '0x8040b5c', '0x8040b64', '0x8040b6c', '0x8040b74', '0x8040b7c', '0x8040b84', '0x8040b8c', '0x8040b94', '0x8040b9c', '0x8040ba4', '0x8040bac', '0x8040bb4', '0x8040bbc', '0x8040bc4', '0x8040bcc', '0x8040bd4', '0x8040bdc', '0x8040be4', '0x8040bec', '0x8040bf4', '0x8040bfc', '0x8040c04', '0x8040c0c', '0x8040c14', '0x8040c1c', '0x8040c24', '0x8040c2c', '0x8040c34', '0x8040c3c', '0x8040c44', '0x8040c4c', '0x8040c54', '0x8040c5c', '0x8040c64', '0x8040c6c', '0x8040c74', '0x8040c7c', '0x8040c84', '0x8040c8c', '0x8040c94', '0x8040c9c', '0x8040ca4', '0x8040cac', '0x8040cb4', '0x8040cbc', '0x8040cc4', '0x8040ccc']
parents: ['0x80409ea']
type: uncond
adj_instr: 0x8040af4
log_idx: 142
log_node.dest_addr: 0x8040c14
 
Current node
start_addr: 0x8040c14
end_addr: 0x8040c1a
successors: ['0x8040cde']
parents: ['0x80409f6']
type: uncond
adj_instr: 0x8040c1c
log_idx: 143
log_node.dest_addr: 0x80409ea
-----
changed node
start_addr: 0x8040cde
end_addr: 0x8040ce8
successors: ['0x8040cec', '0x80409ea']
parents: ['0x8040af4', '0x8040afc', '0x8040b04', '0x8040b0c', '0x8040b14', '0x8040b1c', '0x8040b24', '0x8040b2c', '0x8040b34', '0x8040b3c', '0x8040b44', '0x8040b4c', '0x8040b54', '0x8040b5c', '0x8040b64', '0x8040b6c', '0x8040b74', '0x8040b7c', '0x8040b84', '0x8040b8c', '0x8040b94', '0x8040b9c', '0x8040ba4', '0x8040bac', '0x8040bb4', '0x8040bbc', '0x8040bc4', '0x8040bcc', '0x8040bd4', '0x8040bdc', '0x8040be4', '0x8040bec', '0x8040bf4', '0x8040bfc', '0x8040c04', '0x8040c0c', '0x8040c14', '0x8040c1c', '0x8040c24', '0x8040c2c', '0x8040c34', '0x8040c3c', '0x8040c44', '0x8040c4c', '0x8040c54', '0x8040c5c', '0x8040c64', '0x8040c6c', '0x8040c74', '0x8040c7c', '0x8040c84', '0x8040c8c', '0x8040c94', '0x8040c9c', '0x8040ca4', '0x8040cac', '0x8040cb4', '0x8040cbc', '0x8040cc4', '0x8040ccc']
type: cond
adj_instr: 0x8040cec
-----
 
Current node
start_addr: 0x8040cde
end_addr: 0x8040ce8
successors: ['0x8040cec', '0x80409ea']
parents: ['0x8040af4', '0x8040afc', '0x8040b04', '0x8040b0c', '0x8040b14', '0x8040b1c', '0x8040b24', '0x8040b2c', '0x8040b34', '0x8040b3c', '0x8040b44', '0x8040b4c', '0x8040b54', '0x8040b5c', '0x8040b64', '0x8040b6c', '0x8040b74', '0x8040b7c', '0x8040b84', '0x8040b8c', '0x8040b94', '0x8040b9c', '0x8040ba4', '0x8040bac', '0x8040bb4', '0x8040bbc', '0x8040bc4', '0x8040bcc', '0x8040bd4', '0x8040bdc', '0x8040be4', '0x8040bec', '0x8040bf4', '0x8040bfc', '0x8040c04', '0x8040c0c', '0x8040c14', '0x8040c1c', '0x8040c24', '0x8040c2c', '0x8040c34', '0x8040c3c', '0x8040c44', '0x8040c4c', '0x8040c54', '0x8040c5c', '0x8040c64', '0x8040c6c', '0x8040c74', '0x8040c7c', '0x8040c84', '0x8040c8c', '0x8040c94', '0x8040c9c', '0x8040ca4', '0x8040cac', '0x8040cb4', '0x8040cbc', '0x8040cc4', '0x8040ccc']
type: cond
adj_instr: 0x8040cec
log_idx: 143
log_node.dest_addr: 0x80409ea
 
Current node
start_addr: 0x80409ea
end_addr: 0x80409f2
successors: ['0x80409f6', '0x8040cd4']
parents: ['0x8040cd4', '0x8040ce4', '0x8040cde']
type: cond
adj_instr: 0x80409f6
log_idx: 144
log_node.dest_addr: 0x80409f6
 
Current node
start_addr: 0x80409f6
end_addr: 0x8040a00
successors: ['0x8040af4', '0x8040afc', '0x8040b04', '0x8040b0c', '0x8040b14', '0x8040b1c', '0x8040b24', '0x8040b2c', '0x8040b34', '0x8040b3c', '0x8040b44', '0x8040b4c', '0x8040b54', '0x8040b5c', '0x8040b64', '0x8040b6c', '0x8040b74', '0x8040b7c', '0x8040b84', '0x8040b8c', '0x8040b94', '0x8040b9c', '0x8040ba4', '0x8040bac', '0x8040bb4', '0x8040bbc', '0x8040bc4', '0x8040bcc', '0x8040bd4', '0x8040bdc', '0x8040be4', '0x8040bec', '0x8040bf4', '0x8040bfc', '0x8040c04', '0x8040c0c', '0x8040c14', '0x8040c1c', '0x8040c24', '0x8040c2c', '0x8040c34', '0x8040c3c', '0x8040c44', '0x8040c4c', '0x8040c54', '0x8040c5c', '0x8040c64', '0x8040c6c', '0x8040c74', '0x8040c7c', '0x8040c84', '0x8040c8c', '0x8040c94', '0x8040c9c', '0x8040ca4', '0x8040cac', '0x8040cb4', '0x8040cbc', '0x8040cc4', '0x8040ccc']
parents: ['0x80409ea']
type: uncond
adj_instr: 0x8040af4
log_idx: 145
log_node.dest_addr: 0x8040c1c
 
Current node
start_addr: 0x8040c1c
end_addr: 0x8040c22
successors: ['0x8040cde']
parents: ['0x80409f6']
type: uncond
adj_instr: 0x8040c24
log_idx: 146
log_node.dest_addr: 0x80409ea
-----
changed node
start_addr: 0x8040cde
end_addr: 0x8040ce8
successors: ['0x8040cec', '0x80409ea']
parents: ['0x8040af4', '0x8040afc', '0x8040b04', '0x8040b0c', '0x8040b14', '0x8040b1c', '0x8040b24', '0x8040b2c', '0x8040b34', '0x8040b3c', '0x8040b44', '0x8040b4c', '0x8040b54', '0x8040b5c', '0x8040b64', '0x8040b6c', '0x8040b74', '0x8040b7c', '0x8040b84', '0x8040b8c', '0x8040b94', '0x8040b9c', '0x8040ba4', '0x8040bac', '0x8040bb4', '0x8040bbc', '0x8040bc4', '0x8040bcc', '0x8040bd4', '0x8040bdc', '0x8040be4', '0x8040bec', '0x8040bf4', '0x8040bfc', '0x8040c04', '0x8040c0c', '0x8040c14', '0x8040c1c', '0x8040c24', '0x8040c2c', '0x8040c34', '0x8040c3c', '0x8040c44', '0x8040c4c', '0x8040c54', '0x8040c5c', '0x8040c64', '0x8040c6c', '0x8040c74', '0x8040c7c', '0x8040c84', '0x8040c8c', '0x8040c94', '0x8040c9c', '0x8040ca4', '0x8040cac', '0x8040cb4', '0x8040cbc', '0x8040cc4', '0x8040ccc']
type: cond
adj_instr: 0x8040cec
-----
 
Current node
start_addr: 0x8040cde
end_addr: 0x8040ce8
successors: ['0x8040cec', '0x80409ea']
parents: ['0x8040af4', '0x8040afc', '0x8040b04', '0x8040b0c', '0x8040b14', '0x8040b1c', '0x8040b24', '0x8040b2c', '0x8040b34', '0x8040b3c', '0x8040b44', '0x8040b4c', '0x8040b54', '0x8040b5c', '0x8040b64', '0x8040b6c', '0x8040b74', '0x8040b7c', '0x8040b84', '0x8040b8c', '0x8040b94', '0x8040b9c', '0x8040ba4', '0x8040bac', '0x8040bb4', '0x8040bbc', '0x8040bc4', '0x8040bcc', '0x8040bd4', '0x8040bdc', '0x8040be4', '0x8040bec', '0x8040bf4', '0x8040bfc', '0x8040c04', '0x8040c0c', '0x8040c14', '0x8040c1c', '0x8040c24', '0x8040c2c', '0x8040c34', '0x8040c3c', '0x8040c44', '0x8040c4c', '0x8040c54', '0x8040c5c', '0x8040c64', '0x8040c6c', '0x8040c74', '0x8040c7c', '0x8040c84', '0x8040c8c', '0x8040c94', '0x8040c9c', '0x8040ca4', '0x8040cac', '0x8040cb4', '0x8040cbc', '0x8040cc4', '0x8040ccc']
type: cond
adj_instr: 0x8040cec
log_idx: 146
log_node.dest_addr: 0x80409ea
 
Current node
start_addr: 0x80409ea
end_addr: 0x80409f2
successors: ['0x80409f6', '0x8040cd4']
parents: ['0x8040cd4', '0x8040ce4', '0x8040cde']
type: cond
adj_instr: 0x80409f6
log_idx: 147
log_node.dest_addr: 0x80409f6
 
Current node
start_addr: 0x80409f6
end_addr: 0x8040a00
successors: ['0x8040af4', '0x8040afc', '0x8040b04', '0x8040b0c', '0x8040b14', '0x8040b1c', '0x8040b24', '0x8040b2c', '0x8040b34', '0x8040b3c', '0x8040b44', '0x8040b4c', '0x8040b54', '0x8040b5c', '0x8040b64', '0x8040b6c', '0x8040b74', '0x8040b7c', '0x8040b84', '0x8040b8c', '0x8040b94', '0x8040b9c', '0x8040ba4', '0x8040bac', '0x8040bb4', '0x8040bbc', '0x8040bc4', '0x8040bcc', '0x8040bd4', '0x8040bdc', '0x8040be4', '0x8040bec', '0x8040bf4', '0x8040bfc', '0x8040c04', '0x8040c0c', '0x8040c14', '0x8040c1c', '0x8040c24', '0x8040c2c', '0x8040c34', '0x8040c3c', '0x8040c44', '0x8040c4c', '0x8040c54', '0x8040c5c', '0x8040c64', '0x8040c6c', '0x8040c74', '0x8040c7c', '0x8040c84', '0x8040c8c', '0x8040c94', '0x8040c9c', '0x8040ca4', '0x8040cac', '0x8040cb4', '0x8040cbc', '0x8040cc4', '0x8040ccc']
parents: ['0x80409ea']
type: uncond
adj_instr: 0x8040af4
log_idx: 148
log_node.dest_addr: 0x8040c24
 
Current node
start_addr: 0x8040c24
end_addr: 0x8040c2a
successors: ['0x8040cde']
parents: ['0x80409f6']
type: uncond
adj_instr: 0x8040c2c
log_idx: 149
log_node.dest_addr: 0x80409ea
-----
changed node
start_addr: 0x8040cde
end_addr: 0x8040ce8
successors: ['0x8040cec', '0x80409ea']
parents: ['0x8040af4', '0x8040afc', '0x8040b04', '0x8040b0c', '0x8040b14', '0x8040b1c', '0x8040b24', '0x8040b2c', '0x8040b34', '0x8040b3c', '0x8040b44', '0x8040b4c', '0x8040b54', '0x8040b5c', '0x8040b64', '0x8040b6c', '0x8040b74', '0x8040b7c', '0x8040b84', '0x8040b8c', '0x8040b94', '0x8040b9c', '0x8040ba4', '0x8040bac', '0x8040bb4', '0x8040bbc', '0x8040bc4', '0x8040bcc', '0x8040bd4', '0x8040bdc', '0x8040be4', '0x8040bec', '0x8040bf4', '0x8040bfc', '0x8040c04', '0x8040c0c', '0x8040c14', '0x8040c1c', '0x8040c24', '0x8040c2c', '0x8040c34', '0x8040c3c', '0x8040c44', '0x8040c4c', '0x8040c54', '0x8040c5c', '0x8040c64', '0x8040c6c', '0x8040c74', '0x8040c7c', '0x8040c84', '0x8040c8c', '0x8040c94', '0x8040c9c', '0x8040ca4', '0x8040cac', '0x8040cb4', '0x8040cbc', '0x8040cc4', '0x8040ccc']
type: cond
adj_instr: 0x8040cec
-----
 
Current node
start_addr: 0x8040cde
end_addr: 0x8040ce8
successors: ['0x8040cec', '0x80409ea']
parents: ['0x8040af4', '0x8040afc', '0x8040b04', '0x8040b0c', '0x8040b14', '0x8040b1c', '0x8040b24', '0x8040b2c', '0x8040b34', '0x8040b3c', '0x8040b44', '0x8040b4c', '0x8040b54', '0x8040b5c', '0x8040b64', '0x8040b6c', '0x8040b74', '0x8040b7c', '0x8040b84', '0x8040b8c', '0x8040b94', '0x8040b9c', '0x8040ba4', '0x8040bac', '0x8040bb4', '0x8040bbc', '0x8040bc4', '0x8040bcc', '0x8040bd4', '0x8040bdc', '0x8040be4', '0x8040bec', '0x8040bf4', '0x8040bfc', '0x8040c04', '0x8040c0c', '0x8040c14', '0x8040c1c', '0x8040c24', '0x8040c2c', '0x8040c34', '0x8040c3c', '0x8040c44', '0x8040c4c', '0x8040c54', '0x8040c5c', '0x8040c64', '0x8040c6c', '0x8040c74', '0x8040c7c', '0x8040c84', '0x8040c8c', '0x8040c94', '0x8040c9c', '0x8040ca4', '0x8040cac', '0x8040cb4', '0x8040cbc', '0x8040cc4', '0x8040ccc']
type: cond
adj_instr: 0x8040cec
log_idx: 149
log_node.dest_addr: 0x80409ea
 
Current node
start_addr: 0x80409ea
end_addr: 0x80409f2
successors: ['0x80409f6', '0x8040cd4']
parents: ['0x8040cd4', '0x8040ce4', '0x8040cde']
type: cond
adj_instr: 0x80409f6
log_idx: 150
log_node.dest_addr: 0x80409f6
 
Current node
start_addr: 0x80409f6
end_addr: 0x8040a00
successors: ['0x8040af4', '0x8040afc', '0x8040b04', '0x8040b0c', '0x8040b14', '0x8040b1c', '0x8040b24', '0x8040b2c', '0x8040b34', '0x8040b3c', '0x8040b44', '0x8040b4c', '0x8040b54', '0x8040b5c', '0x8040b64', '0x8040b6c', '0x8040b74', '0x8040b7c', '0x8040b84', '0x8040b8c', '0x8040b94', '0x8040b9c', '0x8040ba4', '0x8040bac', '0x8040bb4', '0x8040bbc', '0x8040bc4', '0x8040bcc', '0x8040bd4', '0x8040bdc', '0x8040be4', '0x8040bec', '0x8040bf4', '0x8040bfc', '0x8040c04', '0x8040c0c', '0x8040c14', '0x8040c1c', '0x8040c24', '0x8040c2c', '0x8040c34', '0x8040c3c', '0x8040c44', '0x8040c4c', '0x8040c54', '0x8040c5c', '0x8040c64', '0x8040c6c', '0x8040c74', '0x8040c7c', '0x8040c84', '0x8040c8c', '0x8040c94', '0x8040c9c', '0x8040ca4', '0x8040cac', '0x8040cb4', '0x8040cbc', '0x8040cc4', '0x8040ccc']
parents: ['0x80409ea']
type: uncond
adj_instr: 0x8040af4
log_idx: 151
log_node.dest_addr: 0x8040c2c
 
Current node
start_addr: 0x8040c2c
end_addr: 0x8040c32
successors: ['0x8040cde']
parents: ['0x80409f6']
type: uncond
adj_instr: 0x8040c34
log_idx: 152
log_node.dest_addr: 0x80409ea
-----
changed node
start_addr: 0x8040cde
end_addr: 0x8040ce8
successors: ['0x8040cec', '0x80409ea']
parents: ['0x8040af4', '0x8040afc', '0x8040b04', '0x8040b0c', '0x8040b14', '0x8040b1c', '0x8040b24', '0x8040b2c', '0x8040b34', '0x8040b3c', '0x8040b44', '0x8040b4c', '0x8040b54', '0x8040b5c', '0x8040b64', '0x8040b6c', '0x8040b74', '0x8040b7c', '0x8040b84', '0x8040b8c', '0x8040b94', '0x8040b9c', '0x8040ba4', '0x8040bac', '0x8040bb4', '0x8040bbc', '0x8040bc4', '0x8040bcc', '0x8040bd4', '0x8040bdc', '0x8040be4', '0x8040bec', '0x8040bf4', '0x8040bfc', '0x8040c04', '0x8040c0c', '0x8040c14', '0x8040c1c', '0x8040c24', '0x8040c2c', '0x8040c34', '0x8040c3c', '0x8040c44', '0x8040c4c', '0x8040c54', '0x8040c5c', '0x8040c64', '0x8040c6c', '0x8040c74', '0x8040c7c', '0x8040c84', '0x8040c8c', '0x8040c94', '0x8040c9c', '0x8040ca4', '0x8040cac', '0x8040cb4', '0x8040cbc', '0x8040cc4', '0x8040ccc']
type: cond
adj_instr: 0x8040cec
-----
 
Current node
start_addr: 0x8040cde
end_addr: 0x8040ce8
successors: ['0x8040cec', '0x80409ea']
parents: ['0x8040af4', '0x8040afc', '0x8040b04', '0x8040b0c', '0x8040b14', '0x8040b1c', '0x8040b24', '0x8040b2c', '0x8040b34', '0x8040b3c', '0x8040b44', '0x8040b4c', '0x8040b54', '0x8040b5c', '0x8040b64', '0x8040b6c', '0x8040b74', '0x8040b7c', '0x8040b84', '0x8040b8c', '0x8040b94', '0x8040b9c', '0x8040ba4', '0x8040bac', '0x8040bb4', '0x8040bbc', '0x8040bc4', '0x8040bcc', '0x8040bd4', '0x8040bdc', '0x8040be4', '0x8040bec', '0x8040bf4', '0x8040bfc', '0x8040c04', '0x8040c0c', '0x8040c14', '0x8040c1c', '0x8040c24', '0x8040c2c', '0x8040c34', '0x8040c3c', '0x8040c44', '0x8040c4c', '0x8040c54', '0x8040c5c', '0x8040c64', '0x8040c6c', '0x8040c74', '0x8040c7c', '0x8040c84', '0x8040c8c', '0x8040c94', '0x8040c9c', '0x8040ca4', '0x8040cac', '0x8040cb4', '0x8040cbc', '0x8040cc4', '0x8040ccc']
type: cond
adj_instr: 0x8040cec
log_idx: 152
log_node.dest_addr: 0x80409ea
 
Current node
start_addr: 0x80409ea
end_addr: 0x80409f2
successors: ['0x80409f6', '0x8040cd4']
parents: ['0x8040cd4', '0x8040ce4', '0x8040cde']
type: cond
adj_instr: 0x80409f6
log_idx: 153
log_node.dest_addr: 0x80409f6
 
Current node
start_addr: 0x80409f6
end_addr: 0x8040a00
successors: ['0x8040af4', '0x8040afc', '0x8040b04', '0x8040b0c', '0x8040b14', '0x8040b1c', '0x8040b24', '0x8040b2c', '0x8040b34', '0x8040b3c', '0x8040b44', '0x8040b4c', '0x8040b54', '0x8040b5c', '0x8040b64', '0x8040b6c', '0x8040b74', '0x8040b7c', '0x8040b84', '0x8040b8c', '0x8040b94', '0x8040b9c', '0x8040ba4', '0x8040bac', '0x8040bb4', '0x8040bbc', '0x8040bc4', '0x8040bcc', '0x8040bd4', '0x8040bdc', '0x8040be4', '0x8040bec', '0x8040bf4', '0x8040bfc', '0x8040c04', '0x8040c0c', '0x8040c14', '0x8040c1c', '0x8040c24', '0x8040c2c', '0x8040c34', '0x8040c3c', '0x8040c44', '0x8040c4c', '0x8040c54', '0x8040c5c', '0x8040c64', '0x8040c6c', '0x8040c74', '0x8040c7c', '0x8040c84', '0x8040c8c', '0x8040c94', '0x8040c9c', '0x8040ca4', '0x8040cac', '0x8040cb4', '0x8040cbc', '0x8040cc4', '0x8040ccc']
parents: ['0x80409ea']
type: uncond
adj_instr: 0x8040af4
log_idx: 154
log_node.dest_addr: 0x8040c34
 
Current node
start_addr: 0x8040c34
end_addr: 0x8040c3a
successors: ['0x8040cde']
parents: ['0x80409f6']
type: uncond
adj_instr: 0x8040c3c
log_idx: 155
log_node.dest_addr: 0x80409ea
-----
changed node
start_addr: 0x8040cde
end_addr: 0x8040ce8
successors: ['0x8040cec', '0x80409ea']
parents: ['0x8040af4', '0x8040afc', '0x8040b04', '0x8040b0c', '0x8040b14', '0x8040b1c', '0x8040b24', '0x8040b2c', '0x8040b34', '0x8040b3c', '0x8040b44', '0x8040b4c', '0x8040b54', '0x8040b5c', '0x8040b64', '0x8040b6c', '0x8040b74', '0x8040b7c', '0x8040b84', '0x8040b8c', '0x8040b94', '0x8040b9c', '0x8040ba4', '0x8040bac', '0x8040bb4', '0x8040bbc', '0x8040bc4', '0x8040bcc', '0x8040bd4', '0x8040bdc', '0x8040be4', '0x8040bec', '0x8040bf4', '0x8040bfc', '0x8040c04', '0x8040c0c', '0x8040c14', '0x8040c1c', '0x8040c24', '0x8040c2c', '0x8040c34', '0x8040c3c', '0x8040c44', '0x8040c4c', '0x8040c54', '0x8040c5c', '0x8040c64', '0x8040c6c', '0x8040c74', '0x8040c7c', '0x8040c84', '0x8040c8c', '0x8040c94', '0x8040c9c', '0x8040ca4', '0x8040cac', '0x8040cb4', '0x8040cbc', '0x8040cc4', '0x8040ccc']
type: cond
adj_instr: 0x8040cec
-----
 
Current node
start_addr: 0x8040cde
end_addr: 0x8040ce8
successors: ['0x8040cec', '0x80409ea']
parents: ['0x8040af4', '0x8040afc', '0x8040b04', '0x8040b0c', '0x8040b14', '0x8040b1c', '0x8040b24', '0x8040b2c', '0x8040b34', '0x8040b3c', '0x8040b44', '0x8040b4c', '0x8040b54', '0x8040b5c', '0x8040b64', '0x8040b6c', '0x8040b74', '0x8040b7c', '0x8040b84', '0x8040b8c', '0x8040b94', '0x8040b9c', '0x8040ba4', '0x8040bac', '0x8040bb4', '0x8040bbc', '0x8040bc4', '0x8040bcc', '0x8040bd4', '0x8040bdc', '0x8040be4', '0x8040bec', '0x8040bf4', '0x8040bfc', '0x8040c04', '0x8040c0c', '0x8040c14', '0x8040c1c', '0x8040c24', '0x8040c2c', '0x8040c34', '0x8040c3c', '0x8040c44', '0x8040c4c', '0x8040c54', '0x8040c5c', '0x8040c64', '0x8040c6c', '0x8040c74', '0x8040c7c', '0x8040c84', '0x8040c8c', '0x8040c94', '0x8040c9c', '0x8040ca4', '0x8040cac', '0x8040cb4', '0x8040cbc', '0x8040cc4', '0x8040ccc']
type: cond
adj_instr: 0x8040cec
log_idx: 155
log_node.dest_addr: 0x80409ea
 
Current node
start_addr: 0x80409ea
end_addr: 0x80409f2
successors: ['0x80409f6', '0x8040cd4']
parents: ['0x8040cd4', '0x8040ce4', '0x8040cde']
type: cond
adj_instr: 0x80409f6
log_idx: 156
log_node.dest_addr: 0x80409f6
 
Current node
start_addr: 0x80409f6
end_addr: 0x8040a00
successors: ['0x8040af4', '0x8040afc', '0x8040b04', '0x8040b0c', '0x8040b14', '0x8040b1c', '0x8040b24', '0x8040b2c', '0x8040b34', '0x8040b3c', '0x8040b44', '0x8040b4c', '0x8040b54', '0x8040b5c', '0x8040b64', '0x8040b6c', '0x8040b74', '0x8040b7c', '0x8040b84', '0x8040b8c', '0x8040b94', '0x8040b9c', '0x8040ba4', '0x8040bac', '0x8040bb4', '0x8040bbc', '0x8040bc4', '0x8040bcc', '0x8040bd4', '0x8040bdc', '0x8040be4', '0x8040bec', '0x8040bf4', '0x8040bfc', '0x8040c04', '0x8040c0c', '0x8040c14', '0x8040c1c', '0x8040c24', '0x8040c2c', '0x8040c34', '0x8040c3c', '0x8040c44', '0x8040c4c', '0x8040c54', '0x8040c5c', '0x8040c64', '0x8040c6c', '0x8040c74', '0x8040c7c', '0x8040c84', '0x8040c8c', '0x8040c94', '0x8040c9c', '0x8040ca4', '0x8040cac', '0x8040cb4', '0x8040cbc', '0x8040cc4', '0x8040ccc']
parents: ['0x80409ea']
type: uncond
adj_instr: 0x8040af4
log_idx: 157
log_node.dest_addr: 0x8040c3c
 
Current node
start_addr: 0x8040c3c
end_addr: 0x8040c42
successors: ['0x8040cde']
parents: ['0x80409f6']
type: uncond
adj_instr: 0x8040c44
log_idx: 158
log_node.dest_addr: 0x80409ea
-----
changed node
start_addr: 0x8040cde
end_addr: 0x8040ce8
successors: ['0x8040cec', '0x80409ea']
parents: ['0x8040af4', '0x8040afc', '0x8040b04', '0x8040b0c', '0x8040b14', '0x8040b1c', '0x8040b24', '0x8040b2c', '0x8040b34', '0x8040b3c', '0x8040b44', '0x8040b4c', '0x8040b54', '0x8040b5c', '0x8040b64', '0x8040b6c', '0x8040b74', '0x8040b7c', '0x8040b84', '0x8040b8c', '0x8040b94', '0x8040b9c', '0x8040ba4', '0x8040bac', '0x8040bb4', '0x8040bbc', '0x8040bc4', '0x8040bcc', '0x8040bd4', '0x8040bdc', '0x8040be4', '0x8040bec', '0x8040bf4', '0x8040bfc', '0x8040c04', '0x8040c0c', '0x8040c14', '0x8040c1c', '0x8040c24', '0x8040c2c', '0x8040c34', '0x8040c3c', '0x8040c44', '0x8040c4c', '0x8040c54', '0x8040c5c', '0x8040c64', '0x8040c6c', '0x8040c74', '0x8040c7c', '0x8040c84', '0x8040c8c', '0x8040c94', '0x8040c9c', '0x8040ca4', '0x8040cac', '0x8040cb4', '0x8040cbc', '0x8040cc4', '0x8040ccc']
type: cond
adj_instr: 0x8040cec
-----
 
Current node
start_addr: 0x8040cde
end_addr: 0x8040ce8
successors: ['0x8040cec', '0x80409ea']
parents: ['0x8040af4', '0x8040afc', '0x8040b04', '0x8040b0c', '0x8040b14', '0x8040b1c', '0x8040b24', '0x8040b2c', '0x8040b34', '0x8040b3c', '0x8040b44', '0x8040b4c', '0x8040b54', '0x8040b5c', '0x8040b64', '0x8040b6c', '0x8040b74', '0x8040b7c', '0x8040b84', '0x8040b8c', '0x8040b94', '0x8040b9c', '0x8040ba4', '0x8040bac', '0x8040bb4', '0x8040bbc', '0x8040bc4', '0x8040bcc', '0x8040bd4', '0x8040bdc', '0x8040be4', '0x8040bec', '0x8040bf4', '0x8040bfc', '0x8040c04', '0x8040c0c', '0x8040c14', '0x8040c1c', '0x8040c24', '0x8040c2c', '0x8040c34', '0x8040c3c', '0x8040c44', '0x8040c4c', '0x8040c54', '0x8040c5c', '0x8040c64', '0x8040c6c', '0x8040c74', '0x8040c7c', '0x8040c84', '0x8040c8c', '0x8040c94', '0x8040c9c', '0x8040ca4', '0x8040cac', '0x8040cb4', '0x8040cbc', '0x8040cc4', '0x8040ccc']
type: cond
adj_instr: 0x8040cec
log_idx: 158
log_node.dest_addr: 0x80409ea
 
Current node
start_addr: 0x80409ea
end_addr: 0x80409f2
successors: ['0x80409f6', '0x8040cd4']
parents: ['0x8040cd4', '0x8040ce4', '0x8040cde']
type: cond
adj_instr: 0x80409f6
log_idx: 159
log_node.dest_addr: 0x80409f6
 
Current node
start_addr: 0x80409f6
end_addr: 0x8040a00
successors: ['0x8040af4', '0x8040afc', '0x8040b04', '0x8040b0c', '0x8040b14', '0x8040b1c', '0x8040b24', '0x8040b2c', '0x8040b34', '0x8040b3c', '0x8040b44', '0x8040b4c', '0x8040b54', '0x8040b5c', '0x8040b64', '0x8040b6c', '0x8040b74', '0x8040b7c', '0x8040b84', '0x8040b8c', '0x8040b94', '0x8040b9c', '0x8040ba4', '0x8040bac', '0x8040bb4', '0x8040bbc', '0x8040bc4', '0x8040bcc', '0x8040bd4', '0x8040bdc', '0x8040be4', '0x8040bec', '0x8040bf4', '0x8040bfc', '0x8040c04', '0x8040c0c', '0x8040c14', '0x8040c1c', '0x8040c24', '0x8040c2c', '0x8040c34', '0x8040c3c', '0x8040c44', '0x8040c4c', '0x8040c54', '0x8040c5c', '0x8040c64', '0x8040c6c', '0x8040c74', '0x8040c7c', '0x8040c84', '0x8040c8c', '0x8040c94', '0x8040c9c', '0x8040ca4', '0x8040cac', '0x8040cb4', '0x8040cbc', '0x8040cc4', '0x8040ccc']
parents: ['0x80409ea']
type: uncond
adj_instr: 0x8040af4
log_idx: 160
log_node.dest_addr: 0x8040c44
 
Current node
start_addr: 0x8040c44
end_addr: 0x8040c4a
successors: ['0x8040cde']
parents: ['0x80409f6']
type: uncond
adj_instr: 0x8040c4c
log_idx: 161
log_node.dest_addr: 0x80409ea
-----
changed node
start_addr: 0x8040cde
end_addr: 0x8040ce8
successors: ['0x8040cec', '0x80409ea']
parents: ['0x8040af4', '0x8040afc', '0x8040b04', '0x8040b0c', '0x8040b14', '0x8040b1c', '0x8040b24', '0x8040b2c', '0x8040b34', '0x8040b3c', '0x8040b44', '0x8040b4c', '0x8040b54', '0x8040b5c', '0x8040b64', '0x8040b6c', '0x8040b74', '0x8040b7c', '0x8040b84', '0x8040b8c', '0x8040b94', '0x8040b9c', '0x8040ba4', '0x8040bac', '0x8040bb4', '0x8040bbc', '0x8040bc4', '0x8040bcc', '0x8040bd4', '0x8040bdc', '0x8040be4', '0x8040bec', '0x8040bf4', '0x8040bfc', '0x8040c04', '0x8040c0c', '0x8040c14', '0x8040c1c', '0x8040c24', '0x8040c2c', '0x8040c34', '0x8040c3c', '0x8040c44', '0x8040c4c', '0x8040c54', '0x8040c5c', '0x8040c64', '0x8040c6c', '0x8040c74', '0x8040c7c', '0x8040c84', '0x8040c8c', '0x8040c94', '0x8040c9c', '0x8040ca4', '0x8040cac', '0x8040cb4', '0x8040cbc', '0x8040cc4', '0x8040ccc']
type: cond
adj_instr: 0x8040cec
-----
 
Current node
start_addr: 0x8040cde
end_addr: 0x8040ce8
successors: ['0x8040cec', '0x80409ea']
parents: ['0x8040af4', '0x8040afc', '0x8040b04', '0x8040b0c', '0x8040b14', '0x8040b1c', '0x8040b24', '0x8040b2c', '0x8040b34', '0x8040b3c', '0x8040b44', '0x8040b4c', '0x8040b54', '0x8040b5c', '0x8040b64', '0x8040b6c', '0x8040b74', '0x8040b7c', '0x8040b84', '0x8040b8c', '0x8040b94', '0x8040b9c', '0x8040ba4', '0x8040bac', '0x8040bb4', '0x8040bbc', '0x8040bc4', '0x8040bcc', '0x8040bd4', '0x8040bdc', '0x8040be4', '0x8040bec', '0x8040bf4', '0x8040bfc', '0x8040c04', '0x8040c0c', '0x8040c14', '0x8040c1c', '0x8040c24', '0x8040c2c', '0x8040c34', '0x8040c3c', '0x8040c44', '0x8040c4c', '0x8040c54', '0x8040c5c', '0x8040c64', '0x8040c6c', '0x8040c74', '0x8040c7c', '0x8040c84', '0x8040c8c', '0x8040c94', '0x8040c9c', '0x8040ca4', '0x8040cac', '0x8040cb4', '0x8040cbc', '0x8040cc4', '0x8040ccc']
type: cond
adj_instr: 0x8040cec
log_idx: 161
log_node.dest_addr: 0x80409ea
 
Current node
start_addr: 0x80409ea
end_addr: 0x80409f2
successors: ['0x80409f6', '0x8040cd4']
parents: ['0x8040cd4', '0x8040ce4', '0x8040cde']
type: cond
adj_instr: 0x80409f6
log_idx: 162
log_node.dest_addr: 0x80409f6
 
Current node
start_addr: 0x80409f6
end_addr: 0x8040a00
successors: ['0x8040af4', '0x8040afc', '0x8040b04', '0x8040b0c', '0x8040b14', '0x8040b1c', '0x8040b24', '0x8040b2c', '0x8040b34', '0x8040b3c', '0x8040b44', '0x8040b4c', '0x8040b54', '0x8040b5c', '0x8040b64', '0x8040b6c', '0x8040b74', '0x8040b7c', '0x8040b84', '0x8040b8c', '0x8040b94', '0x8040b9c', '0x8040ba4', '0x8040bac', '0x8040bb4', '0x8040bbc', '0x8040bc4', '0x8040bcc', '0x8040bd4', '0x8040bdc', '0x8040be4', '0x8040bec', '0x8040bf4', '0x8040bfc', '0x8040c04', '0x8040c0c', '0x8040c14', '0x8040c1c', '0x8040c24', '0x8040c2c', '0x8040c34', '0x8040c3c', '0x8040c44', '0x8040c4c', '0x8040c54', '0x8040c5c', '0x8040c64', '0x8040c6c', '0x8040c74', '0x8040c7c', '0x8040c84', '0x8040c8c', '0x8040c94', '0x8040c9c', '0x8040ca4', '0x8040cac', '0x8040cb4', '0x8040cbc', '0x8040cc4', '0x8040ccc']
parents: ['0x80409ea']
type: uncond
adj_instr: 0x8040af4
log_idx: 163
log_node.dest_addr: 0x8040c4c
 
Current node
start_addr: 0x8040c4c
end_addr: 0x8040c52
successors: ['0x8040cde']
parents: ['0x80409f6']
type: uncond
adj_instr: 0x8040c54
log_idx: 164
log_node.dest_addr: 0x80409ea
-----
changed node
start_addr: 0x8040cde
end_addr: 0x8040ce8
successors: ['0x8040cec', '0x80409ea']
parents: ['0x8040af4', '0x8040afc', '0x8040b04', '0x8040b0c', '0x8040b14', '0x8040b1c', '0x8040b24', '0x8040b2c', '0x8040b34', '0x8040b3c', '0x8040b44', '0x8040b4c', '0x8040b54', '0x8040b5c', '0x8040b64', '0x8040b6c', '0x8040b74', '0x8040b7c', '0x8040b84', '0x8040b8c', '0x8040b94', '0x8040b9c', '0x8040ba4', '0x8040bac', '0x8040bb4', '0x8040bbc', '0x8040bc4', '0x8040bcc', '0x8040bd4', '0x8040bdc', '0x8040be4', '0x8040bec', '0x8040bf4', '0x8040bfc', '0x8040c04', '0x8040c0c', '0x8040c14', '0x8040c1c', '0x8040c24', '0x8040c2c', '0x8040c34', '0x8040c3c', '0x8040c44', '0x8040c4c', '0x8040c54', '0x8040c5c', '0x8040c64', '0x8040c6c', '0x8040c74', '0x8040c7c', '0x8040c84', '0x8040c8c', '0x8040c94', '0x8040c9c', '0x8040ca4', '0x8040cac', '0x8040cb4', '0x8040cbc', '0x8040cc4', '0x8040ccc']
type: cond
adj_instr: 0x8040cec
-----
 
Current node
start_addr: 0x8040cde
end_addr: 0x8040ce8
successors: ['0x8040cec', '0x80409ea']
parents: ['0x8040af4', '0x8040afc', '0x8040b04', '0x8040b0c', '0x8040b14', '0x8040b1c', '0x8040b24', '0x8040b2c', '0x8040b34', '0x8040b3c', '0x8040b44', '0x8040b4c', '0x8040b54', '0x8040b5c', '0x8040b64', '0x8040b6c', '0x8040b74', '0x8040b7c', '0x8040b84', '0x8040b8c', '0x8040b94', '0x8040b9c', '0x8040ba4', '0x8040bac', '0x8040bb4', '0x8040bbc', '0x8040bc4', '0x8040bcc', '0x8040bd4', '0x8040bdc', '0x8040be4', '0x8040bec', '0x8040bf4', '0x8040bfc', '0x8040c04', '0x8040c0c', '0x8040c14', '0x8040c1c', '0x8040c24', '0x8040c2c', '0x8040c34', '0x8040c3c', '0x8040c44', '0x8040c4c', '0x8040c54', '0x8040c5c', '0x8040c64', '0x8040c6c', '0x8040c74', '0x8040c7c', '0x8040c84', '0x8040c8c', '0x8040c94', '0x8040c9c', '0x8040ca4', '0x8040cac', '0x8040cb4', '0x8040cbc', '0x8040cc4', '0x8040ccc']
type: cond
adj_instr: 0x8040cec
log_idx: 164
log_node.dest_addr: 0x80409ea
 
Current node
start_addr: 0x80409ea
end_addr: 0x80409f2
successors: ['0x80409f6', '0x8040cd4']
parents: ['0x8040cd4', '0x8040ce4', '0x8040cde']
type: cond
adj_instr: 0x80409f6
log_idx: 165
log_node.dest_addr: 0x80409f6
 
Current node
start_addr: 0x80409f6
end_addr: 0x8040a00
successors: ['0x8040af4', '0x8040afc', '0x8040b04', '0x8040b0c', '0x8040b14', '0x8040b1c', '0x8040b24', '0x8040b2c', '0x8040b34', '0x8040b3c', '0x8040b44', '0x8040b4c', '0x8040b54', '0x8040b5c', '0x8040b64', '0x8040b6c', '0x8040b74', '0x8040b7c', '0x8040b84', '0x8040b8c', '0x8040b94', '0x8040b9c', '0x8040ba4', '0x8040bac', '0x8040bb4', '0x8040bbc', '0x8040bc4', '0x8040bcc', '0x8040bd4', '0x8040bdc', '0x8040be4', '0x8040bec', '0x8040bf4', '0x8040bfc', '0x8040c04', '0x8040c0c', '0x8040c14', '0x8040c1c', '0x8040c24', '0x8040c2c', '0x8040c34', '0x8040c3c', '0x8040c44', '0x8040c4c', '0x8040c54', '0x8040c5c', '0x8040c64', '0x8040c6c', '0x8040c74', '0x8040c7c', '0x8040c84', '0x8040c8c', '0x8040c94', '0x8040c9c', '0x8040ca4', '0x8040cac', '0x8040cb4', '0x8040cbc', '0x8040cc4', '0x8040ccc']
parents: ['0x80409ea']
type: uncond
adj_instr: 0x8040af4
log_idx: 166
log_node.dest_addr: 0x8040c54
 
Current node
start_addr: 0x8040c54
end_addr: 0x8040c5a
successors: ['0x8040cde']
parents: ['0x80409f6']
type: uncond
adj_instr: 0x8040c5c
log_idx: 167
log_node.dest_addr: 0x80409ea
-----
changed node
start_addr: 0x8040cde
end_addr: 0x8040ce8
successors: ['0x8040cec', '0x80409ea']
parents: ['0x8040af4', '0x8040afc', '0x8040b04', '0x8040b0c', '0x8040b14', '0x8040b1c', '0x8040b24', '0x8040b2c', '0x8040b34', '0x8040b3c', '0x8040b44', '0x8040b4c', '0x8040b54', '0x8040b5c', '0x8040b64', '0x8040b6c', '0x8040b74', '0x8040b7c', '0x8040b84', '0x8040b8c', '0x8040b94', '0x8040b9c', '0x8040ba4', '0x8040bac', '0x8040bb4', '0x8040bbc', '0x8040bc4', '0x8040bcc', '0x8040bd4', '0x8040bdc', '0x8040be4', '0x8040bec', '0x8040bf4', '0x8040bfc', '0x8040c04', '0x8040c0c', '0x8040c14', '0x8040c1c', '0x8040c24', '0x8040c2c', '0x8040c34', '0x8040c3c', '0x8040c44', '0x8040c4c', '0x8040c54', '0x8040c5c', '0x8040c64', '0x8040c6c', '0x8040c74', '0x8040c7c', '0x8040c84', '0x8040c8c', '0x8040c94', '0x8040c9c', '0x8040ca4', '0x8040cac', '0x8040cb4', '0x8040cbc', '0x8040cc4', '0x8040ccc']
type: cond
adj_instr: 0x8040cec
-----
 
Current node
start_addr: 0x8040cde
end_addr: 0x8040ce8
successors: ['0x8040cec', '0x80409ea']
parents: ['0x8040af4', '0x8040afc', '0x8040b04', '0x8040b0c', '0x8040b14', '0x8040b1c', '0x8040b24', '0x8040b2c', '0x8040b34', '0x8040b3c', '0x8040b44', '0x8040b4c', '0x8040b54', '0x8040b5c', '0x8040b64', '0x8040b6c', '0x8040b74', '0x8040b7c', '0x8040b84', '0x8040b8c', '0x8040b94', '0x8040b9c', '0x8040ba4', '0x8040bac', '0x8040bb4', '0x8040bbc', '0x8040bc4', '0x8040bcc', '0x8040bd4', '0x8040bdc', '0x8040be4', '0x8040bec', '0x8040bf4', '0x8040bfc', '0x8040c04', '0x8040c0c', '0x8040c14', '0x8040c1c', '0x8040c24', '0x8040c2c', '0x8040c34', '0x8040c3c', '0x8040c44', '0x8040c4c', '0x8040c54', '0x8040c5c', '0x8040c64', '0x8040c6c', '0x8040c74', '0x8040c7c', '0x8040c84', '0x8040c8c', '0x8040c94', '0x8040c9c', '0x8040ca4', '0x8040cac', '0x8040cb4', '0x8040cbc', '0x8040cc4', '0x8040ccc']
type: cond
adj_instr: 0x8040cec
log_idx: 167
log_node.dest_addr: 0x80409ea
 
Current node
start_addr: 0x80409ea
end_addr: 0x80409f2
successors: ['0x80409f6', '0x8040cd4']
parents: ['0x8040cd4', '0x8040ce4', '0x8040cde']
type: cond
adj_instr: 0x80409f6
log_idx: 168
log_node.dest_addr: 0x80409f6
 
Current node
start_addr: 0x80409f6
end_addr: 0x8040a00
successors: ['0x8040af4', '0x8040afc', '0x8040b04', '0x8040b0c', '0x8040b14', '0x8040b1c', '0x8040b24', '0x8040b2c', '0x8040b34', '0x8040b3c', '0x8040b44', '0x8040b4c', '0x8040b54', '0x8040b5c', '0x8040b64', '0x8040b6c', '0x8040b74', '0x8040b7c', '0x8040b84', '0x8040b8c', '0x8040b94', '0x8040b9c', '0x8040ba4', '0x8040bac', '0x8040bb4', '0x8040bbc', '0x8040bc4', '0x8040bcc', '0x8040bd4', '0x8040bdc', '0x8040be4', '0x8040bec', '0x8040bf4', '0x8040bfc', '0x8040c04', '0x8040c0c', '0x8040c14', '0x8040c1c', '0x8040c24', '0x8040c2c', '0x8040c34', '0x8040c3c', '0x8040c44', '0x8040c4c', '0x8040c54', '0x8040c5c', '0x8040c64', '0x8040c6c', '0x8040c74', '0x8040c7c', '0x8040c84', '0x8040c8c', '0x8040c94', '0x8040c9c', '0x8040ca4', '0x8040cac', '0x8040cb4', '0x8040cbc', '0x8040cc4', '0x8040ccc']
parents: ['0x80409ea']
type: uncond
adj_instr: 0x8040af4
log_idx: 169
log_node.dest_addr: 0x8040c5c
 
Current node
start_addr: 0x8040c5c
end_addr: 0x8040c62
successors: ['0x8040cde']
parents: ['0x80409f6']
type: uncond
adj_instr: 0x8040c64
log_idx: 170
log_node.dest_addr: 0x80409ea
-----
changed node
start_addr: 0x8040cde
end_addr: 0x8040ce8
successors: ['0x8040cec', '0x80409ea']
parents: ['0x8040af4', '0x8040afc', '0x8040b04', '0x8040b0c', '0x8040b14', '0x8040b1c', '0x8040b24', '0x8040b2c', '0x8040b34', '0x8040b3c', '0x8040b44', '0x8040b4c', '0x8040b54', '0x8040b5c', '0x8040b64', '0x8040b6c', '0x8040b74', '0x8040b7c', '0x8040b84', '0x8040b8c', '0x8040b94', '0x8040b9c', '0x8040ba4', '0x8040bac', '0x8040bb4', '0x8040bbc', '0x8040bc4', '0x8040bcc', '0x8040bd4', '0x8040bdc', '0x8040be4', '0x8040bec', '0x8040bf4', '0x8040bfc', '0x8040c04', '0x8040c0c', '0x8040c14', '0x8040c1c', '0x8040c24', '0x8040c2c', '0x8040c34', '0x8040c3c', '0x8040c44', '0x8040c4c', '0x8040c54', '0x8040c5c', '0x8040c64', '0x8040c6c', '0x8040c74', '0x8040c7c', '0x8040c84', '0x8040c8c', '0x8040c94', '0x8040c9c', '0x8040ca4', '0x8040cac', '0x8040cb4', '0x8040cbc', '0x8040cc4', '0x8040ccc']
type: cond
adj_instr: 0x8040cec
-----
 
Current node
start_addr: 0x8040cde
end_addr: 0x8040ce8
successors: ['0x8040cec', '0x80409ea']
parents: ['0x8040af4', '0x8040afc', '0x8040b04', '0x8040b0c', '0x8040b14', '0x8040b1c', '0x8040b24', '0x8040b2c', '0x8040b34', '0x8040b3c', '0x8040b44', '0x8040b4c', '0x8040b54', '0x8040b5c', '0x8040b64', '0x8040b6c', '0x8040b74', '0x8040b7c', '0x8040b84', '0x8040b8c', '0x8040b94', '0x8040b9c', '0x8040ba4', '0x8040bac', '0x8040bb4', '0x8040bbc', '0x8040bc4', '0x8040bcc', '0x8040bd4', '0x8040bdc', '0x8040be4', '0x8040bec', '0x8040bf4', '0x8040bfc', '0x8040c04', '0x8040c0c', '0x8040c14', '0x8040c1c', '0x8040c24', '0x8040c2c', '0x8040c34', '0x8040c3c', '0x8040c44', '0x8040c4c', '0x8040c54', '0x8040c5c', '0x8040c64', '0x8040c6c', '0x8040c74', '0x8040c7c', '0x8040c84', '0x8040c8c', '0x8040c94', '0x8040c9c', '0x8040ca4', '0x8040cac', '0x8040cb4', '0x8040cbc', '0x8040cc4', '0x8040ccc']
type: cond
adj_instr: 0x8040cec
log_idx: 170
log_node.dest_addr: 0x80409ea
 
Current node
start_addr: 0x80409ea
end_addr: 0x80409f2
successors: ['0x80409f6', '0x8040cd4']
parents: ['0x8040cd4', '0x8040ce4', '0x8040cde']
type: cond
adj_instr: 0x80409f6
log_idx: 171
log_node.dest_addr: 0x80409f6
 
Current node
start_addr: 0x80409f6
end_addr: 0x8040a00
successors: ['0x8040af4', '0x8040afc', '0x8040b04', '0x8040b0c', '0x8040b14', '0x8040b1c', '0x8040b24', '0x8040b2c', '0x8040b34', '0x8040b3c', '0x8040b44', '0x8040b4c', '0x8040b54', '0x8040b5c', '0x8040b64', '0x8040b6c', '0x8040b74', '0x8040b7c', '0x8040b84', '0x8040b8c', '0x8040b94', '0x8040b9c', '0x8040ba4', '0x8040bac', '0x8040bb4', '0x8040bbc', '0x8040bc4', '0x8040bcc', '0x8040bd4', '0x8040bdc', '0x8040be4', '0x8040bec', '0x8040bf4', '0x8040bfc', '0x8040c04', '0x8040c0c', '0x8040c14', '0x8040c1c', '0x8040c24', '0x8040c2c', '0x8040c34', '0x8040c3c', '0x8040c44', '0x8040c4c', '0x8040c54', '0x8040c5c', '0x8040c64', '0x8040c6c', '0x8040c74', '0x8040c7c', '0x8040c84', '0x8040c8c', '0x8040c94', '0x8040c9c', '0x8040ca4', '0x8040cac', '0x8040cb4', '0x8040cbc', '0x8040cc4', '0x8040ccc']
parents: ['0x80409ea']
type: uncond
adj_instr: 0x8040af4
log_idx: 172
log_node.dest_addr: 0x8040c64
 
Current node
start_addr: 0x8040c64
end_addr: 0x8040c6a
successors: ['0x8040cde']
parents: ['0x80409f6']
type: uncond
adj_instr: 0x8040c6c
log_idx: 173
log_node.dest_addr: 0x80409ea
-----
changed node
start_addr: 0x8040cde
end_addr: 0x8040ce8
successors: ['0x8040cec', '0x80409ea']
parents: ['0x8040af4', '0x8040afc', '0x8040b04', '0x8040b0c', '0x8040b14', '0x8040b1c', '0x8040b24', '0x8040b2c', '0x8040b34', '0x8040b3c', '0x8040b44', '0x8040b4c', '0x8040b54', '0x8040b5c', '0x8040b64', '0x8040b6c', '0x8040b74', '0x8040b7c', '0x8040b84', '0x8040b8c', '0x8040b94', '0x8040b9c', '0x8040ba4', '0x8040bac', '0x8040bb4', '0x8040bbc', '0x8040bc4', '0x8040bcc', '0x8040bd4', '0x8040bdc', '0x8040be4', '0x8040bec', '0x8040bf4', '0x8040bfc', '0x8040c04', '0x8040c0c', '0x8040c14', '0x8040c1c', '0x8040c24', '0x8040c2c', '0x8040c34', '0x8040c3c', '0x8040c44', '0x8040c4c', '0x8040c54', '0x8040c5c', '0x8040c64', '0x8040c6c', '0x8040c74', '0x8040c7c', '0x8040c84', '0x8040c8c', '0x8040c94', '0x8040c9c', '0x8040ca4', '0x8040cac', '0x8040cb4', '0x8040cbc', '0x8040cc4', '0x8040ccc']
type: cond
adj_instr: 0x8040cec
-----
 
Current node
start_addr: 0x8040cde
end_addr: 0x8040ce8
successors: ['0x8040cec', '0x80409ea']
parents: ['0x8040af4', '0x8040afc', '0x8040b04', '0x8040b0c', '0x8040b14', '0x8040b1c', '0x8040b24', '0x8040b2c', '0x8040b34', '0x8040b3c', '0x8040b44', '0x8040b4c', '0x8040b54', '0x8040b5c', '0x8040b64', '0x8040b6c', '0x8040b74', '0x8040b7c', '0x8040b84', '0x8040b8c', '0x8040b94', '0x8040b9c', '0x8040ba4', '0x8040bac', '0x8040bb4', '0x8040bbc', '0x8040bc4', '0x8040bcc', '0x8040bd4', '0x8040bdc', '0x8040be4', '0x8040bec', '0x8040bf4', '0x8040bfc', '0x8040c04', '0x8040c0c', '0x8040c14', '0x8040c1c', '0x8040c24', '0x8040c2c', '0x8040c34', '0x8040c3c', '0x8040c44', '0x8040c4c', '0x8040c54', '0x8040c5c', '0x8040c64', '0x8040c6c', '0x8040c74', '0x8040c7c', '0x8040c84', '0x8040c8c', '0x8040c94', '0x8040c9c', '0x8040ca4', '0x8040cac', '0x8040cb4', '0x8040cbc', '0x8040cc4', '0x8040ccc']
type: cond
adj_instr: 0x8040cec
log_idx: 173
log_node.dest_addr: 0x80409ea
 
Current node
start_addr: 0x80409ea
end_addr: 0x80409f2
successors: ['0x80409f6', '0x8040cd4']
parents: ['0x8040cd4', '0x8040ce4', '0x8040cde']
type: cond
adj_instr: 0x80409f6
log_idx: 174
log_node.dest_addr: 0x80409f6
 
Current node
start_addr: 0x80409f6
end_addr: 0x8040a00
successors: ['0x8040af4', '0x8040afc', '0x8040b04', '0x8040b0c', '0x8040b14', '0x8040b1c', '0x8040b24', '0x8040b2c', '0x8040b34', '0x8040b3c', '0x8040b44', '0x8040b4c', '0x8040b54', '0x8040b5c', '0x8040b64', '0x8040b6c', '0x8040b74', '0x8040b7c', '0x8040b84', '0x8040b8c', '0x8040b94', '0x8040b9c', '0x8040ba4', '0x8040bac', '0x8040bb4', '0x8040bbc', '0x8040bc4', '0x8040bcc', '0x8040bd4', '0x8040bdc', '0x8040be4', '0x8040bec', '0x8040bf4', '0x8040bfc', '0x8040c04', '0x8040c0c', '0x8040c14', '0x8040c1c', '0x8040c24', '0x8040c2c', '0x8040c34', '0x8040c3c', '0x8040c44', '0x8040c4c', '0x8040c54', '0x8040c5c', '0x8040c64', '0x8040c6c', '0x8040c74', '0x8040c7c', '0x8040c84', '0x8040c8c', '0x8040c94', '0x8040c9c', '0x8040ca4', '0x8040cac', '0x8040cb4', '0x8040cbc', '0x8040cc4', '0x8040ccc']
parents: ['0x80409ea']
type: uncond
adj_instr: 0x8040af4
log_idx: 175
log_node.dest_addr: 0x8040c6c
 
Current node
start_addr: 0x8040c6c
end_addr: 0x8040c72
successors: ['0x8040cde']
parents: ['0x80409f6']
type: uncond
adj_instr: 0x8040c74
log_idx: 176
log_node.dest_addr: 0x80409ea
-----
changed node
start_addr: 0x8040cde
end_addr: 0x8040ce8
successors: ['0x8040cec', '0x80409ea']
parents: ['0x8040af4', '0x8040afc', '0x8040b04', '0x8040b0c', '0x8040b14', '0x8040b1c', '0x8040b24', '0x8040b2c', '0x8040b34', '0x8040b3c', '0x8040b44', '0x8040b4c', '0x8040b54', '0x8040b5c', '0x8040b64', '0x8040b6c', '0x8040b74', '0x8040b7c', '0x8040b84', '0x8040b8c', '0x8040b94', '0x8040b9c', '0x8040ba4', '0x8040bac', '0x8040bb4', '0x8040bbc', '0x8040bc4', '0x8040bcc', '0x8040bd4', '0x8040bdc', '0x8040be4', '0x8040bec', '0x8040bf4', '0x8040bfc', '0x8040c04', '0x8040c0c', '0x8040c14', '0x8040c1c', '0x8040c24', '0x8040c2c', '0x8040c34', '0x8040c3c', '0x8040c44', '0x8040c4c', '0x8040c54', '0x8040c5c', '0x8040c64', '0x8040c6c', '0x8040c74', '0x8040c7c', '0x8040c84', '0x8040c8c', '0x8040c94', '0x8040c9c', '0x8040ca4', '0x8040cac', '0x8040cb4', '0x8040cbc', '0x8040cc4', '0x8040ccc']
type: cond
adj_instr: 0x8040cec
-----
 
Current node
start_addr: 0x8040cde
end_addr: 0x8040ce8
successors: ['0x8040cec', '0x80409ea']
parents: ['0x8040af4', '0x8040afc', '0x8040b04', '0x8040b0c', '0x8040b14', '0x8040b1c', '0x8040b24', '0x8040b2c', '0x8040b34', '0x8040b3c', '0x8040b44', '0x8040b4c', '0x8040b54', '0x8040b5c', '0x8040b64', '0x8040b6c', '0x8040b74', '0x8040b7c', '0x8040b84', '0x8040b8c', '0x8040b94', '0x8040b9c', '0x8040ba4', '0x8040bac', '0x8040bb4', '0x8040bbc', '0x8040bc4', '0x8040bcc', '0x8040bd4', '0x8040bdc', '0x8040be4', '0x8040bec', '0x8040bf4', '0x8040bfc', '0x8040c04', '0x8040c0c', '0x8040c14', '0x8040c1c', '0x8040c24', '0x8040c2c', '0x8040c34', '0x8040c3c', '0x8040c44', '0x8040c4c', '0x8040c54', '0x8040c5c', '0x8040c64', '0x8040c6c', '0x8040c74', '0x8040c7c', '0x8040c84', '0x8040c8c', '0x8040c94', '0x8040c9c', '0x8040ca4', '0x8040cac', '0x8040cb4', '0x8040cbc', '0x8040cc4', '0x8040ccc']
type: cond
adj_instr: 0x8040cec
log_idx: 176
log_node.dest_addr: 0x80409ea
 
Current node
start_addr: 0x80409ea
end_addr: 0x80409f2
successors: ['0x80409f6', '0x8040cd4']
parents: ['0x8040cd4', '0x8040ce4', '0x8040cde']
type: cond
adj_instr: 0x80409f6
log_idx: 177
log_node.dest_addr: 0x80409f6
 
Current node
start_addr: 0x80409f6
end_addr: 0x8040a00
successors: ['0x8040af4', '0x8040afc', '0x8040b04', '0x8040b0c', '0x8040b14', '0x8040b1c', '0x8040b24', '0x8040b2c', '0x8040b34', '0x8040b3c', '0x8040b44', '0x8040b4c', '0x8040b54', '0x8040b5c', '0x8040b64', '0x8040b6c', '0x8040b74', '0x8040b7c', '0x8040b84', '0x8040b8c', '0x8040b94', '0x8040b9c', '0x8040ba4', '0x8040bac', '0x8040bb4', '0x8040bbc', '0x8040bc4', '0x8040bcc', '0x8040bd4', '0x8040bdc', '0x8040be4', '0x8040bec', '0x8040bf4', '0x8040bfc', '0x8040c04', '0x8040c0c', '0x8040c14', '0x8040c1c', '0x8040c24', '0x8040c2c', '0x8040c34', '0x8040c3c', '0x8040c44', '0x8040c4c', '0x8040c54', '0x8040c5c', '0x8040c64', '0x8040c6c', '0x8040c74', '0x8040c7c', '0x8040c84', '0x8040c8c', '0x8040c94', '0x8040c9c', '0x8040ca4', '0x8040cac', '0x8040cb4', '0x8040cbc', '0x8040cc4', '0x8040ccc']
parents: ['0x80409ea']
type: uncond
adj_instr: 0x8040af4
log_idx: 178
log_node.dest_addr: 0x8040c74
 
Current node
start_addr: 0x8040c74
end_addr: 0x8040c7a
successors: ['0x8040cde']
parents: ['0x80409f6']
type: uncond
adj_instr: 0x8040c7c
log_idx: 179
log_node.dest_addr: 0x80409ea
-----
changed node
start_addr: 0x8040cde
end_addr: 0x8040ce8
successors: ['0x8040cec', '0x80409ea']
parents: ['0x8040af4', '0x8040afc', '0x8040b04', '0x8040b0c', '0x8040b14', '0x8040b1c', '0x8040b24', '0x8040b2c', '0x8040b34', '0x8040b3c', '0x8040b44', '0x8040b4c', '0x8040b54', '0x8040b5c', '0x8040b64', '0x8040b6c', '0x8040b74', '0x8040b7c', '0x8040b84', '0x8040b8c', '0x8040b94', '0x8040b9c', '0x8040ba4', '0x8040bac', '0x8040bb4', '0x8040bbc', '0x8040bc4', '0x8040bcc', '0x8040bd4', '0x8040bdc', '0x8040be4', '0x8040bec', '0x8040bf4', '0x8040bfc', '0x8040c04', '0x8040c0c', '0x8040c14', '0x8040c1c', '0x8040c24', '0x8040c2c', '0x8040c34', '0x8040c3c', '0x8040c44', '0x8040c4c', '0x8040c54', '0x8040c5c', '0x8040c64', '0x8040c6c', '0x8040c74', '0x8040c7c', '0x8040c84', '0x8040c8c', '0x8040c94', '0x8040c9c', '0x8040ca4', '0x8040cac', '0x8040cb4', '0x8040cbc', '0x8040cc4', '0x8040ccc']
type: cond
adj_instr: 0x8040cec
-----
 
Current node
start_addr: 0x8040cde
end_addr: 0x8040ce8
successors: ['0x8040cec', '0x80409ea']
parents: ['0x8040af4', '0x8040afc', '0x8040b04', '0x8040b0c', '0x8040b14', '0x8040b1c', '0x8040b24', '0x8040b2c', '0x8040b34', '0x8040b3c', '0x8040b44', '0x8040b4c', '0x8040b54', '0x8040b5c', '0x8040b64', '0x8040b6c', '0x8040b74', '0x8040b7c', '0x8040b84', '0x8040b8c', '0x8040b94', '0x8040b9c', '0x8040ba4', '0x8040bac', '0x8040bb4', '0x8040bbc', '0x8040bc4', '0x8040bcc', '0x8040bd4', '0x8040bdc', '0x8040be4', '0x8040bec', '0x8040bf4', '0x8040bfc', '0x8040c04', '0x8040c0c', '0x8040c14', '0x8040c1c', '0x8040c24', '0x8040c2c', '0x8040c34', '0x8040c3c', '0x8040c44', '0x8040c4c', '0x8040c54', '0x8040c5c', '0x8040c64', '0x8040c6c', '0x8040c74', '0x8040c7c', '0x8040c84', '0x8040c8c', '0x8040c94', '0x8040c9c', '0x8040ca4', '0x8040cac', '0x8040cb4', '0x8040cbc', '0x8040cc4', '0x8040ccc']
type: cond
adj_instr: 0x8040cec
log_idx: 179
log_node.dest_addr: 0x80409ea
 
Current node
start_addr: 0x80409ea
end_addr: 0x80409f2
successors: ['0x80409f6', '0x8040cd4']
parents: ['0x8040cd4', '0x8040ce4', '0x8040cde']
type: cond
adj_instr: 0x80409f6
log_idx: 180
log_node.dest_addr: 0x80409f6
 
Current node
start_addr: 0x80409f6
end_addr: 0x8040a00
successors: ['0x8040af4', '0x8040afc', '0x8040b04', '0x8040b0c', '0x8040b14', '0x8040b1c', '0x8040b24', '0x8040b2c', '0x8040b34', '0x8040b3c', '0x8040b44', '0x8040b4c', '0x8040b54', '0x8040b5c', '0x8040b64', '0x8040b6c', '0x8040b74', '0x8040b7c', '0x8040b84', '0x8040b8c', '0x8040b94', '0x8040b9c', '0x8040ba4', '0x8040bac', '0x8040bb4', '0x8040bbc', '0x8040bc4', '0x8040bcc', '0x8040bd4', '0x8040bdc', '0x8040be4', '0x8040bec', '0x8040bf4', '0x8040bfc', '0x8040c04', '0x8040c0c', '0x8040c14', '0x8040c1c', '0x8040c24', '0x8040c2c', '0x8040c34', '0x8040c3c', '0x8040c44', '0x8040c4c', '0x8040c54', '0x8040c5c', '0x8040c64', '0x8040c6c', '0x8040c74', '0x8040c7c', '0x8040c84', '0x8040c8c', '0x8040c94', '0x8040c9c', '0x8040ca4', '0x8040cac', '0x8040cb4', '0x8040cbc', '0x8040cc4', '0x8040ccc']
parents: ['0x80409ea']
type: uncond
adj_instr: 0x8040af4
log_idx: 181
log_node.dest_addr: 0x8040c7c
 
Current node
start_addr: 0x8040c7c
end_addr: 0x8040c82
successors: ['0x8040cde']
parents: ['0x80409f6']
type: uncond
adj_instr: 0x8040c84
log_idx: 182
log_node.dest_addr: 0x8040cec
-----
changed node
start_addr: 0x8040cde
end_addr: 0x8040ce8
successors: ['0x8040cec', '0x80409ea']
parents: ['0x8040af4', '0x8040afc', '0x8040b04', '0x8040b0c', '0x8040b14', '0x8040b1c', '0x8040b24', '0x8040b2c', '0x8040b34', '0x8040b3c', '0x8040b44', '0x8040b4c', '0x8040b54', '0x8040b5c', '0x8040b64', '0x8040b6c', '0x8040b74', '0x8040b7c', '0x8040b84', '0x8040b8c', '0x8040b94', '0x8040b9c', '0x8040ba4', '0x8040bac', '0x8040bb4', '0x8040bbc', '0x8040bc4', '0x8040bcc', '0x8040bd4', '0x8040bdc', '0x8040be4', '0x8040bec', '0x8040bf4', '0x8040bfc', '0x8040c04', '0x8040c0c', '0x8040c14', '0x8040c1c', '0x8040c24', '0x8040c2c', '0x8040c34', '0x8040c3c', '0x8040c44', '0x8040c4c', '0x8040c54', '0x8040c5c', '0x8040c64', '0x8040c6c', '0x8040c74', '0x8040c7c', '0x8040c84', '0x8040c8c', '0x8040c94', '0x8040c9c', '0x8040ca4', '0x8040cac', '0x8040cb4', '0x8040cbc', '0x8040cc4', '0x8040ccc']
type: cond
adj_instr: 0x8040cec
-----
 
Current node
start_addr: 0x8040cde
end_addr: 0x8040ce8
successors: ['0x8040cec', '0x80409ea']
parents: ['0x8040af4', '0x8040afc', '0x8040b04', '0x8040b0c', '0x8040b14', '0x8040b1c', '0x8040b24', '0x8040b2c', '0x8040b34', '0x8040b3c', '0x8040b44', '0x8040b4c', '0x8040b54', '0x8040b5c', '0x8040b64', '0x8040b6c', '0x8040b74', '0x8040b7c', '0x8040b84', '0x8040b8c', '0x8040b94', '0x8040b9c', '0x8040ba4', '0x8040bac', '0x8040bb4', '0x8040bbc', '0x8040bc4', '0x8040bcc', '0x8040bd4', '0x8040bdc', '0x8040be4', '0x8040bec', '0x8040bf4', '0x8040bfc', '0x8040c04', '0x8040c0c', '0x8040c14', '0x8040c1c', '0x8040c24', '0x8040c2c', '0x8040c34', '0x8040c3c', '0x8040c44', '0x8040c4c', '0x8040c54', '0x8040c5c', '0x8040c64', '0x8040c6c', '0x8040c74', '0x8040c7c', '0x8040c84', '0x8040c8c', '0x8040c94', '0x8040c9c', '0x8040ca4', '0x8040cac', '0x8040cb4', '0x8040cbc', '0x8040cc4', '0x8040ccc']
type: cond
adj_instr: 0x8040cec
log_idx: 182
log_node.dest_addr: 0x8040cec
 
Current node
start_addr: 0x8040cec
end_addr: 0x8040cfc
successors: ['0x8040dea', '0x80409ca']
parents: ['0x8040cd4', '0x8040ce4', '0x8040cde']
type: ret
adj_instr: None
log_idx: 183
log_node.dest_addr: 0x8040dea
POP from shadow stack: 0x8040dea
 
Current node
start_addr: 0x8040dea
end_addr: 0x8040df2
successors: ['0x8040394']
parents: ['0x8040cec']
type: call
adj_instr: 0x8040df6
log_idx: 184
log_node.dest_addr: 0x80402b2
PUSH to shadow stack: 0x8040df6
Call: 0x8040dea not in indr calls: ['0x80409bc']
 
Current node
start_addr: 0x8040394
end_addr: 0x804039e
successors: ['0x8040294']
parents: ['0x80409bc', '0x8040dea']
type: call
adj_instr: 0x80403a2
log_idx: 184
log_node.dest_addr: 0x80402b2
PUSH to shadow stack: 0x80403a2
Call: 0x8040394 not in indr calls: ['0x80409bc']
 
Current node
start_addr: 0x8040294
end_addr: 0x80402b0
successors: ['0x804031e']
parents: ['0x8040394', '0x80403b8', '0x80409bc']
type: uncond
adj_instr: 0x80402b2
log_idx: 184
log_node.dest_addr: 0x80402b2
-----
changed node
start_addr: 0x804031e
end_addr: 0x8040326
successors: ['0x8040328', '0x80402b2']
parents: ['0x8040294']
type: cond
adj_instr: 0x8040328
-----
 
Current node
start_addr: 0x804031e
end_addr: 0x8040326
successors: ['0x8040328', '0x80402b2']
parents: ['0x8040294']
type: cond
adj_instr: 0x8040328
log_idx: 184
log_node.dest_addr: 0x80402b2
 
Current node
start_addr: 0x80402b2
end_addr: 0x80402c4
successors: ['0x80402c6', '0x80402e4']
parents: ['0x8040310', '0x804031e']
type: cond
adj_instr: 0x80402c6
log_idx: 185
log_node.dest_addr: 0x80402e4
 
Current node
start_addr: 0x80402e4
end_addr: 0x80402ee
successors: ['0x80402f0', '0x8040310']
parents: ['0x80402b2', '0x80402c6']
type: cond
adj_instr: 0x80402f0
log_idx: 186
log_node.dest_addr: 0x80402f0
 
Current node
start_addr: 0x80402f0
end_addr: 0x804030e
successors: ['0x804032e']
parents: ['0x80402e4']
type: uncond
adj_instr: 0x8040310
log_idx: 187
log_node.dest_addr: 0x80403a2
-----
changed node
start_addr: 0x804032e
end_addr: 0x8040338
successors: ['0x80403a2', '0x80403be', '0x80409ca']
parents: ['0x80402d4', '0x80402f0']
type: ret
adj_instr: None
-----
 
Current node
start_addr: 0x804032e
end_addr: 0x8040338
successors: ['0x80403a2', '0x80403be', '0x80409ca']
parents: ['0x80402d4', '0x80402f0']
type: ret
adj_instr: None
log_idx: 187
log_node.dest_addr: 0x80403a2
POP from shadow stack: 0x80403a2
 
Current node
start_addr: 0x80403a2
end_addr: 0x80403b4
successors: ['0x8040344']
parents: ['0x8040328', '0x804032e']
type: call
adj_instr: 0x80403b8
log_idx: 188
log_node.dest_addr: 0x8040352
PUSH to shadow stack: 0x80403b8
Call: 0x80403a2 not in indr calls: ['0x80409bc']
 
Current node
start_addr: 0x8040344
end_addr: 0x8040350
successors: ['0x8040352', '0x804037c']
parents: ['0x80403a2', '0x80409bc']
type: cond
adj_instr: 0x8040352
log_idx: 188
log_node.dest_addr: 0x8040352
 
Current node
start_addr: 0x8040352
end_addr: 0x804035c
successors: ['0x804035e', '0x804037c']
parents: ['0x8040344']
type: cond
adj_instr: 0x804035e
log_idx: 189
log_node.dest_addr: 0x804035e
 
Current node
start_addr: 0x804035e
end_addr: 0x8040368
successors: ['0x804036a', '0x804037c']
parents: ['0x8040352']
type: cond
adj_instr: 0x804036a
log_idx: 190
log_node.dest_addr: 0x804036a
 
Current node
start_addr: 0x804036a
end_addr: 0x804037a
successors: ['0x8040380']
parents: ['0x804035e']
type: uncond
adj_instr: 0x804037c
log_idx: 191
log_node.dest_addr: 0x80403b8
-----
changed node
start_addr: 0x8040380
end_addr: 0x8040388
successors: ['0x80403b8', '0x80409ca']
parents: ['0x804036a']
type: ret
adj_instr: None
-----
 
Current node
start_addr: 0x8040380
end_addr: 0x8040388
successors: ['0x80403b8', '0x80409ca']
parents: ['0x804036a']
type: ret
adj_instr: None
log_idx: 191
log_node.dest_addr: 0x80403b8
POP from shadow stack: 0x80403b8
 
Current node
start_addr: 0x80403b8
end_addr: 0x80403ba
successors: ['0x8040294']
parents: ['0x804037c', '0x8040380']
type: call
adj_instr: 0x80403be
log_idx: 192
log_node.dest_addr: 0x80402b2
PUSH to shadow stack: 0x80403be
Call: 0x80403b8 not in indr calls: ['0x80409bc']
 
Current node
start_addr: 0x8040294
end_addr: 0x80402b0
successors: ['0x804031e']
parents: ['0x8040394', '0x80403b8', '0x80409bc']
type: uncond
adj_instr: 0x80402b2
log_idx: 192
log_node.dest_addr: 0x80402b2
-----
changed node
start_addr: 0x804031e
end_addr: 0x8040326
successors: ['0x8040328', '0x80402b2']
parents: ['0x8040294']
type: cond
adj_instr: 0x8040328
-----
 
Current node
start_addr: 0x804031e
end_addr: 0x8040326
successors: ['0x8040328', '0x80402b2']
parents: ['0x8040294']
type: cond
adj_instr: 0x8040328
log_idx: 192
log_node.dest_addr: 0x80402b2
 
Current node
start_addr: 0x80402b2
end_addr: 0x80402c4
successors: ['0x80402c6', '0x80402e4']
parents: ['0x8040310', '0x804031e']
type: cond
adj_instr: 0x80402c6
log_idx: 193
log_node.dest_addr: 0x80402c6
 
Current node
start_addr: 0x80402c6
end_addr: 0x80402d2
successors: ['0x80402d4', '0x80402e4']
parents: ['0x80402b2']
type: cond
adj_instr: 0x80402d4
log_idx: 194
log_node.dest_addr: 0x80402d4
 
Current node
start_addr: 0x80402d4
end_addr: 0x80402e2
successors: ['0x804032e']
parents: ['0x80402c6']
type: uncond
adj_instr: 0x80402e4
log_idx: 195
log_node.dest_addr: 0x80403be
-----
changed node
start_addr: 0x804032e
end_addr: 0x8040338
successors: ['0x80403a2', '0x80403be', '0x80409ca']
parents: ['0x80402d4', '0x80402f0']
type: ret
adj_instr: None
-----
 
Current node
start_addr: 0x804032e
end_addr: 0x8040338
successors: ['0x80403a2', '0x80403be', '0x80409ca']
parents: ['0x80402d4', '0x80402f0']
type: ret
adj_instr: None
log_idx: 195
log_node.dest_addr: 0x80403be
POP from shadow stack: 0x80403be
 
Current node
start_addr: 0x80403be
end_addr: 0x80403d4
successors: ['0x8040250']
parents: ['0x8040328', '0x804032e']
type: call
adj_instr: 0x80403d8
log_idx: 196
log_node.dest_addr: 0x8040262
PUSH to shadow stack: 0x80403d8
Call: 0x80403be not in indr calls: ['0x80409bc']
 
Current node
start_addr: 0x8040250
end_addr: 0x8040260
successors: ['0x804027c']
parents: ['0x80403be', '0x80409bc']
type: uncond
adj_instr: 0x8040262
log_idx: 196
log_node.dest_addr: 0x8040262
-----
changed node
start_addr: 0x804027c
end_addr: 0x8040282
successors: ['0x8040284', '0x8040262']
parents: ['0x8040250']
type: cond
adj_instr: 0x8040284
-----
 
Current node
start_addr: 0x804027c
end_addr: 0x8040282
successors: ['0x8040284', '0x8040262']
parents: ['0x8040250']
type: cond
adj_instr: 0x8040284
log_idx: 196
log_node.dest_addr: 0x8040262
 
Current node
start_addr: 0x8040262
end_addr: 0x8040282
successors: ['0x8040284', '0x8040262']
parents: ['0x8040262', '0x804027c']
type: cond
adj_instr: 0x8040284
log_idx: 197
log_node.dest_addr: 0x8040284
 
Current node
start_addr: 0x8040284
end_addr: 0x8040290
successors: ['0x80403d8', '0x80409ca']
parents: ['0x8040262', '0x804027c']
type: ret
adj_instr: None
log_idx: 198
log_node.dest_addr: 0x80403d8
POP from shadow stack: 0x80403d8
 
Current node
start_addr: 0x80403d8
end_addr: 0x80403dc
successors: ['0x80409b4']
parents: ['0x8040284']
type: uncond
adj_instr: 0x80403de
log_idx: 199
log_node.dest_addr: 0x80403de
-----
changed node
start_addr: 0x80409b4
end_addr: 0x80409b8
successors: ['0x80409bc', '0x80403de']
parents: ['0x80403d8']
type: cond
adj_instr: 0x80409bc
-----
 
Current node
start_addr: 0x80409b4
end_addr: 0x80409b8
successors: ['0x80409bc', '0x80403de']
parents: ['0x80403d8']
type: cond
adj_instr: 0x80409bc
log_idx: 199
log_node.dest_addr: 0x80403de
 
Current node
start_addr: 0x80403de
end_addr: 0x80403e6
successors: ['0x80403ea', '0x80409a4']
parents: ['0x80409a4', '0x80409b4', '0x80409ae']
type: cond
adj_instr: 0x80403ea
log_idx: 200
log_node.dest_addr: 0x80403ea
 
Current node
start_addr: 0x80403ea
end_addr: 0x80403f4
successors: ['0x80405d8', '0x80405e0', '0x80405e8', '0x80405f0', '0x80405f8', '0x8040600', '0x8040608', '0x8040610', '0x8040618', '0x8040620', '0x8040628', '0x8040630', '0x8040638', '0x8040640', '0x8040648', '0x8040650', '0x8040658', '0x8040660', '0x8040668', '0x8040670', '0x8040678', '0x8040680', '0x8040688', '0x8040690', '0x8040698', '0x80406a0', '0x80406a8', '0x80406b0', '0x80406b8', '0x80406c0', '0x80406c8', '0x80406dc', '0x80406e4', '0x80406ec', '0x80406f4', '0x80406fc', '0x8040704', '0x804070c', '0x8040714', '0x804071c', '0x8040724', '0x804072c', '0x8040734', '0x804073c', '0x8040744', '0x804074c', '0x8040754', '0x804075c', '0x8040764', '0x804076c', '0x8040774', '0x804077c', '0x8040784', '0x804078c', '0x8040794', '0x804079c', '0x80407a4', '0x80407ac', '0x80407b4', '0x80407bc', '0x80407c4', '0x80407cc', '0x80407d4', '0x80407dc', '0x80407e4', '0x80407ec', '0x80407f4', '0x80407fc', '0x8040804', '0x804080c', '0x8040814', '0x804081c', '0x8040824', '0x804082c', '0x8040834', '0x804083c', '0x8040844', '0x804084c', '0x8040854', '0x804085c', '0x8040864', '0x804086c', '0x8040874', '0x804087c', '0x8040884', '0x804088c', '0x8040894', '0x804089c', '0x80408a4', '0x80408ac', '0x80408b4', '0x80408bc', '0x80408c4', '0x80408cc', '0x80408d4', '0x80408dc', '0x80408e4', '0x80408ec', '0x80408f4', '0x80408fc', '0x8040904', '0x804090c', '0x8040914', '0x804091c', '0x8040924', '0x804092c', '0x8040934', '0x804093c', '0x8040944', '0x804094c', '0x8040954', '0x804095c', '0x8040964', '0x804096c', '0x8040974', '0x804097c', '0x8040984', '0x804098c', '0x8040994', '0x804099c']
parents: ['0x80403de']
type: uncond
adj_instr: 0x80405d8
log_idx: 201
log_node.dest_addr: 0x80405d8
 
Current node
start_addr: 0x80405d8
end_addr: 0x80405de
successors: ['0x80409ae']
parents: ['0x80403ea']
type: uncond
adj_instr: 0x80405e0
log_idx: 202
log_node.dest_addr: 0x80403de
-----
changed node
start_addr: 0x80409ae
end_addr: 0x80409b8
successors: ['0x80409bc', '0x80403de']
parents: ['0x80405d8', '0x80405e0', '0x80405e8', '0x80405f0', '0x80405f8', '0x8040600', '0x8040608', '0x8040610', '0x8040618', '0x8040620', '0x8040628', '0x8040630', '0x8040638', '0x8040640', '0x8040648', '0x8040650', '0x8040658', '0x8040660', '0x8040668', '0x8040670', '0x8040678', '0x8040680', '0x8040688', '0x8040690', '0x8040698', '0x80406a0', '0x80406a8', '0x80406b0', '0x80406b8', '0x80406c0', '0x80406c8', '0x80406dc', '0x80406e4', '0x80406ec', '0x80406f4', '0x80406fc', '0x8040704', '0x804070c', '0x8040714', '0x804071c', '0x8040724', '0x804072c', '0x8040734', '0x804073c', '0x8040744', '0x804074c', '0x8040754', '0x804075c', '0x8040764', '0x804076c', '0x8040774', '0x804077c', '0x8040784', '0x804078c', '0x8040794', '0x804079c', '0x80407a4', '0x80407ac', '0x80407b4', '0x80407bc', '0x80407c4', '0x80407cc', '0x80407d4', '0x80407dc', '0x80407e4', '0x80407ec', '0x80407f4', '0x80407fc', '0x8040804', '0x804080c', '0x8040814', '0x804081c', '0x8040824', '0x804082c', '0x8040834', '0x804083c', '0x8040844', '0x804084c', '0x8040854', '0x804085c', '0x8040864', '0x804086c', '0x8040874', '0x804087c', '0x8040884', '0x804088c', '0x8040894', '0x804089c', '0x80408a4', '0x80408ac', '0x80408b4', '0x80408bc', '0x80408c4', '0x80408cc', '0x80408d4', '0x80408dc', '0x80408e4', '0x80408ec', '0x80408f4', '0x80408fc', '0x8040904', '0x804090c', '0x8040914', '0x804091c', '0x8040924', '0x804092c', '0x8040934', '0x804093c', '0x8040944', '0x804094c', '0x8040954', '0x804095c', '0x8040964', '0x804096c', '0x8040974', '0x804097c', '0x8040984', '0x804098c', '0x8040994', '0x804099c']
type: cond
adj_instr: 0x80409bc
-----
 
Current node
start_addr: 0x80409ae
end_addr: 0x80409b8
successors: ['0x80409bc', '0x80403de']
parents: ['0x80405d8', '0x80405e0', '0x80405e8', '0x80405f0', '0x80405f8', '0x8040600', '0x8040608', '0x8040610', '0x8040618', '0x8040620', '0x8040628', '0x8040630', '0x8040638', '0x8040640', '0x8040648', '0x8040650', '0x8040658', '0x8040660', '0x8040668', '0x8040670', '0x8040678', '0x8040680', '0x8040688', '0x8040690', '0x8040698', '0x80406a0', '0x80406a8', '0x80406b0', '0x80406b8', '0x80406c0', '0x80406c8', '0x80406dc', '0x80406e4', '0x80406ec', '0x80406f4', '0x80406fc', '0x8040704', '0x804070c', '0x8040714', '0x804071c', '0x8040724', '0x804072c', '0x8040734', '0x804073c', '0x8040744', '0x804074c', '0x8040754', '0x804075c', '0x8040764', '0x804076c', '0x8040774', '0x804077c', '0x8040784', '0x804078c', '0x8040794', '0x804079c', '0x80407a4', '0x80407ac', '0x80407b4', '0x80407bc', '0x80407c4', '0x80407cc', '0x80407d4', '0x80407dc', '0x80407e4', '0x80407ec', '0x80407f4', '0x80407fc', '0x8040804', '0x804080c', '0x8040814', '0x804081c', '0x8040824', '0x804082c', '0x8040834', '0x804083c', '0x8040844', '0x804084c', '0x8040854', '0x804085c', '0x8040864', '0x804086c', '0x8040874', '0x804087c', '0x8040884', '0x804088c', '0x8040894', '0x804089c', '0x80408a4', '0x80408ac', '0x80408b4', '0x80408bc', '0x80408c4', '0x80408cc', '0x80408d4', '0x80408dc', '0x80408e4', '0x80408ec', '0x80408f4', '0x80408fc', '0x8040904', '0x804090c', '0x8040914', '0x804091c', '0x8040924', '0x804092c', '0x8040934', '0x804093c', '0x8040944', '0x804094c', '0x8040954', '0x804095c', '0x8040964', '0x804096c', '0x8040974', '0x804097c', '0x8040984', '0x804098c', '0x8040994', '0x804099c']
type: cond
adj_instr: 0x80409bc
log_idx: 202
log_node.dest_addr: 0x80403de
 
Current node
start_addr: 0x80403de
end_addr: 0x80403e6
successors: ['0x80403ea', '0x80409a4']
parents: ['0x80409a4', '0x80409b4', '0x80409ae']
type: cond
adj_instr: 0x80403ea
log_idx: 203
log_node.dest_addr: 0x80403ea
 
Current node
start_addr: 0x80403ea
end_addr: 0x80403f4
successors: ['0x80405d8', '0x80405e0', '0x80405e8', '0x80405f0', '0x80405f8', '0x8040600', '0x8040608', '0x8040610', '0x8040618', '0x8040620', '0x8040628', '0x8040630', '0x8040638', '0x8040640', '0x8040648', '0x8040650', '0x8040658', '0x8040660', '0x8040668', '0x8040670', '0x8040678', '0x8040680', '0x8040688', '0x8040690', '0x8040698', '0x80406a0', '0x80406a8', '0x80406b0', '0x80406b8', '0x80406c0', '0x80406c8', '0x80406dc', '0x80406e4', '0x80406ec', '0x80406f4', '0x80406fc', '0x8040704', '0x804070c', '0x8040714', '0x804071c', '0x8040724', '0x804072c', '0x8040734', '0x804073c', '0x8040744', '0x804074c', '0x8040754', '0x804075c', '0x8040764', '0x804076c', '0x8040774', '0x804077c', '0x8040784', '0x804078c', '0x8040794', '0x804079c', '0x80407a4', '0x80407ac', '0x80407b4', '0x80407bc', '0x80407c4', '0x80407cc', '0x80407d4', '0x80407dc', '0x80407e4', '0x80407ec', '0x80407f4', '0x80407fc', '0x8040804', '0x804080c', '0x8040814', '0x804081c', '0x8040824', '0x804082c', '0x8040834', '0x804083c', '0x8040844', '0x804084c', '0x8040854', '0x804085c', '0x8040864', '0x804086c', '0x8040874', '0x804087c', '0x8040884', '0x804088c', '0x8040894', '0x804089c', '0x80408a4', '0x80408ac', '0x80408b4', '0x80408bc', '0x80408c4', '0x80408cc', '0x80408d4', '0x80408dc', '0x80408e4', '0x80408ec', '0x80408f4', '0x80408fc', '0x8040904', '0x804090c', '0x8040914', '0x804091c', '0x8040924', '0x804092c', '0x8040934', '0x804093c', '0x8040944', '0x804094c', '0x8040954', '0x804095c', '0x8040964', '0x804096c', '0x8040974', '0x804097c', '0x8040984', '0x804098c', '0x8040994', '0x804099c']
parents: ['0x80403de']
type: uncond
adj_instr: 0x80405d8
log_idx: 204
log_node.dest_addr: 0x80405e0
 
Current node
start_addr: 0x80405e0
end_addr: 0x80405e6
successors: ['0x80409ae']
parents: ['0x80403ea']
type: uncond
adj_instr: 0x80405e8
log_idx: 205
log_node.dest_addr: 0x80403de
-----
changed node
start_addr: 0x80409ae
end_addr: 0x80409b8
successors: ['0x80409bc', '0x80403de']
parents: ['0x80405d8', '0x80405e0', '0x80405e8', '0x80405f0', '0x80405f8', '0x8040600', '0x8040608', '0x8040610', '0x8040618', '0x8040620', '0x8040628', '0x8040630', '0x8040638', '0x8040640', '0x8040648', '0x8040650', '0x8040658', '0x8040660', '0x8040668', '0x8040670', '0x8040678', '0x8040680', '0x8040688', '0x8040690', '0x8040698', '0x80406a0', '0x80406a8', '0x80406b0', '0x80406b8', '0x80406c0', '0x80406c8', '0x80406dc', '0x80406e4', '0x80406ec', '0x80406f4', '0x80406fc', '0x8040704', '0x804070c', '0x8040714', '0x804071c', '0x8040724', '0x804072c', '0x8040734', '0x804073c', '0x8040744', '0x804074c', '0x8040754', '0x804075c', '0x8040764', '0x804076c', '0x8040774', '0x804077c', '0x8040784', '0x804078c', '0x8040794', '0x804079c', '0x80407a4', '0x80407ac', '0x80407b4', '0x80407bc', '0x80407c4', '0x80407cc', '0x80407d4', '0x80407dc', '0x80407e4', '0x80407ec', '0x80407f4', '0x80407fc', '0x8040804', '0x804080c', '0x8040814', '0x804081c', '0x8040824', '0x804082c', '0x8040834', '0x804083c', '0x8040844', '0x804084c', '0x8040854', '0x804085c', '0x8040864', '0x804086c', '0x8040874', '0x804087c', '0x8040884', '0x804088c', '0x8040894', '0x804089c', '0x80408a4', '0x80408ac', '0x80408b4', '0x80408bc', '0x80408c4', '0x80408cc', '0x80408d4', '0x80408dc', '0x80408e4', '0x80408ec', '0x80408f4', '0x80408fc', '0x8040904', '0x804090c', '0x8040914', '0x804091c', '0x8040924', '0x804092c', '0x8040934', '0x804093c', '0x8040944', '0x804094c', '0x8040954', '0x804095c', '0x8040964', '0x804096c', '0x8040974', '0x804097c', '0x8040984', '0x804098c', '0x8040994', '0x804099c']
type: cond
adj_instr: 0x80409bc
-----
 
Current node
start_addr: 0x80409ae
end_addr: 0x80409b8
successors: ['0x80409bc', '0x80403de']
parents: ['0x80405d8', '0x80405e0', '0x80405e8', '0x80405f0', '0x80405f8', '0x8040600', '0x8040608', '0x8040610', '0x8040618', '0x8040620', '0x8040628', '0x8040630', '0x8040638', '0x8040640', '0x8040648', '0x8040650', '0x8040658', '0x8040660', '0x8040668', '0x8040670', '0x8040678', '0x8040680', '0x8040688', '0x8040690', '0x8040698', '0x80406a0', '0x80406a8', '0x80406b0', '0x80406b8', '0x80406c0', '0x80406c8', '0x80406dc', '0x80406e4', '0x80406ec', '0x80406f4', '0x80406fc', '0x8040704', '0x804070c', '0x8040714', '0x804071c', '0x8040724', '0x804072c', '0x8040734', '0x804073c', '0x8040744', '0x804074c', '0x8040754', '0x804075c', '0x8040764', '0x804076c', '0x8040774', '0x804077c', '0x8040784', '0x804078c', '0x8040794', '0x804079c', '0x80407a4', '0x80407ac', '0x80407b4', '0x80407bc', '0x80407c4', '0x80407cc', '0x80407d4', '0x80407dc', '0x80407e4', '0x80407ec', '0x80407f4', '0x80407fc', '0x8040804', '0x804080c', '0x8040814', '0x804081c', '0x8040824', '0x804082c', '0x8040834', '0x804083c', '0x8040844', '0x804084c', '0x8040854', '0x804085c', '0x8040864', '0x804086c', '0x8040874', '0x804087c', '0x8040884', '0x804088c', '0x8040894', '0x804089c', '0x80408a4', '0x80408ac', '0x80408b4', '0x80408bc', '0x80408c4', '0x80408cc', '0x80408d4', '0x80408dc', '0x80408e4', '0x80408ec', '0x80408f4', '0x80408fc', '0x8040904', '0x804090c', '0x8040914', '0x804091c', '0x8040924', '0x804092c', '0x8040934', '0x804093c', '0x8040944', '0x804094c', '0x8040954', '0x804095c', '0x8040964', '0x804096c', '0x8040974', '0x804097c', '0x8040984', '0x804098c', '0x8040994', '0x804099c']
type: cond
adj_instr: 0x80409bc
log_idx: 205
log_node.dest_addr: 0x80403de
 
Current node
start_addr: 0x80403de
end_addr: 0x80403e6
successors: ['0x80403ea', '0x80409a4']
parents: ['0x80409a4', '0x80409b4', '0x80409ae']
type: cond
adj_instr: 0x80403ea
log_idx: 206
log_node.dest_addr: 0x80403ea
 
Current node
start_addr: 0x80403ea
end_addr: 0x80403f4
successors: ['0x80405d8', '0x80405e0', '0x80405e8', '0x80405f0', '0x80405f8', '0x8040600', '0x8040608', '0x8040610', '0x8040618', '0x8040620', '0x8040628', '0x8040630', '0x8040638', '0x8040640', '0x8040648', '0x8040650', '0x8040658', '0x8040660', '0x8040668', '0x8040670', '0x8040678', '0x8040680', '0x8040688', '0x8040690', '0x8040698', '0x80406a0', '0x80406a8', '0x80406b0', '0x80406b8', '0x80406c0', '0x80406c8', '0x80406dc', '0x80406e4', '0x80406ec', '0x80406f4', '0x80406fc', '0x8040704', '0x804070c', '0x8040714', '0x804071c', '0x8040724', '0x804072c', '0x8040734', '0x804073c', '0x8040744', '0x804074c', '0x8040754', '0x804075c', '0x8040764', '0x804076c', '0x8040774', '0x804077c', '0x8040784', '0x804078c', '0x8040794', '0x804079c', '0x80407a4', '0x80407ac', '0x80407b4', '0x80407bc', '0x80407c4', '0x80407cc', '0x80407d4', '0x80407dc', '0x80407e4', '0x80407ec', '0x80407f4', '0x80407fc', '0x8040804', '0x804080c', '0x8040814', '0x804081c', '0x8040824', '0x804082c', '0x8040834', '0x804083c', '0x8040844', '0x804084c', '0x8040854', '0x804085c', '0x8040864', '0x804086c', '0x8040874', '0x804087c', '0x8040884', '0x804088c', '0x8040894', '0x804089c', '0x80408a4', '0x80408ac', '0x80408b4', '0x80408bc', '0x80408c4', '0x80408cc', '0x80408d4', '0x80408dc', '0x80408e4', '0x80408ec', '0x80408f4', '0x80408fc', '0x8040904', '0x804090c', '0x8040914', '0x804091c', '0x8040924', '0x804092c', '0x8040934', '0x804093c', '0x8040944', '0x804094c', '0x8040954', '0x804095c', '0x8040964', '0x804096c', '0x8040974', '0x804097c', '0x8040984', '0x804098c', '0x8040994', '0x804099c']
parents: ['0x80403de']
type: uncond
adj_instr: 0x80405d8
log_idx: 207
log_node.dest_addr: 0x80405e8
 
Current node
start_addr: 0x80405e8
end_addr: 0x80405ee
successors: ['0x80409ae']
parents: ['0x80403ea']
type: uncond
adj_instr: 0x80405f0
log_idx: 208
log_node.dest_addr: 0x80403de
-----
changed node
start_addr: 0x80409ae
end_addr: 0x80409b8
successors: ['0x80409bc', '0x80403de']
parents: ['0x80405d8', '0x80405e0', '0x80405e8', '0x80405f0', '0x80405f8', '0x8040600', '0x8040608', '0x8040610', '0x8040618', '0x8040620', '0x8040628', '0x8040630', '0x8040638', '0x8040640', '0x8040648', '0x8040650', '0x8040658', '0x8040660', '0x8040668', '0x8040670', '0x8040678', '0x8040680', '0x8040688', '0x8040690', '0x8040698', '0x80406a0', '0x80406a8', '0x80406b0', '0x80406b8', '0x80406c0', '0x80406c8', '0x80406dc', '0x80406e4', '0x80406ec', '0x80406f4', '0x80406fc', '0x8040704', '0x804070c', '0x8040714', '0x804071c', '0x8040724', '0x804072c', '0x8040734', '0x804073c', '0x8040744', '0x804074c', '0x8040754', '0x804075c', '0x8040764', '0x804076c', '0x8040774', '0x804077c', '0x8040784', '0x804078c', '0x8040794', '0x804079c', '0x80407a4', '0x80407ac', '0x80407b4', '0x80407bc', '0x80407c4', '0x80407cc', '0x80407d4', '0x80407dc', '0x80407e4', '0x80407ec', '0x80407f4', '0x80407fc', '0x8040804', '0x804080c', '0x8040814', '0x804081c', '0x8040824', '0x804082c', '0x8040834', '0x804083c', '0x8040844', '0x804084c', '0x8040854', '0x804085c', '0x8040864', '0x804086c', '0x8040874', '0x804087c', '0x8040884', '0x804088c', '0x8040894', '0x804089c', '0x80408a4', '0x80408ac', '0x80408b4', '0x80408bc', '0x80408c4', '0x80408cc', '0x80408d4', '0x80408dc', '0x80408e4', '0x80408ec', '0x80408f4', '0x80408fc', '0x8040904', '0x804090c', '0x8040914', '0x804091c', '0x8040924', '0x804092c', '0x8040934', '0x804093c', '0x8040944', '0x804094c', '0x8040954', '0x804095c', '0x8040964', '0x804096c', '0x8040974', '0x804097c', '0x8040984', '0x804098c', '0x8040994', '0x804099c']
type: cond
adj_instr: 0x80409bc
-----
 
Current node
start_addr: 0x80409ae
end_addr: 0x80409b8
successors: ['0x80409bc', '0x80403de']
parents: ['0x80405d8', '0x80405e0', '0x80405e8', '0x80405f0', '0x80405f8', '0x8040600', '0x8040608', '0x8040610', '0x8040618', '0x8040620', '0x8040628', '0x8040630', '0x8040638', '0x8040640', '0x8040648', '0x8040650', '0x8040658', '0x8040660', '0x8040668', '0x8040670', '0x8040678', '0x8040680', '0x8040688', '0x8040690', '0x8040698', '0x80406a0', '0x80406a8', '0x80406b0', '0x80406b8', '0x80406c0', '0x80406c8', '0x80406dc', '0x80406e4', '0x80406ec', '0x80406f4', '0x80406fc', '0x8040704', '0x804070c', '0x8040714', '0x804071c', '0x8040724', '0x804072c', '0x8040734', '0x804073c', '0x8040744', '0x804074c', '0x8040754', '0x804075c', '0x8040764', '0x804076c', '0x8040774', '0x804077c', '0x8040784', '0x804078c', '0x8040794', '0x804079c', '0x80407a4', '0x80407ac', '0x80407b4', '0x80407bc', '0x80407c4', '0x80407cc', '0x80407d4', '0x80407dc', '0x80407e4', '0x80407ec', '0x80407f4', '0x80407fc', '0x8040804', '0x804080c', '0x8040814', '0x804081c', '0x8040824', '0x804082c', '0x8040834', '0x804083c', '0x8040844', '0x804084c', '0x8040854', '0x804085c', '0x8040864', '0x804086c', '0x8040874', '0x804087c', '0x8040884', '0x804088c', '0x8040894', '0x804089c', '0x80408a4', '0x80408ac', '0x80408b4', '0x80408bc', '0x80408c4', '0x80408cc', '0x80408d4', '0x80408dc', '0x80408e4', '0x80408ec', '0x80408f4', '0x80408fc', '0x8040904', '0x804090c', '0x8040914', '0x804091c', '0x8040924', '0x804092c', '0x8040934', '0x804093c', '0x8040944', '0x804094c', '0x8040954', '0x804095c', '0x8040964', '0x804096c', '0x8040974', '0x804097c', '0x8040984', '0x804098c', '0x8040994', '0x804099c']
type: cond
adj_instr: 0x80409bc
log_idx: 208
log_node.dest_addr: 0x80403de
 
Current node
start_addr: 0x80403de
end_addr: 0x80403e6
successors: ['0x80403ea', '0x80409a4']
parents: ['0x80409a4', '0x80409b4', '0x80409ae']
type: cond
adj_instr: 0x80403ea
log_idx: 209
log_node.dest_addr: 0x80403ea
 
Current node
start_addr: 0x80403ea
end_addr: 0x80403f4
successors: ['0x80405d8', '0x80405e0', '0x80405e8', '0x80405f0', '0x80405f8', '0x8040600', '0x8040608', '0x8040610', '0x8040618', '0x8040620', '0x8040628', '0x8040630', '0x8040638', '0x8040640', '0x8040648', '0x8040650', '0x8040658', '0x8040660', '0x8040668', '0x8040670', '0x8040678', '0x8040680', '0x8040688', '0x8040690', '0x8040698', '0x80406a0', '0x80406a8', '0x80406b0', '0x80406b8', '0x80406c0', '0x80406c8', '0x80406dc', '0x80406e4', '0x80406ec', '0x80406f4', '0x80406fc', '0x8040704', '0x804070c', '0x8040714', '0x804071c', '0x8040724', '0x804072c', '0x8040734', '0x804073c', '0x8040744', '0x804074c', '0x8040754', '0x804075c', '0x8040764', '0x804076c', '0x8040774', '0x804077c', '0x8040784', '0x804078c', '0x8040794', '0x804079c', '0x80407a4', '0x80407ac', '0x80407b4', '0x80407bc', '0x80407c4', '0x80407cc', '0x80407d4', '0x80407dc', '0x80407e4', '0x80407ec', '0x80407f4', '0x80407fc', '0x8040804', '0x804080c', '0x8040814', '0x804081c', '0x8040824', '0x804082c', '0x8040834', '0x804083c', '0x8040844', '0x804084c', '0x8040854', '0x804085c', '0x8040864', '0x804086c', '0x8040874', '0x804087c', '0x8040884', '0x804088c', '0x8040894', '0x804089c', '0x80408a4', '0x80408ac', '0x80408b4', '0x80408bc', '0x80408c4', '0x80408cc', '0x80408d4', '0x80408dc', '0x80408e4', '0x80408ec', '0x80408f4', '0x80408fc', '0x8040904', '0x804090c', '0x8040914', '0x804091c', '0x8040924', '0x804092c', '0x8040934', '0x804093c', '0x8040944', '0x804094c', '0x8040954', '0x804095c', '0x8040964', '0x804096c', '0x8040974', '0x804097c', '0x8040984', '0x804098c', '0x8040994', '0x804099c']
parents: ['0x80403de']
type: uncond
adj_instr: 0x80405d8
log_idx: 210
log_node.dest_addr: 0x80405f0
 
Current node
start_addr: 0x80405f0
end_addr: 0x80405f6
successors: ['0x80409ae']
parents: ['0x80403ea']
type: uncond
adj_instr: 0x80405f8
log_idx: 211
log_node.dest_addr: 0x80403de
-----
changed node
start_addr: 0x80409ae
end_addr: 0x80409b8
successors: ['0x80409bc', '0x80403de']
parents: ['0x80405d8', '0x80405e0', '0x80405e8', '0x80405f0', '0x80405f8', '0x8040600', '0x8040608', '0x8040610', '0x8040618', '0x8040620', '0x8040628', '0x8040630', '0x8040638', '0x8040640', '0x8040648', '0x8040650', '0x8040658', '0x8040660', '0x8040668', '0x8040670', '0x8040678', '0x8040680', '0x8040688', '0x8040690', '0x8040698', '0x80406a0', '0x80406a8', '0x80406b0', '0x80406b8', '0x80406c0', '0x80406c8', '0x80406dc', '0x80406e4', '0x80406ec', '0x80406f4', '0x80406fc', '0x8040704', '0x804070c', '0x8040714', '0x804071c', '0x8040724', '0x804072c', '0x8040734', '0x804073c', '0x8040744', '0x804074c', '0x8040754', '0x804075c', '0x8040764', '0x804076c', '0x8040774', '0x804077c', '0x8040784', '0x804078c', '0x8040794', '0x804079c', '0x80407a4', '0x80407ac', '0x80407b4', '0x80407bc', '0x80407c4', '0x80407cc', '0x80407d4', '0x80407dc', '0x80407e4', '0x80407ec', '0x80407f4', '0x80407fc', '0x8040804', '0x804080c', '0x8040814', '0x804081c', '0x8040824', '0x804082c', '0x8040834', '0x804083c', '0x8040844', '0x804084c', '0x8040854', '0x804085c', '0x8040864', '0x804086c', '0x8040874', '0x804087c', '0x8040884', '0x804088c', '0x8040894', '0x804089c', '0x80408a4', '0x80408ac', '0x80408b4', '0x80408bc', '0x80408c4', '0x80408cc', '0x80408d4', '0x80408dc', '0x80408e4', '0x80408ec', '0x80408f4', '0x80408fc', '0x8040904', '0x804090c', '0x8040914', '0x804091c', '0x8040924', '0x804092c', '0x8040934', '0x804093c', '0x8040944', '0x804094c', '0x8040954', '0x804095c', '0x8040964', '0x804096c', '0x8040974', '0x804097c', '0x8040984', '0x804098c', '0x8040994', '0x804099c']
type: cond
adj_instr: 0x80409bc
-----
 
Current node
start_addr: 0x80409ae
end_addr: 0x80409b8
successors: ['0x80409bc', '0x80403de']
parents: ['0x80405d8', '0x80405e0', '0x80405e8', '0x80405f0', '0x80405f8', '0x8040600', '0x8040608', '0x8040610', '0x8040618', '0x8040620', '0x8040628', '0x8040630', '0x8040638', '0x8040640', '0x8040648', '0x8040650', '0x8040658', '0x8040660', '0x8040668', '0x8040670', '0x8040678', '0x8040680', '0x8040688', '0x8040690', '0x8040698', '0x80406a0', '0x80406a8', '0x80406b0', '0x80406b8', '0x80406c0', '0x80406c8', '0x80406dc', '0x80406e4', '0x80406ec', '0x80406f4', '0x80406fc', '0x8040704', '0x804070c', '0x8040714', '0x804071c', '0x8040724', '0x804072c', '0x8040734', '0x804073c', '0x8040744', '0x804074c', '0x8040754', '0x804075c', '0x8040764', '0x804076c', '0x8040774', '0x804077c', '0x8040784', '0x804078c', '0x8040794', '0x804079c', '0x80407a4', '0x80407ac', '0x80407b4', '0x80407bc', '0x80407c4', '0x80407cc', '0x80407d4', '0x80407dc', '0x80407e4', '0x80407ec', '0x80407f4', '0x80407fc', '0x8040804', '0x804080c', '0x8040814', '0x804081c', '0x8040824', '0x804082c', '0x8040834', '0x804083c', '0x8040844', '0x804084c', '0x8040854', '0x804085c', '0x8040864', '0x804086c', '0x8040874', '0x804087c', '0x8040884', '0x804088c', '0x8040894', '0x804089c', '0x80408a4', '0x80408ac', '0x80408b4', '0x80408bc', '0x80408c4', '0x80408cc', '0x80408d4', '0x80408dc', '0x80408e4', '0x80408ec', '0x80408f4', '0x80408fc', '0x8040904', '0x804090c', '0x8040914', '0x804091c', '0x8040924', '0x804092c', '0x8040934', '0x804093c', '0x8040944', '0x804094c', '0x8040954', '0x804095c', '0x8040964', '0x804096c', '0x8040974', '0x804097c', '0x8040984', '0x804098c', '0x8040994', '0x804099c']
type: cond
adj_instr: 0x80409bc
log_idx: 211
log_node.dest_addr: 0x80403de
 
Current node
start_addr: 0x80403de
end_addr: 0x80403e6
successors: ['0x80403ea', '0x80409a4']
parents: ['0x80409a4', '0x80409b4', '0x80409ae']
type: cond
adj_instr: 0x80403ea
log_idx: 212
log_node.dest_addr: 0x80403ea
 
Current node
start_addr: 0x80403ea
end_addr: 0x80403f4
successors: ['0x80405d8', '0x80405e0', '0x80405e8', '0x80405f0', '0x80405f8', '0x8040600', '0x8040608', '0x8040610', '0x8040618', '0x8040620', '0x8040628', '0x8040630', '0x8040638', '0x8040640', '0x8040648', '0x8040650', '0x8040658', '0x8040660', '0x8040668', '0x8040670', '0x8040678', '0x8040680', '0x8040688', '0x8040690', '0x8040698', '0x80406a0', '0x80406a8', '0x80406b0', '0x80406b8', '0x80406c0', '0x80406c8', '0x80406dc', '0x80406e4', '0x80406ec', '0x80406f4', '0x80406fc', '0x8040704', '0x804070c', '0x8040714', '0x804071c', '0x8040724', '0x804072c', '0x8040734', '0x804073c', '0x8040744', '0x804074c', '0x8040754', '0x804075c', '0x8040764', '0x804076c', '0x8040774', '0x804077c', '0x8040784', '0x804078c', '0x8040794', '0x804079c', '0x80407a4', '0x80407ac', '0x80407b4', '0x80407bc', '0x80407c4', '0x80407cc', '0x80407d4', '0x80407dc', '0x80407e4', '0x80407ec', '0x80407f4', '0x80407fc', '0x8040804', '0x804080c', '0x8040814', '0x804081c', '0x8040824', '0x804082c', '0x8040834', '0x804083c', '0x8040844', '0x804084c', '0x8040854', '0x804085c', '0x8040864', '0x804086c', '0x8040874', '0x804087c', '0x8040884', '0x804088c', '0x8040894', '0x804089c', '0x80408a4', '0x80408ac', '0x80408b4', '0x80408bc', '0x80408c4', '0x80408cc', '0x80408d4', '0x80408dc', '0x80408e4', '0x80408ec', '0x80408f4', '0x80408fc', '0x8040904', '0x804090c', '0x8040914', '0x804091c', '0x8040924', '0x804092c', '0x8040934', '0x804093c', '0x8040944', '0x804094c', '0x8040954', '0x804095c', '0x8040964', '0x804096c', '0x8040974', '0x804097c', '0x8040984', '0x804098c', '0x8040994', '0x804099c']
parents: ['0x80403de']
type: uncond
adj_instr: 0x80405d8
log_idx: 213
log_node.dest_addr: 0x80405f8
 
Current node
start_addr: 0x80405f8
end_addr: 0x80405fe
successors: ['0x80409ae']
parents: ['0x80403ea']
type: uncond
adj_instr: 0x8040600
log_idx: 214
log_node.dest_addr: 0x80403de
-----
changed node
start_addr: 0x80409ae
end_addr: 0x80409b8
successors: ['0x80409bc', '0x80403de']
parents: ['0x80405d8', '0x80405e0', '0x80405e8', '0x80405f0', '0x80405f8', '0x8040600', '0x8040608', '0x8040610', '0x8040618', '0x8040620', '0x8040628', '0x8040630', '0x8040638', '0x8040640', '0x8040648', '0x8040650', '0x8040658', '0x8040660', '0x8040668', '0x8040670', '0x8040678', '0x8040680', '0x8040688', '0x8040690', '0x8040698', '0x80406a0', '0x80406a8', '0x80406b0', '0x80406b8', '0x80406c0', '0x80406c8', '0x80406dc', '0x80406e4', '0x80406ec', '0x80406f4', '0x80406fc', '0x8040704', '0x804070c', '0x8040714', '0x804071c', '0x8040724', '0x804072c', '0x8040734', '0x804073c', '0x8040744', '0x804074c', '0x8040754', '0x804075c', '0x8040764', '0x804076c', '0x8040774', '0x804077c', '0x8040784', '0x804078c', '0x8040794', '0x804079c', '0x80407a4', '0x80407ac', '0x80407b4', '0x80407bc', '0x80407c4', '0x80407cc', '0x80407d4', '0x80407dc', '0x80407e4', '0x80407ec', '0x80407f4', '0x80407fc', '0x8040804', '0x804080c', '0x8040814', '0x804081c', '0x8040824', '0x804082c', '0x8040834', '0x804083c', '0x8040844', '0x804084c', '0x8040854', '0x804085c', '0x8040864', '0x804086c', '0x8040874', '0x804087c', '0x8040884', '0x804088c', '0x8040894', '0x804089c', '0x80408a4', '0x80408ac', '0x80408b4', '0x80408bc', '0x80408c4', '0x80408cc', '0x80408d4', '0x80408dc', '0x80408e4', '0x80408ec', '0x80408f4', '0x80408fc', '0x8040904', '0x804090c', '0x8040914', '0x804091c', '0x8040924', '0x804092c', '0x8040934', '0x804093c', '0x8040944', '0x804094c', '0x8040954', '0x804095c', '0x8040964', '0x804096c', '0x8040974', '0x804097c', '0x8040984', '0x804098c', '0x8040994', '0x804099c']
type: cond
adj_instr: 0x80409bc
-----
 
Current node
start_addr: 0x80409ae
end_addr: 0x80409b8
successors: ['0x80409bc', '0x80403de']
parents: ['0x80405d8', '0x80405e0', '0x80405e8', '0x80405f0', '0x80405f8', '0x8040600', '0x8040608', '0x8040610', '0x8040618', '0x8040620', '0x8040628', '0x8040630', '0x8040638', '0x8040640', '0x8040648', '0x8040650', '0x8040658', '0x8040660', '0x8040668', '0x8040670', '0x8040678', '0x8040680', '0x8040688', '0x8040690', '0x8040698', '0x80406a0', '0x80406a8', '0x80406b0', '0x80406b8', '0x80406c0', '0x80406c8', '0x80406dc', '0x80406e4', '0x80406ec', '0x80406f4', '0x80406fc', '0x8040704', '0x804070c', '0x8040714', '0x804071c', '0x8040724', '0x804072c', '0x8040734', '0x804073c', '0x8040744', '0x804074c', '0x8040754', '0x804075c', '0x8040764', '0x804076c', '0x8040774', '0x804077c', '0x8040784', '0x804078c', '0x8040794', '0x804079c', '0x80407a4', '0x80407ac', '0x80407b4', '0x80407bc', '0x80407c4', '0x80407cc', '0x80407d4', '0x80407dc', '0x80407e4', '0x80407ec', '0x80407f4', '0x80407fc', '0x8040804', '0x804080c', '0x8040814', '0x804081c', '0x8040824', '0x804082c', '0x8040834', '0x804083c', '0x8040844', '0x804084c', '0x8040854', '0x804085c', '0x8040864', '0x804086c', '0x8040874', '0x804087c', '0x8040884', '0x804088c', '0x8040894', '0x804089c', '0x80408a4', '0x80408ac', '0x80408b4', '0x80408bc', '0x80408c4', '0x80408cc', '0x80408d4', '0x80408dc', '0x80408e4', '0x80408ec', '0x80408f4', '0x80408fc', '0x8040904', '0x804090c', '0x8040914', '0x804091c', '0x8040924', '0x804092c', '0x8040934', '0x804093c', '0x8040944', '0x804094c', '0x8040954', '0x804095c', '0x8040964', '0x804096c', '0x8040974', '0x804097c', '0x8040984', '0x804098c', '0x8040994', '0x804099c']
type: cond
adj_instr: 0x80409bc
log_idx: 214
log_node.dest_addr: 0x80403de
 
Current node
start_addr: 0x80403de
end_addr: 0x80403e6
successors: ['0x80403ea', '0x80409a4']
parents: ['0x80409a4', '0x80409b4', '0x80409ae']
type: cond
adj_instr: 0x80403ea
log_idx: 215
log_node.dest_addr: 0x80403ea
 
Current node
start_addr: 0x80403ea
end_addr: 0x80403f4
successors: ['0x80405d8', '0x80405e0', '0x80405e8', '0x80405f0', '0x80405f8', '0x8040600', '0x8040608', '0x8040610', '0x8040618', '0x8040620', '0x8040628', '0x8040630', '0x8040638', '0x8040640', '0x8040648', '0x8040650', '0x8040658', '0x8040660', '0x8040668', '0x8040670', '0x8040678', '0x8040680', '0x8040688', '0x8040690', '0x8040698', '0x80406a0', '0x80406a8', '0x80406b0', '0x80406b8', '0x80406c0', '0x80406c8', '0x80406dc', '0x80406e4', '0x80406ec', '0x80406f4', '0x80406fc', '0x8040704', '0x804070c', '0x8040714', '0x804071c', '0x8040724', '0x804072c', '0x8040734', '0x804073c', '0x8040744', '0x804074c', '0x8040754', '0x804075c', '0x8040764', '0x804076c', '0x8040774', '0x804077c', '0x8040784', '0x804078c', '0x8040794', '0x804079c', '0x80407a4', '0x80407ac', '0x80407b4', '0x80407bc', '0x80407c4', '0x80407cc', '0x80407d4', '0x80407dc', '0x80407e4', '0x80407ec', '0x80407f4', '0x80407fc', '0x8040804', '0x804080c', '0x8040814', '0x804081c', '0x8040824', '0x804082c', '0x8040834', '0x804083c', '0x8040844', '0x804084c', '0x8040854', '0x804085c', '0x8040864', '0x804086c', '0x8040874', '0x804087c', '0x8040884', '0x804088c', '0x8040894', '0x804089c', '0x80408a4', '0x80408ac', '0x80408b4', '0x80408bc', '0x80408c4', '0x80408cc', '0x80408d4', '0x80408dc', '0x80408e4', '0x80408ec', '0x80408f4', '0x80408fc', '0x8040904', '0x804090c', '0x8040914', '0x804091c', '0x8040924', '0x804092c', '0x8040934', '0x804093c', '0x8040944', '0x804094c', '0x8040954', '0x804095c', '0x8040964', '0x804096c', '0x8040974', '0x804097c', '0x8040984', '0x804098c', '0x8040994', '0x804099c']
parents: ['0x80403de']
type: uncond
adj_instr: 0x80405d8
log_idx: 216
log_node.dest_addr: 0x8040600
 
Current node
start_addr: 0x8040600
end_addr: 0x8040606
successors: ['0x80409ae']
parents: ['0x80403ea']
type: uncond
adj_instr: 0x8040608
log_idx: 217
log_node.dest_addr: 0x80403de
-----
changed node
start_addr: 0x80409ae
end_addr: 0x80409b8
successors: ['0x80409bc', '0x80403de']
parents: ['0x80405d8', '0x80405e0', '0x80405e8', '0x80405f0', '0x80405f8', '0x8040600', '0x8040608', '0x8040610', '0x8040618', '0x8040620', '0x8040628', '0x8040630', '0x8040638', '0x8040640', '0x8040648', '0x8040650', '0x8040658', '0x8040660', '0x8040668', '0x8040670', '0x8040678', '0x8040680', '0x8040688', '0x8040690', '0x8040698', '0x80406a0', '0x80406a8', '0x80406b0', '0x80406b8', '0x80406c0', '0x80406c8', '0x80406dc', '0x80406e4', '0x80406ec', '0x80406f4', '0x80406fc', '0x8040704', '0x804070c', '0x8040714', '0x804071c', '0x8040724', '0x804072c', '0x8040734', '0x804073c', '0x8040744', '0x804074c', '0x8040754', '0x804075c', '0x8040764', '0x804076c', '0x8040774', '0x804077c', '0x8040784', '0x804078c', '0x8040794', '0x804079c', '0x80407a4', '0x80407ac', '0x80407b4', '0x80407bc', '0x80407c4', '0x80407cc', '0x80407d4', '0x80407dc', '0x80407e4', '0x80407ec', '0x80407f4', '0x80407fc', '0x8040804', '0x804080c', '0x8040814', '0x804081c', '0x8040824', '0x804082c', '0x8040834', '0x804083c', '0x8040844', '0x804084c', '0x8040854', '0x804085c', '0x8040864', '0x804086c', '0x8040874', '0x804087c', '0x8040884', '0x804088c', '0x8040894', '0x804089c', '0x80408a4', '0x80408ac', '0x80408b4', '0x80408bc', '0x80408c4', '0x80408cc', '0x80408d4', '0x80408dc', '0x80408e4', '0x80408ec', '0x80408f4', '0x80408fc', '0x8040904', '0x804090c', '0x8040914', '0x804091c', '0x8040924', '0x804092c', '0x8040934', '0x804093c', '0x8040944', '0x804094c', '0x8040954', '0x804095c', '0x8040964', '0x804096c', '0x8040974', '0x804097c', '0x8040984', '0x804098c', '0x8040994', '0x804099c']
type: cond
adj_instr: 0x80409bc
-----
 
Current node
start_addr: 0x80409ae
end_addr: 0x80409b8
successors: ['0x80409bc', '0x80403de']
parents: ['0x80405d8', '0x80405e0', '0x80405e8', '0x80405f0', '0x80405f8', '0x8040600', '0x8040608', '0x8040610', '0x8040618', '0x8040620', '0x8040628', '0x8040630', '0x8040638', '0x8040640', '0x8040648', '0x8040650', '0x8040658', '0x8040660', '0x8040668', '0x8040670', '0x8040678', '0x8040680', '0x8040688', '0x8040690', '0x8040698', '0x80406a0', '0x80406a8', '0x80406b0', '0x80406b8', '0x80406c0', '0x80406c8', '0x80406dc', '0x80406e4', '0x80406ec', '0x80406f4', '0x80406fc', '0x8040704', '0x804070c', '0x8040714', '0x804071c', '0x8040724', '0x804072c', '0x8040734', '0x804073c', '0x8040744', '0x804074c', '0x8040754', '0x804075c', '0x8040764', '0x804076c', '0x8040774', '0x804077c', '0x8040784', '0x804078c', '0x8040794', '0x804079c', '0x80407a4', '0x80407ac', '0x80407b4', '0x80407bc', '0x80407c4', '0x80407cc', '0x80407d4', '0x80407dc', '0x80407e4', '0x80407ec', '0x80407f4', '0x80407fc', '0x8040804', '0x804080c', '0x8040814', '0x804081c', '0x8040824', '0x804082c', '0x8040834', '0x804083c', '0x8040844', '0x804084c', '0x8040854', '0x804085c', '0x8040864', '0x804086c', '0x8040874', '0x804087c', '0x8040884', '0x804088c', '0x8040894', '0x804089c', '0x80408a4', '0x80408ac', '0x80408b4', '0x80408bc', '0x80408c4', '0x80408cc', '0x80408d4', '0x80408dc', '0x80408e4', '0x80408ec', '0x80408f4', '0x80408fc', '0x8040904', '0x804090c', '0x8040914', '0x804091c', '0x8040924', '0x804092c', '0x8040934', '0x804093c', '0x8040944', '0x804094c', '0x8040954', '0x804095c', '0x8040964', '0x804096c', '0x8040974', '0x804097c', '0x8040984', '0x804098c', '0x8040994', '0x804099c']
type: cond
adj_instr: 0x80409bc
log_idx: 217
log_node.dest_addr: 0x80403de
 
Current node
start_addr: 0x80403de
end_addr: 0x80403e6
successors: ['0x80403ea', '0x80409a4']
parents: ['0x80409a4', '0x80409b4', '0x80409ae']
type: cond
adj_instr: 0x80403ea
log_idx: 218
log_node.dest_addr: 0x80403ea
 
Current node
start_addr: 0x80403ea
end_addr: 0x80403f4
successors: ['0x80405d8', '0x80405e0', '0x80405e8', '0x80405f0', '0x80405f8', '0x8040600', '0x8040608', '0x8040610', '0x8040618', '0x8040620', '0x8040628', '0x8040630', '0x8040638', '0x8040640', '0x8040648', '0x8040650', '0x8040658', '0x8040660', '0x8040668', '0x8040670', '0x8040678', '0x8040680', '0x8040688', '0x8040690', '0x8040698', '0x80406a0', '0x80406a8', '0x80406b0', '0x80406b8', '0x80406c0', '0x80406c8', '0x80406dc', '0x80406e4', '0x80406ec', '0x80406f4', '0x80406fc', '0x8040704', '0x804070c', '0x8040714', '0x804071c', '0x8040724', '0x804072c', '0x8040734', '0x804073c', '0x8040744', '0x804074c', '0x8040754', '0x804075c', '0x8040764', '0x804076c', '0x8040774', '0x804077c', '0x8040784', '0x804078c', '0x8040794', '0x804079c', '0x80407a4', '0x80407ac', '0x80407b4', '0x80407bc', '0x80407c4', '0x80407cc', '0x80407d4', '0x80407dc', '0x80407e4', '0x80407ec', '0x80407f4', '0x80407fc', '0x8040804', '0x804080c', '0x8040814', '0x804081c', '0x8040824', '0x804082c', '0x8040834', '0x804083c', '0x8040844', '0x804084c', '0x8040854', '0x804085c', '0x8040864', '0x804086c', '0x8040874', '0x804087c', '0x8040884', '0x804088c', '0x8040894', '0x804089c', '0x80408a4', '0x80408ac', '0x80408b4', '0x80408bc', '0x80408c4', '0x80408cc', '0x80408d4', '0x80408dc', '0x80408e4', '0x80408ec', '0x80408f4', '0x80408fc', '0x8040904', '0x804090c', '0x8040914', '0x804091c', '0x8040924', '0x804092c', '0x8040934', '0x804093c', '0x8040944', '0x804094c', '0x8040954', '0x804095c', '0x8040964', '0x804096c', '0x8040974', '0x804097c', '0x8040984', '0x804098c', '0x8040994', '0x804099c']
parents: ['0x80403de']
type: uncond
adj_instr: 0x80405d8
log_idx: 219
log_node.dest_addr: 0x8040608
 
Current node
start_addr: 0x8040608
end_addr: 0x804060e
successors: ['0x80409ae']
parents: ['0x80403ea']
type: uncond
adj_instr: 0x8040610
log_idx: 220
log_node.dest_addr: 0x80403de
-----
changed node
start_addr: 0x80409ae
end_addr: 0x80409b8
successors: ['0x80409bc', '0x80403de']
parents: ['0x80405d8', '0x80405e0', '0x80405e8', '0x80405f0', '0x80405f8', '0x8040600', '0x8040608', '0x8040610', '0x8040618', '0x8040620', '0x8040628', '0x8040630', '0x8040638', '0x8040640', '0x8040648', '0x8040650', '0x8040658', '0x8040660', '0x8040668', '0x8040670', '0x8040678', '0x8040680', '0x8040688', '0x8040690', '0x8040698', '0x80406a0', '0x80406a8', '0x80406b0', '0x80406b8', '0x80406c0', '0x80406c8', '0x80406dc', '0x80406e4', '0x80406ec', '0x80406f4', '0x80406fc', '0x8040704', '0x804070c', '0x8040714', '0x804071c', '0x8040724', '0x804072c', '0x8040734', '0x804073c', '0x8040744', '0x804074c', '0x8040754', '0x804075c', '0x8040764', '0x804076c', '0x8040774', '0x804077c', '0x8040784', '0x804078c', '0x8040794', '0x804079c', '0x80407a4', '0x80407ac', '0x80407b4', '0x80407bc', '0x80407c4', '0x80407cc', '0x80407d4', '0x80407dc', '0x80407e4', '0x80407ec', '0x80407f4', '0x80407fc', '0x8040804', '0x804080c', '0x8040814', '0x804081c', '0x8040824', '0x804082c', '0x8040834', '0x804083c', '0x8040844', '0x804084c', '0x8040854', '0x804085c', '0x8040864', '0x804086c', '0x8040874', '0x804087c', '0x8040884', '0x804088c', '0x8040894', '0x804089c', '0x80408a4', '0x80408ac', '0x80408b4', '0x80408bc', '0x80408c4', '0x80408cc', '0x80408d4', '0x80408dc', '0x80408e4', '0x80408ec', '0x80408f4', '0x80408fc', '0x8040904', '0x804090c', '0x8040914', '0x804091c', '0x8040924', '0x804092c', '0x8040934', '0x804093c', '0x8040944', '0x804094c', '0x8040954', '0x804095c', '0x8040964', '0x804096c', '0x8040974', '0x804097c', '0x8040984', '0x804098c', '0x8040994', '0x804099c']
type: cond
adj_instr: 0x80409bc
-----
 
Current node
start_addr: 0x80409ae
end_addr: 0x80409b8
successors: ['0x80409bc', '0x80403de']
parents: ['0x80405d8', '0x80405e0', '0x80405e8', '0x80405f0', '0x80405f8', '0x8040600', '0x8040608', '0x8040610', '0x8040618', '0x8040620', '0x8040628', '0x8040630', '0x8040638', '0x8040640', '0x8040648', '0x8040650', '0x8040658', '0x8040660', '0x8040668', '0x8040670', '0x8040678', '0x8040680', '0x8040688', '0x8040690', '0x8040698', '0x80406a0', '0x80406a8', '0x80406b0', '0x80406b8', '0x80406c0', '0x80406c8', '0x80406dc', '0x80406e4', '0x80406ec', '0x80406f4', '0x80406fc', '0x8040704', '0x804070c', '0x8040714', '0x804071c', '0x8040724', '0x804072c', '0x8040734', '0x804073c', '0x8040744', '0x804074c', '0x8040754', '0x804075c', '0x8040764', '0x804076c', '0x8040774', '0x804077c', '0x8040784', '0x804078c', '0x8040794', '0x804079c', '0x80407a4', '0x80407ac', '0x80407b4', '0x80407bc', '0x80407c4', '0x80407cc', '0x80407d4', '0x80407dc', '0x80407e4', '0x80407ec', '0x80407f4', '0x80407fc', '0x8040804', '0x804080c', '0x8040814', '0x804081c', '0x8040824', '0x804082c', '0x8040834', '0x804083c', '0x8040844', '0x804084c', '0x8040854', '0x804085c', '0x8040864', '0x804086c', '0x8040874', '0x804087c', '0x8040884', '0x804088c', '0x8040894', '0x804089c', '0x80408a4', '0x80408ac', '0x80408b4', '0x80408bc', '0x80408c4', '0x80408cc', '0x80408d4', '0x80408dc', '0x80408e4', '0x80408ec', '0x80408f4', '0x80408fc', '0x8040904', '0x804090c', '0x8040914', '0x804091c', '0x8040924', '0x804092c', '0x8040934', '0x804093c', '0x8040944', '0x804094c', '0x8040954', '0x804095c', '0x8040964', '0x804096c', '0x8040974', '0x804097c', '0x8040984', '0x804098c', '0x8040994', '0x804099c']
type: cond
adj_instr: 0x80409bc
log_idx: 220
log_node.dest_addr: 0x80403de
 
Current node
start_addr: 0x80403de
end_addr: 0x80403e6
successors: ['0x80403ea', '0x80409a4']
parents: ['0x80409a4', '0x80409b4', '0x80409ae']
type: cond
adj_instr: 0x80403ea
log_idx: 221
log_node.dest_addr: 0x80403ea
 
Current node
start_addr: 0x80403ea
end_addr: 0x80403f4
successors: ['0x80405d8', '0x80405e0', '0x80405e8', '0x80405f0', '0x80405f8', '0x8040600', '0x8040608', '0x8040610', '0x8040618', '0x8040620', '0x8040628', '0x8040630', '0x8040638', '0x8040640', '0x8040648', '0x8040650', '0x8040658', '0x8040660', '0x8040668', '0x8040670', '0x8040678', '0x8040680', '0x8040688', '0x8040690', '0x8040698', '0x80406a0', '0x80406a8', '0x80406b0', '0x80406b8', '0x80406c0', '0x80406c8', '0x80406dc', '0x80406e4', '0x80406ec', '0x80406f4', '0x80406fc', '0x8040704', '0x804070c', '0x8040714', '0x804071c', '0x8040724', '0x804072c', '0x8040734', '0x804073c', '0x8040744', '0x804074c', '0x8040754', '0x804075c', '0x8040764', '0x804076c', '0x8040774', '0x804077c', '0x8040784', '0x804078c', '0x8040794', '0x804079c', '0x80407a4', '0x80407ac', '0x80407b4', '0x80407bc', '0x80407c4', '0x80407cc', '0x80407d4', '0x80407dc', '0x80407e4', '0x80407ec', '0x80407f4', '0x80407fc', '0x8040804', '0x804080c', '0x8040814', '0x804081c', '0x8040824', '0x804082c', '0x8040834', '0x804083c', '0x8040844', '0x804084c', '0x8040854', '0x804085c', '0x8040864', '0x804086c', '0x8040874', '0x804087c', '0x8040884', '0x804088c', '0x8040894', '0x804089c', '0x80408a4', '0x80408ac', '0x80408b4', '0x80408bc', '0x80408c4', '0x80408cc', '0x80408d4', '0x80408dc', '0x80408e4', '0x80408ec', '0x80408f4', '0x80408fc', '0x8040904', '0x804090c', '0x8040914', '0x804091c', '0x8040924', '0x804092c', '0x8040934', '0x804093c', '0x8040944', '0x804094c', '0x8040954', '0x804095c', '0x8040964', '0x804096c', '0x8040974', '0x804097c', '0x8040984', '0x804098c', '0x8040994', '0x804099c']
parents: ['0x80403de']
type: uncond
adj_instr: 0x80405d8
log_idx: 222
log_node.dest_addr: 0x8040610
 
Current node
start_addr: 0x8040610
end_addr: 0x8040616
successors: ['0x80409ae']
parents: ['0x80403ea']
type: uncond
adj_instr: 0x8040618
log_idx: 223
log_node.dest_addr: 0x80403de
-----
changed node
start_addr: 0x80409ae
end_addr: 0x80409b8
successors: ['0x80409bc', '0x80403de']
parents: ['0x80405d8', '0x80405e0', '0x80405e8', '0x80405f0', '0x80405f8', '0x8040600', '0x8040608', '0x8040610', '0x8040618', '0x8040620', '0x8040628', '0x8040630', '0x8040638', '0x8040640', '0x8040648', '0x8040650', '0x8040658', '0x8040660', '0x8040668', '0x8040670', '0x8040678', '0x8040680', '0x8040688', '0x8040690', '0x8040698', '0x80406a0', '0x80406a8', '0x80406b0', '0x80406b8', '0x80406c0', '0x80406c8', '0x80406dc', '0x80406e4', '0x80406ec', '0x80406f4', '0x80406fc', '0x8040704', '0x804070c', '0x8040714', '0x804071c', '0x8040724', '0x804072c', '0x8040734', '0x804073c', '0x8040744', '0x804074c', '0x8040754', '0x804075c', '0x8040764', '0x804076c', '0x8040774', '0x804077c', '0x8040784', '0x804078c', '0x8040794', '0x804079c', '0x80407a4', '0x80407ac', '0x80407b4', '0x80407bc', '0x80407c4', '0x80407cc', '0x80407d4', '0x80407dc', '0x80407e4', '0x80407ec', '0x80407f4', '0x80407fc', '0x8040804', '0x804080c', '0x8040814', '0x804081c', '0x8040824', '0x804082c', '0x8040834', '0x804083c', '0x8040844', '0x804084c', '0x8040854', '0x804085c', '0x8040864', '0x804086c', '0x8040874', '0x804087c', '0x8040884', '0x804088c', '0x8040894', '0x804089c', '0x80408a4', '0x80408ac', '0x80408b4', '0x80408bc', '0x80408c4', '0x80408cc', '0x80408d4', '0x80408dc', '0x80408e4', '0x80408ec', '0x80408f4', '0x80408fc', '0x8040904', '0x804090c', '0x8040914', '0x804091c', '0x8040924', '0x804092c', '0x8040934', '0x804093c', '0x8040944', '0x804094c', '0x8040954', '0x804095c', '0x8040964', '0x804096c', '0x8040974', '0x804097c', '0x8040984', '0x804098c', '0x8040994', '0x804099c']
type: cond
adj_instr: 0x80409bc
-----
 
Current node
start_addr: 0x80409ae
end_addr: 0x80409b8
successors: ['0x80409bc', '0x80403de']
parents: ['0x80405d8', '0x80405e0', '0x80405e8', '0x80405f0', '0x80405f8', '0x8040600', '0x8040608', '0x8040610', '0x8040618', '0x8040620', '0x8040628', '0x8040630', '0x8040638', '0x8040640', '0x8040648', '0x8040650', '0x8040658', '0x8040660', '0x8040668', '0x8040670', '0x8040678', '0x8040680', '0x8040688', '0x8040690', '0x8040698', '0x80406a0', '0x80406a8', '0x80406b0', '0x80406b8', '0x80406c0', '0x80406c8', '0x80406dc', '0x80406e4', '0x80406ec', '0x80406f4', '0x80406fc', '0x8040704', '0x804070c', '0x8040714', '0x804071c', '0x8040724', '0x804072c', '0x8040734', '0x804073c', '0x8040744', '0x804074c', '0x8040754', '0x804075c', '0x8040764', '0x804076c', '0x8040774', '0x804077c', '0x8040784', '0x804078c', '0x8040794', '0x804079c', '0x80407a4', '0x80407ac', '0x80407b4', '0x80407bc', '0x80407c4', '0x80407cc', '0x80407d4', '0x80407dc', '0x80407e4', '0x80407ec', '0x80407f4', '0x80407fc', '0x8040804', '0x804080c', '0x8040814', '0x804081c', '0x8040824', '0x804082c', '0x8040834', '0x804083c', '0x8040844', '0x804084c', '0x8040854', '0x804085c', '0x8040864', '0x804086c', '0x8040874', '0x804087c', '0x8040884', '0x804088c', '0x8040894', '0x804089c', '0x80408a4', '0x80408ac', '0x80408b4', '0x80408bc', '0x80408c4', '0x80408cc', '0x80408d4', '0x80408dc', '0x80408e4', '0x80408ec', '0x80408f4', '0x80408fc', '0x8040904', '0x804090c', '0x8040914', '0x804091c', '0x8040924', '0x804092c', '0x8040934', '0x804093c', '0x8040944', '0x804094c', '0x8040954', '0x804095c', '0x8040964', '0x804096c', '0x8040974', '0x804097c', '0x8040984', '0x804098c', '0x8040994', '0x804099c']
type: cond
adj_instr: 0x80409bc
log_idx: 223
log_node.dest_addr: 0x80403de
 
Current node
start_addr: 0x80403de
end_addr: 0x80403e6
successors: ['0x80403ea', '0x80409a4']
parents: ['0x80409a4', '0x80409b4', '0x80409ae']
type: cond
adj_instr: 0x80403ea
log_idx: 224
log_node.dest_addr: 0x80403ea
 
Current node
start_addr: 0x80403ea
end_addr: 0x80403f4
successors: ['0x80405d8', '0x80405e0', '0x80405e8', '0x80405f0', '0x80405f8', '0x8040600', '0x8040608', '0x8040610', '0x8040618', '0x8040620', '0x8040628', '0x8040630', '0x8040638', '0x8040640', '0x8040648', '0x8040650', '0x8040658', '0x8040660', '0x8040668', '0x8040670', '0x8040678', '0x8040680', '0x8040688', '0x8040690', '0x8040698', '0x80406a0', '0x80406a8', '0x80406b0', '0x80406b8', '0x80406c0', '0x80406c8', '0x80406dc', '0x80406e4', '0x80406ec', '0x80406f4', '0x80406fc', '0x8040704', '0x804070c', '0x8040714', '0x804071c', '0x8040724', '0x804072c', '0x8040734', '0x804073c', '0x8040744', '0x804074c', '0x8040754', '0x804075c', '0x8040764', '0x804076c', '0x8040774', '0x804077c', '0x8040784', '0x804078c', '0x8040794', '0x804079c', '0x80407a4', '0x80407ac', '0x80407b4', '0x80407bc', '0x80407c4', '0x80407cc', '0x80407d4', '0x80407dc', '0x80407e4', '0x80407ec', '0x80407f4', '0x80407fc', '0x8040804', '0x804080c', '0x8040814', '0x804081c', '0x8040824', '0x804082c', '0x8040834', '0x804083c', '0x8040844', '0x804084c', '0x8040854', '0x804085c', '0x8040864', '0x804086c', '0x8040874', '0x804087c', '0x8040884', '0x804088c', '0x8040894', '0x804089c', '0x80408a4', '0x80408ac', '0x80408b4', '0x80408bc', '0x80408c4', '0x80408cc', '0x80408d4', '0x80408dc', '0x80408e4', '0x80408ec', '0x80408f4', '0x80408fc', '0x8040904', '0x804090c', '0x8040914', '0x804091c', '0x8040924', '0x804092c', '0x8040934', '0x804093c', '0x8040944', '0x804094c', '0x8040954', '0x804095c', '0x8040964', '0x804096c', '0x8040974', '0x804097c', '0x8040984', '0x804098c', '0x8040994', '0x804099c']
parents: ['0x80403de']
type: uncond
adj_instr: 0x80405d8
log_idx: 225
log_node.dest_addr: 0x8040618
 
Current node
start_addr: 0x8040618
end_addr: 0x804061e
successors: ['0x80409ae']
parents: ['0x80403ea']
type: uncond
adj_instr: 0x8040620
log_idx: 226
log_node.dest_addr: 0x80403de
-----
changed node
start_addr: 0x80409ae
end_addr: 0x80409b8
successors: ['0x80409bc', '0x80403de']
parents: ['0x80405d8', '0x80405e0', '0x80405e8', '0x80405f0', '0x80405f8', '0x8040600', '0x8040608', '0x8040610', '0x8040618', '0x8040620', '0x8040628', '0x8040630', '0x8040638', '0x8040640', '0x8040648', '0x8040650', '0x8040658', '0x8040660', '0x8040668', '0x8040670', '0x8040678', '0x8040680', '0x8040688', '0x8040690', '0x8040698', '0x80406a0', '0x80406a8', '0x80406b0', '0x80406b8', '0x80406c0', '0x80406c8', '0x80406dc', '0x80406e4', '0x80406ec', '0x80406f4', '0x80406fc', '0x8040704', '0x804070c', '0x8040714', '0x804071c', '0x8040724', '0x804072c', '0x8040734', '0x804073c', '0x8040744', '0x804074c', '0x8040754', '0x804075c', '0x8040764', '0x804076c', '0x8040774', '0x804077c', '0x8040784', '0x804078c', '0x8040794', '0x804079c', '0x80407a4', '0x80407ac', '0x80407b4', '0x80407bc', '0x80407c4', '0x80407cc', '0x80407d4', '0x80407dc', '0x80407e4', '0x80407ec', '0x80407f4', '0x80407fc', '0x8040804', '0x804080c', '0x8040814', '0x804081c', '0x8040824', '0x804082c', '0x8040834', '0x804083c', '0x8040844', '0x804084c', '0x8040854', '0x804085c', '0x8040864', '0x804086c', '0x8040874', '0x804087c', '0x8040884', '0x804088c', '0x8040894', '0x804089c', '0x80408a4', '0x80408ac', '0x80408b4', '0x80408bc', '0x80408c4', '0x80408cc', '0x80408d4', '0x80408dc', '0x80408e4', '0x80408ec', '0x80408f4', '0x80408fc', '0x8040904', '0x804090c', '0x8040914', '0x804091c', '0x8040924', '0x804092c', '0x8040934', '0x804093c', '0x8040944', '0x804094c', '0x8040954', '0x804095c', '0x8040964', '0x804096c', '0x8040974', '0x804097c', '0x8040984', '0x804098c', '0x8040994', '0x804099c']
type: cond
adj_instr: 0x80409bc
-----
 
Current node
start_addr: 0x80409ae
end_addr: 0x80409b8
successors: ['0x80409bc', '0x80403de']
parents: ['0x80405d8', '0x80405e0', '0x80405e8', '0x80405f0', '0x80405f8', '0x8040600', '0x8040608', '0x8040610', '0x8040618', '0x8040620', '0x8040628', '0x8040630', '0x8040638', '0x8040640', '0x8040648', '0x8040650', '0x8040658', '0x8040660', '0x8040668', '0x8040670', '0x8040678', '0x8040680', '0x8040688', '0x8040690', '0x8040698', '0x80406a0', '0x80406a8', '0x80406b0', '0x80406b8', '0x80406c0', '0x80406c8', '0x80406dc', '0x80406e4', '0x80406ec', '0x80406f4', '0x80406fc', '0x8040704', '0x804070c', '0x8040714', '0x804071c', '0x8040724', '0x804072c', '0x8040734', '0x804073c', '0x8040744', '0x804074c', '0x8040754', '0x804075c', '0x8040764', '0x804076c', '0x8040774', '0x804077c', '0x8040784', '0x804078c', '0x8040794', '0x804079c', '0x80407a4', '0x80407ac', '0x80407b4', '0x80407bc', '0x80407c4', '0x80407cc', '0x80407d4', '0x80407dc', '0x80407e4', '0x80407ec', '0x80407f4', '0x80407fc', '0x8040804', '0x804080c', '0x8040814', '0x804081c', '0x8040824', '0x804082c', '0x8040834', '0x804083c', '0x8040844', '0x804084c', '0x8040854', '0x804085c', '0x8040864', '0x804086c', '0x8040874', '0x804087c', '0x8040884', '0x804088c', '0x8040894', '0x804089c', '0x80408a4', '0x80408ac', '0x80408b4', '0x80408bc', '0x80408c4', '0x80408cc', '0x80408d4', '0x80408dc', '0x80408e4', '0x80408ec', '0x80408f4', '0x80408fc', '0x8040904', '0x804090c', '0x8040914', '0x804091c', '0x8040924', '0x804092c', '0x8040934', '0x804093c', '0x8040944', '0x804094c', '0x8040954', '0x804095c', '0x8040964', '0x804096c', '0x8040974', '0x804097c', '0x8040984', '0x804098c', '0x8040994', '0x804099c']
type: cond
adj_instr: 0x80409bc
log_idx: 226
log_node.dest_addr: 0x80403de
 
Current node
start_addr: 0x80403de
end_addr: 0x80403e6
successors: ['0x80403ea', '0x80409a4']
parents: ['0x80409a4', '0x80409b4', '0x80409ae']
type: cond
adj_instr: 0x80403ea
log_idx: 227
log_node.dest_addr: 0x80403ea
 
Current node
start_addr: 0x80403ea
end_addr: 0x80403f4
successors: ['0x80405d8', '0x80405e0', '0x80405e8', '0x80405f0', '0x80405f8', '0x8040600', '0x8040608', '0x8040610', '0x8040618', '0x8040620', '0x8040628', '0x8040630', '0x8040638', '0x8040640', '0x8040648', '0x8040650', '0x8040658', '0x8040660', '0x8040668', '0x8040670', '0x8040678', '0x8040680', '0x8040688', '0x8040690', '0x8040698', '0x80406a0', '0x80406a8', '0x80406b0', '0x80406b8', '0x80406c0', '0x80406c8', '0x80406dc', '0x80406e4', '0x80406ec', '0x80406f4', '0x80406fc', '0x8040704', '0x804070c', '0x8040714', '0x804071c', '0x8040724', '0x804072c', '0x8040734', '0x804073c', '0x8040744', '0x804074c', '0x8040754', '0x804075c', '0x8040764', '0x804076c', '0x8040774', '0x804077c', '0x8040784', '0x804078c', '0x8040794', '0x804079c', '0x80407a4', '0x80407ac', '0x80407b4', '0x80407bc', '0x80407c4', '0x80407cc', '0x80407d4', '0x80407dc', '0x80407e4', '0x80407ec', '0x80407f4', '0x80407fc', '0x8040804', '0x804080c', '0x8040814', '0x804081c', '0x8040824', '0x804082c', '0x8040834', '0x804083c', '0x8040844', '0x804084c', '0x8040854', '0x804085c', '0x8040864', '0x804086c', '0x8040874', '0x804087c', '0x8040884', '0x804088c', '0x8040894', '0x804089c', '0x80408a4', '0x80408ac', '0x80408b4', '0x80408bc', '0x80408c4', '0x80408cc', '0x80408d4', '0x80408dc', '0x80408e4', '0x80408ec', '0x80408f4', '0x80408fc', '0x8040904', '0x804090c', '0x8040914', '0x804091c', '0x8040924', '0x804092c', '0x8040934', '0x804093c', '0x8040944', '0x804094c', '0x8040954', '0x804095c', '0x8040964', '0x804096c', '0x8040974', '0x804097c', '0x8040984', '0x804098c', '0x8040994', '0x804099c']
parents: ['0x80403de']
type: uncond
adj_instr: 0x80405d8
log_idx: 228
log_node.dest_addr: 0x8040620
 
Current node
start_addr: 0x8040620
end_addr: 0x8040626
successors: ['0x80409ae']
parents: ['0x80403ea']
type: uncond
adj_instr: 0x8040628
log_idx: 229
log_node.dest_addr: 0x80403de
-----
changed node
start_addr: 0x80409ae
end_addr: 0x80409b8
successors: ['0x80409bc', '0x80403de']
parents: ['0x80405d8', '0x80405e0', '0x80405e8', '0x80405f0', '0x80405f8', '0x8040600', '0x8040608', '0x8040610', '0x8040618', '0x8040620', '0x8040628', '0x8040630', '0x8040638', '0x8040640', '0x8040648', '0x8040650', '0x8040658', '0x8040660', '0x8040668', '0x8040670', '0x8040678', '0x8040680', '0x8040688', '0x8040690', '0x8040698', '0x80406a0', '0x80406a8', '0x80406b0', '0x80406b8', '0x80406c0', '0x80406c8', '0x80406dc', '0x80406e4', '0x80406ec', '0x80406f4', '0x80406fc', '0x8040704', '0x804070c', '0x8040714', '0x804071c', '0x8040724', '0x804072c', '0x8040734', '0x804073c', '0x8040744', '0x804074c', '0x8040754', '0x804075c', '0x8040764', '0x804076c', '0x8040774', '0x804077c', '0x8040784', '0x804078c', '0x8040794', '0x804079c', '0x80407a4', '0x80407ac', '0x80407b4', '0x80407bc', '0x80407c4', '0x80407cc', '0x80407d4', '0x80407dc', '0x80407e4', '0x80407ec', '0x80407f4', '0x80407fc', '0x8040804', '0x804080c', '0x8040814', '0x804081c', '0x8040824', '0x804082c', '0x8040834', '0x804083c', '0x8040844', '0x804084c', '0x8040854', '0x804085c', '0x8040864', '0x804086c', '0x8040874', '0x804087c', '0x8040884', '0x804088c', '0x8040894', '0x804089c', '0x80408a4', '0x80408ac', '0x80408b4', '0x80408bc', '0x80408c4', '0x80408cc', '0x80408d4', '0x80408dc', '0x80408e4', '0x80408ec', '0x80408f4', '0x80408fc', '0x8040904', '0x804090c', '0x8040914', '0x804091c', '0x8040924', '0x804092c', '0x8040934', '0x804093c', '0x8040944', '0x804094c', '0x8040954', '0x804095c', '0x8040964', '0x804096c', '0x8040974', '0x804097c', '0x8040984', '0x804098c', '0x8040994', '0x804099c']
type: cond
adj_instr: 0x80409bc
-----
 
Current node
start_addr: 0x80409ae
end_addr: 0x80409b8
successors: ['0x80409bc', '0x80403de']
parents: ['0x80405d8', '0x80405e0', '0x80405e8', '0x80405f0', '0x80405f8', '0x8040600', '0x8040608', '0x8040610', '0x8040618', '0x8040620', '0x8040628', '0x8040630', '0x8040638', '0x8040640', '0x8040648', '0x8040650', '0x8040658', '0x8040660', '0x8040668', '0x8040670', '0x8040678', '0x8040680', '0x8040688', '0x8040690', '0x8040698', '0x80406a0', '0x80406a8', '0x80406b0', '0x80406b8', '0x80406c0', '0x80406c8', '0x80406dc', '0x80406e4', '0x80406ec', '0x80406f4', '0x80406fc', '0x8040704', '0x804070c', '0x8040714', '0x804071c', '0x8040724', '0x804072c', '0x8040734', '0x804073c', '0x8040744', '0x804074c', '0x8040754', '0x804075c', '0x8040764', '0x804076c', '0x8040774', '0x804077c', '0x8040784', '0x804078c', '0x8040794', '0x804079c', '0x80407a4', '0x80407ac', '0x80407b4', '0x80407bc', '0x80407c4', '0x80407cc', '0x80407d4', '0x80407dc', '0x80407e4', '0x80407ec', '0x80407f4', '0x80407fc', '0x8040804', '0x804080c', '0x8040814', '0x804081c', '0x8040824', '0x804082c', '0x8040834', '0x804083c', '0x8040844', '0x804084c', '0x8040854', '0x804085c', '0x8040864', '0x804086c', '0x8040874', '0x804087c', '0x8040884', '0x804088c', '0x8040894', '0x804089c', '0x80408a4', '0x80408ac', '0x80408b4', '0x80408bc', '0x80408c4', '0x80408cc', '0x80408d4', '0x80408dc', '0x80408e4', '0x80408ec', '0x80408f4', '0x80408fc', '0x8040904', '0x804090c', '0x8040914', '0x804091c', '0x8040924', '0x804092c', '0x8040934', '0x804093c', '0x8040944', '0x804094c', '0x8040954', '0x804095c', '0x8040964', '0x804096c', '0x8040974', '0x804097c', '0x8040984', '0x804098c', '0x8040994', '0x804099c']
type: cond
adj_instr: 0x80409bc
log_idx: 229
log_node.dest_addr: 0x80403de
 
Current node
start_addr: 0x80403de
end_addr: 0x80403e6
successors: ['0x80403ea', '0x80409a4']
parents: ['0x80409a4', '0x80409b4', '0x80409ae']
type: cond
adj_instr: 0x80403ea
log_idx: 230
log_node.dest_addr: 0x80403ea
 
Current node
start_addr: 0x80403ea
end_addr: 0x80403f4
successors: ['0x80405d8', '0x80405e0', '0x80405e8', '0x80405f0', '0x80405f8', '0x8040600', '0x8040608', '0x8040610', '0x8040618', '0x8040620', '0x8040628', '0x8040630', '0x8040638', '0x8040640', '0x8040648', '0x8040650', '0x8040658', '0x8040660', '0x8040668', '0x8040670', '0x8040678', '0x8040680', '0x8040688', '0x8040690', '0x8040698', '0x80406a0', '0x80406a8', '0x80406b0', '0x80406b8', '0x80406c0', '0x80406c8', '0x80406dc', '0x80406e4', '0x80406ec', '0x80406f4', '0x80406fc', '0x8040704', '0x804070c', '0x8040714', '0x804071c', '0x8040724', '0x804072c', '0x8040734', '0x804073c', '0x8040744', '0x804074c', '0x8040754', '0x804075c', '0x8040764', '0x804076c', '0x8040774', '0x804077c', '0x8040784', '0x804078c', '0x8040794', '0x804079c', '0x80407a4', '0x80407ac', '0x80407b4', '0x80407bc', '0x80407c4', '0x80407cc', '0x80407d4', '0x80407dc', '0x80407e4', '0x80407ec', '0x80407f4', '0x80407fc', '0x8040804', '0x804080c', '0x8040814', '0x804081c', '0x8040824', '0x804082c', '0x8040834', '0x804083c', '0x8040844', '0x804084c', '0x8040854', '0x804085c', '0x8040864', '0x804086c', '0x8040874', '0x804087c', '0x8040884', '0x804088c', '0x8040894', '0x804089c', '0x80408a4', '0x80408ac', '0x80408b4', '0x80408bc', '0x80408c4', '0x80408cc', '0x80408d4', '0x80408dc', '0x80408e4', '0x80408ec', '0x80408f4', '0x80408fc', '0x8040904', '0x804090c', '0x8040914', '0x804091c', '0x8040924', '0x804092c', '0x8040934', '0x804093c', '0x8040944', '0x804094c', '0x8040954', '0x804095c', '0x8040964', '0x804096c', '0x8040974', '0x804097c', '0x8040984', '0x804098c', '0x8040994', '0x804099c']
parents: ['0x80403de']
type: uncond
adj_instr: 0x80405d8
log_idx: 231
log_node.dest_addr: 0x8040628
 
Current node
start_addr: 0x8040628
end_addr: 0x804062e
successors: ['0x80409ae']
parents: ['0x80403ea']
type: uncond
adj_instr: 0x8040630
log_idx: 232
log_node.dest_addr: 0x80403de
-----
changed node
start_addr: 0x80409ae
end_addr: 0x80409b8
successors: ['0x80409bc', '0x80403de']
parents: ['0x80405d8', '0x80405e0', '0x80405e8', '0x80405f0', '0x80405f8', '0x8040600', '0x8040608', '0x8040610', '0x8040618', '0x8040620', '0x8040628', '0x8040630', '0x8040638', '0x8040640', '0x8040648', '0x8040650', '0x8040658', '0x8040660', '0x8040668', '0x8040670', '0x8040678', '0x8040680', '0x8040688', '0x8040690', '0x8040698', '0x80406a0', '0x80406a8', '0x80406b0', '0x80406b8', '0x80406c0', '0x80406c8', '0x80406dc', '0x80406e4', '0x80406ec', '0x80406f4', '0x80406fc', '0x8040704', '0x804070c', '0x8040714', '0x804071c', '0x8040724', '0x804072c', '0x8040734', '0x804073c', '0x8040744', '0x804074c', '0x8040754', '0x804075c', '0x8040764', '0x804076c', '0x8040774', '0x804077c', '0x8040784', '0x804078c', '0x8040794', '0x804079c', '0x80407a4', '0x80407ac', '0x80407b4', '0x80407bc', '0x80407c4', '0x80407cc', '0x80407d4', '0x80407dc', '0x80407e4', '0x80407ec', '0x80407f4', '0x80407fc', '0x8040804', '0x804080c', '0x8040814', '0x804081c', '0x8040824', '0x804082c', '0x8040834', '0x804083c', '0x8040844', '0x804084c', '0x8040854', '0x804085c', '0x8040864', '0x804086c', '0x8040874', '0x804087c', '0x8040884', '0x804088c', '0x8040894', '0x804089c', '0x80408a4', '0x80408ac', '0x80408b4', '0x80408bc', '0x80408c4', '0x80408cc', '0x80408d4', '0x80408dc', '0x80408e4', '0x80408ec', '0x80408f4', '0x80408fc', '0x8040904', '0x804090c', '0x8040914', '0x804091c', '0x8040924', '0x804092c', '0x8040934', '0x804093c', '0x8040944', '0x804094c', '0x8040954', '0x804095c', '0x8040964', '0x804096c', '0x8040974', '0x804097c', '0x8040984', '0x804098c', '0x8040994', '0x804099c']
type: cond
adj_instr: 0x80409bc
-----
 
Current node
start_addr: 0x80409ae
end_addr: 0x80409b8
successors: ['0x80409bc', '0x80403de']
parents: ['0x80405d8', '0x80405e0', '0x80405e8', '0x80405f0', '0x80405f8', '0x8040600', '0x8040608', '0x8040610', '0x8040618', '0x8040620', '0x8040628', '0x8040630', '0x8040638', '0x8040640', '0x8040648', '0x8040650', '0x8040658', '0x8040660', '0x8040668', '0x8040670', '0x8040678', '0x8040680', '0x8040688', '0x8040690', '0x8040698', '0x80406a0', '0x80406a8', '0x80406b0', '0x80406b8', '0x80406c0', '0x80406c8', '0x80406dc', '0x80406e4', '0x80406ec', '0x80406f4', '0x80406fc', '0x8040704', '0x804070c', '0x8040714', '0x804071c', '0x8040724', '0x804072c', '0x8040734', '0x804073c', '0x8040744', '0x804074c', '0x8040754', '0x804075c', '0x8040764', '0x804076c', '0x8040774', '0x804077c', '0x8040784', '0x804078c', '0x8040794', '0x804079c', '0x80407a4', '0x80407ac', '0x80407b4', '0x80407bc', '0x80407c4', '0x80407cc', '0x80407d4', '0x80407dc', '0x80407e4', '0x80407ec', '0x80407f4', '0x80407fc', '0x8040804', '0x804080c', '0x8040814', '0x804081c', '0x8040824', '0x804082c', '0x8040834', '0x804083c', '0x8040844', '0x804084c', '0x8040854', '0x804085c', '0x8040864', '0x804086c', '0x8040874', '0x804087c', '0x8040884', '0x804088c', '0x8040894', '0x804089c', '0x80408a4', '0x80408ac', '0x80408b4', '0x80408bc', '0x80408c4', '0x80408cc', '0x80408d4', '0x80408dc', '0x80408e4', '0x80408ec', '0x80408f4', '0x80408fc', '0x8040904', '0x804090c', '0x8040914', '0x804091c', '0x8040924', '0x804092c', '0x8040934', '0x804093c', '0x8040944', '0x804094c', '0x8040954', '0x804095c', '0x8040964', '0x804096c', '0x8040974', '0x804097c', '0x8040984', '0x804098c', '0x8040994', '0x804099c']
type: cond
adj_instr: 0x80409bc
log_idx: 232
log_node.dest_addr: 0x80403de
 
Current node
start_addr: 0x80403de
end_addr: 0x80403e6
successors: ['0x80403ea', '0x80409a4']
parents: ['0x80409a4', '0x80409b4', '0x80409ae']
type: cond
adj_instr: 0x80403ea
log_idx: 233
log_node.dest_addr: 0x80403ea
 
Current node
start_addr: 0x80403ea
end_addr: 0x80403f4
successors: ['0x80405d8', '0x80405e0', '0x80405e8', '0x80405f0', '0x80405f8', '0x8040600', '0x8040608', '0x8040610', '0x8040618', '0x8040620', '0x8040628', '0x8040630', '0x8040638', '0x8040640', '0x8040648', '0x8040650', '0x8040658', '0x8040660', '0x8040668', '0x8040670', '0x8040678', '0x8040680', '0x8040688', '0x8040690', '0x8040698', '0x80406a0', '0x80406a8', '0x80406b0', '0x80406b8', '0x80406c0', '0x80406c8', '0x80406dc', '0x80406e4', '0x80406ec', '0x80406f4', '0x80406fc', '0x8040704', '0x804070c', '0x8040714', '0x804071c', '0x8040724', '0x804072c', '0x8040734', '0x804073c', '0x8040744', '0x804074c', '0x8040754', '0x804075c', '0x8040764', '0x804076c', '0x8040774', '0x804077c', '0x8040784', '0x804078c', '0x8040794', '0x804079c', '0x80407a4', '0x80407ac', '0x80407b4', '0x80407bc', '0x80407c4', '0x80407cc', '0x80407d4', '0x80407dc', '0x80407e4', '0x80407ec', '0x80407f4', '0x80407fc', '0x8040804', '0x804080c', '0x8040814', '0x804081c', '0x8040824', '0x804082c', '0x8040834', '0x804083c', '0x8040844', '0x804084c', '0x8040854', '0x804085c', '0x8040864', '0x804086c', '0x8040874', '0x804087c', '0x8040884', '0x804088c', '0x8040894', '0x804089c', '0x80408a4', '0x80408ac', '0x80408b4', '0x80408bc', '0x80408c4', '0x80408cc', '0x80408d4', '0x80408dc', '0x80408e4', '0x80408ec', '0x80408f4', '0x80408fc', '0x8040904', '0x804090c', '0x8040914', '0x804091c', '0x8040924', '0x804092c', '0x8040934', '0x804093c', '0x8040944', '0x804094c', '0x8040954', '0x804095c', '0x8040964', '0x804096c', '0x8040974', '0x804097c', '0x8040984', '0x804098c', '0x8040994', '0x804099c']
parents: ['0x80403de']
type: uncond
adj_instr: 0x80405d8
log_idx: 234
log_node.dest_addr: 0x8040630
 
Current node
start_addr: 0x8040630
end_addr: 0x8040636
successors: ['0x80409ae']
parents: ['0x80403ea']
type: uncond
adj_instr: 0x8040638
log_idx: 235
log_node.dest_addr: 0x80403de
-----
changed node
start_addr: 0x80409ae
end_addr: 0x80409b8
successors: ['0x80409bc', '0x80403de']
parents: ['0x80405d8', '0x80405e0', '0x80405e8', '0x80405f0', '0x80405f8', '0x8040600', '0x8040608', '0x8040610', '0x8040618', '0x8040620', '0x8040628', '0x8040630', '0x8040638', '0x8040640', '0x8040648', '0x8040650', '0x8040658', '0x8040660', '0x8040668', '0x8040670', '0x8040678', '0x8040680', '0x8040688', '0x8040690', '0x8040698', '0x80406a0', '0x80406a8', '0x80406b0', '0x80406b8', '0x80406c0', '0x80406c8', '0x80406dc', '0x80406e4', '0x80406ec', '0x80406f4', '0x80406fc', '0x8040704', '0x804070c', '0x8040714', '0x804071c', '0x8040724', '0x804072c', '0x8040734', '0x804073c', '0x8040744', '0x804074c', '0x8040754', '0x804075c', '0x8040764', '0x804076c', '0x8040774', '0x804077c', '0x8040784', '0x804078c', '0x8040794', '0x804079c', '0x80407a4', '0x80407ac', '0x80407b4', '0x80407bc', '0x80407c4', '0x80407cc', '0x80407d4', '0x80407dc', '0x80407e4', '0x80407ec', '0x80407f4', '0x80407fc', '0x8040804', '0x804080c', '0x8040814', '0x804081c', '0x8040824', '0x804082c', '0x8040834', '0x804083c', '0x8040844', '0x804084c', '0x8040854', '0x804085c', '0x8040864', '0x804086c', '0x8040874', '0x804087c', '0x8040884', '0x804088c', '0x8040894', '0x804089c', '0x80408a4', '0x80408ac', '0x80408b4', '0x80408bc', '0x80408c4', '0x80408cc', '0x80408d4', '0x80408dc', '0x80408e4', '0x80408ec', '0x80408f4', '0x80408fc', '0x8040904', '0x804090c', '0x8040914', '0x804091c', '0x8040924', '0x804092c', '0x8040934', '0x804093c', '0x8040944', '0x804094c', '0x8040954', '0x804095c', '0x8040964', '0x804096c', '0x8040974', '0x804097c', '0x8040984', '0x804098c', '0x8040994', '0x804099c']
type: cond
adj_instr: 0x80409bc
-----
 
Current node
start_addr: 0x80409ae
end_addr: 0x80409b8
successors: ['0x80409bc', '0x80403de']
parents: ['0x80405d8', '0x80405e0', '0x80405e8', '0x80405f0', '0x80405f8', '0x8040600', '0x8040608', '0x8040610', '0x8040618', '0x8040620', '0x8040628', '0x8040630', '0x8040638', '0x8040640', '0x8040648', '0x8040650', '0x8040658', '0x8040660', '0x8040668', '0x8040670', '0x8040678', '0x8040680', '0x8040688', '0x8040690', '0x8040698', '0x80406a0', '0x80406a8', '0x80406b0', '0x80406b8', '0x80406c0', '0x80406c8', '0x80406dc', '0x80406e4', '0x80406ec', '0x80406f4', '0x80406fc', '0x8040704', '0x804070c', '0x8040714', '0x804071c', '0x8040724', '0x804072c', '0x8040734', '0x804073c', '0x8040744', '0x804074c', '0x8040754', '0x804075c', '0x8040764', '0x804076c', '0x8040774', '0x804077c', '0x8040784', '0x804078c', '0x8040794', '0x804079c', '0x80407a4', '0x80407ac', '0x80407b4', '0x80407bc', '0x80407c4', '0x80407cc', '0x80407d4', '0x80407dc', '0x80407e4', '0x80407ec', '0x80407f4', '0x80407fc', '0x8040804', '0x804080c', '0x8040814', '0x804081c', '0x8040824', '0x804082c', '0x8040834', '0x804083c', '0x8040844', '0x804084c', '0x8040854', '0x804085c', '0x8040864', '0x804086c', '0x8040874', '0x804087c', '0x8040884', '0x804088c', '0x8040894', '0x804089c', '0x80408a4', '0x80408ac', '0x80408b4', '0x80408bc', '0x80408c4', '0x80408cc', '0x80408d4', '0x80408dc', '0x80408e4', '0x80408ec', '0x80408f4', '0x80408fc', '0x8040904', '0x804090c', '0x8040914', '0x804091c', '0x8040924', '0x804092c', '0x8040934', '0x804093c', '0x8040944', '0x804094c', '0x8040954', '0x804095c', '0x8040964', '0x804096c', '0x8040974', '0x804097c', '0x8040984', '0x804098c', '0x8040994', '0x804099c']
type: cond
adj_instr: 0x80409bc
log_idx: 235
log_node.dest_addr: 0x80403de
 
Current node
start_addr: 0x80403de
end_addr: 0x80403e6
successors: ['0x80403ea', '0x80409a4']
parents: ['0x80409a4', '0x80409b4', '0x80409ae']
type: cond
adj_instr: 0x80403ea
log_idx: 236
log_node.dest_addr: 0x80403ea
 
Current node
start_addr: 0x80403ea
end_addr: 0x80403f4
successors: ['0x80405d8', '0x80405e0', '0x80405e8', '0x80405f0', '0x80405f8', '0x8040600', '0x8040608', '0x8040610', '0x8040618', '0x8040620', '0x8040628', '0x8040630', '0x8040638', '0x8040640', '0x8040648', '0x8040650', '0x8040658', '0x8040660', '0x8040668', '0x8040670', '0x8040678', '0x8040680', '0x8040688', '0x8040690', '0x8040698', '0x80406a0', '0x80406a8', '0x80406b0', '0x80406b8', '0x80406c0', '0x80406c8', '0x80406dc', '0x80406e4', '0x80406ec', '0x80406f4', '0x80406fc', '0x8040704', '0x804070c', '0x8040714', '0x804071c', '0x8040724', '0x804072c', '0x8040734', '0x804073c', '0x8040744', '0x804074c', '0x8040754', '0x804075c', '0x8040764', '0x804076c', '0x8040774', '0x804077c', '0x8040784', '0x804078c', '0x8040794', '0x804079c', '0x80407a4', '0x80407ac', '0x80407b4', '0x80407bc', '0x80407c4', '0x80407cc', '0x80407d4', '0x80407dc', '0x80407e4', '0x80407ec', '0x80407f4', '0x80407fc', '0x8040804', '0x804080c', '0x8040814', '0x804081c', '0x8040824', '0x804082c', '0x8040834', '0x804083c', '0x8040844', '0x804084c', '0x8040854', '0x804085c', '0x8040864', '0x804086c', '0x8040874', '0x804087c', '0x8040884', '0x804088c', '0x8040894', '0x804089c', '0x80408a4', '0x80408ac', '0x80408b4', '0x80408bc', '0x80408c4', '0x80408cc', '0x80408d4', '0x80408dc', '0x80408e4', '0x80408ec', '0x80408f4', '0x80408fc', '0x8040904', '0x804090c', '0x8040914', '0x804091c', '0x8040924', '0x804092c', '0x8040934', '0x804093c', '0x8040944', '0x804094c', '0x8040954', '0x804095c', '0x8040964', '0x804096c', '0x8040974', '0x804097c', '0x8040984', '0x804098c', '0x8040994', '0x804099c']
parents: ['0x80403de']
type: uncond
adj_instr: 0x80405d8
log_idx: 237
log_node.dest_addr: 0x8040638
 
Current node
start_addr: 0x8040638
end_addr: 0x804063e
successors: ['0x80409ae']
parents: ['0x80403ea']
type: uncond
adj_instr: 0x8040640
log_idx: 238
log_node.dest_addr: 0x80403de
-----
changed node
start_addr: 0x80409ae
end_addr: 0x80409b8
successors: ['0x80409bc', '0x80403de']
parents: ['0x80405d8', '0x80405e0', '0x80405e8', '0x80405f0', '0x80405f8', '0x8040600', '0x8040608', '0x8040610', '0x8040618', '0x8040620', '0x8040628', '0x8040630', '0x8040638', '0x8040640', '0x8040648', '0x8040650', '0x8040658', '0x8040660', '0x8040668', '0x8040670', '0x8040678', '0x8040680', '0x8040688', '0x8040690', '0x8040698', '0x80406a0', '0x80406a8', '0x80406b0', '0x80406b8', '0x80406c0', '0x80406c8', '0x80406dc', '0x80406e4', '0x80406ec', '0x80406f4', '0x80406fc', '0x8040704', '0x804070c', '0x8040714', '0x804071c', '0x8040724', '0x804072c', '0x8040734', '0x804073c', '0x8040744', '0x804074c', '0x8040754', '0x804075c', '0x8040764', '0x804076c', '0x8040774', '0x804077c', '0x8040784', '0x804078c', '0x8040794', '0x804079c', '0x80407a4', '0x80407ac', '0x80407b4', '0x80407bc', '0x80407c4', '0x80407cc', '0x80407d4', '0x80407dc', '0x80407e4', '0x80407ec', '0x80407f4', '0x80407fc', '0x8040804', '0x804080c', '0x8040814', '0x804081c', '0x8040824', '0x804082c', '0x8040834', '0x804083c', '0x8040844', '0x804084c', '0x8040854', '0x804085c', '0x8040864', '0x804086c', '0x8040874', '0x804087c', '0x8040884', '0x804088c', '0x8040894', '0x804089c', '0x80408a4', '0x80408ac', '0x80408b4', '0x80408bc', '0x80408c4', '0x80408cc', '0x80408d4', '0x80408dc', '0x80408e4', '0x80408ec', '0x80408f4', '0x80408fc', '0x8040904', '0x804090c', '0x8040914', '0x804091c', '0x8040924', '0x804092c', '0x8040934', '0x804093c', '0x8040944', '0x804094c', '0x8040954', '0x804095c', '0x8040964', '0x804096c', '0x8040974', '0x804097c', '0x8040984', '0x804098c', '0x8040994', '0x804099c']
type: cond
adj_instr: 0x80409bc
-----
 
Current node
start_addr: 0x80409ae
end_addr: 0x80409b8
successors: ['0x80409bc', '0x80403de']
parents: ['0x80405d8', '0x80405e0', '0x80405e8', '0x80405f0', '0x80405f8', '0x8040600', '0x8040608', '0x8040610', '0x8040618', '0x8040620', '0x8040628', '0x8040630', '0x8040638', '0x8040640', '0x8040648', '0x8040650', '0x8040658', '0x8040660', '0x8040668', '0x8040670', '0x8040678', '0x8040680', '0x8040688', '0x8040690', '0x8040698', '0x80406a0', '0x80406a8', '0x80406b0', '0x80406b8', '0x80406c0', '0x80406c8', '0x80406dc', '0x80406e4', '0x80406ec', '0x80406f4', '0x80406fc', '0x8040704', '0x804070c', '0x8040714', '0x804071c', '0x8040724', '0x804072c', '0x8040734', '0x804073c', '0x8040744', '0x804074c', '0x8040754', '0x804075c', '0x8040764', '0x804076c', '0x8040774', '0x804077c', '0x8040784', '0x804078c', '0x8040794', '0x804079c', '0x80407a4', '0x80407ac', '0x80407b4', '0x80407bc', '0x80407c4', '0x80407cc', '0x80407d4', '0x80407dc', '0x80407e4', '0x80407ec', '0x80407f4', '0x80407fc', '0x8040804', '0x804080c', '0x8040814', '0x804081c', '0x8040824', '0x804082c', '0x8040834', '0x804083c', '0x8040844', '0x804084c', '0x8040854', '0x804085c', '0x8040864', '0x804086c', '0x8040874', '0x804087c', '0x8040884', '0x804088c', '0x8040894', '0x804089c', '0x80408a4', '0x80408ac', '0x80408b4', '0x80408bc', '0x80408c4', '0x80408cc', '0x80408d4', '0x80408dc', '0x80408e4', '0x80408ec', '0x80408f4', '0x80408fc', '0x8040904', '0x804090c', '0x8040914', '0x804091c', '0x8040924', '0x804092c', '0x8040934', '0x804093c', '0x8040944', '0x804094c', '0x8040954', '0x804095c', '0x8040964', '0x804096c', '0x8040974', '0x804097c', '0x8040984', '0x804098c', '0x8040994', '0x804099c']
type: cond
adj_instr: 0x80409bc
log_idx: 238
log_node.dest_addr: 0x80403de
 
Current node
start_addr: 0x80403de
end_addr: 0x80403e6
successors: ['0x80403ea', '0x80409a4']
parents: ['0x80409a4', '0x80409b4', '0x80409ae']
type: cond
adj_instr: 0x80403ea
log_idx: 239
log_node.dest_addr: 0x80403ea
 
Current node
start_addr: 0x80403ea
end_addr: 0x80403f4
successors: ['0x80405d8', '0x80405e0', '0x80405e8', '0x80405f0', '0x80405f8', '0x8040600', '0x8040608', '0x8040610', '0x8040618', '0x8040620', '0x8040628', '0x8040630', '0x8040638', '0x8040640', '0x8040648', '0x8040650', '0x8040658', '0x8040660', '0x8040668', '0x8040670', '0x8040678', '0x8040680', '0x8040688', '0x8040690', '0x8040698', '0x80406a0', '0x80406a8', '0x80406b0', '0x80406b8', '0x80406c0', '0x80406c8', '0x80406dc', '0x80406e4', '0x80406ec', '0x80406f4', '0x80406fc', '0x8040704', '0x804070c', '0x8040714', '0x804071c', '0x8040724', '0x804072c', '0x8040734', '0x804073c', '0x8040744', '0x804074c', '0x8040754', '0x804075c', '0x8040764', '0x804076c', '0x8040774', '0x804077c', '0x8040784', '0x804078c', '0x8040794', '0x804079c', '0x80407a4', '0x80407ac', '0x80407b4', '0x80407bc', '0x80407c4', '0x80407cc', '0x80407d4', '0x80407dc', '0x80407e4', '0x80407ec', '0x80407f4', '0x80407fc', '0x8040804', '0x804080c', '0x8040814', '0x804081c', '0x8040824', '0x804082c', '0x8040834', '0x804083c', '0x8040844', '0x804084c', '0x8040854', '0x804085c', '0x8040864', '0x804086c', '0x8040874', '0x804087c', '0x8040884', '0x804088c', '0x8040894', '0x804089c', '0x80408a4', '0x80408ac', '0x80408b4', '0x80408bc', '0x80408c4', '0x80408cc', '0x80408d4', '0x80408dc', '0x80408e4', '0x80408ec', '0x80408f4', '0x80408fc', '0x8040904', '0x804090c', '0x8040914', '0x804091c', '0x8040924', '0x804092c', '0x8040934', '0x804093c', '0x8040944', '0x804094c', '0x8040954', '0x804095c', '0x8040964', '0x804096c', '0x8040974', '0x804097c', '0x8040984', '0x804098c', '0x8040994', '0x804099c']
parents: ['0x80403de']
type: uncond
adj_instr: 0x80405d8
log_idx: 240
log_node.dest_addr: 0x8040640
 
Current node
start_addr: 0x8040640
end_addr: 0x8040646
successors: ['0x80409ae']
parents: ['0x80403ea']
type: uncond
adj_instr: 0x8040648
log_idx: 241
log_node.dest_addr: 0x80403de
-----
changed node
start_addr: 0x80409ae
end_addr: 0x80409b8
successors: ['0x80409bc', '0x80403de']
parents: ['0x80405d8', '0x80405e0', '0x80405e8', '0x80405f0', '0x80405f8', '0x8040600', '0x8040608', '0x8040610', '0x8040618', '0x8040620', '0x8040628', '0x8040630', '0x8040638', '0x8040640', '0x8040648', '0x8040650', '0x8040658', '0x8040660', '0x8040668', '0x8040670', '0x8040678', '0x8040680', '0x8040688', '0x8040690', '0x8040698', '0x80406a0', '0x80406a8', '0x80406b0', '0x80406b8', '0x80406c0', '0x80406c8', '0x80406dc', '0x80406e4', '0x80406ec', '0x80406f4', '0x80406fc', '0x8040704', '0x804070c', '0x8040714', '0x804071c', '0x8040724', '0x804072c', '0x8040734', '0x804073c', '0x8040744', '0x804074c', '0x8040754', '0x804075c', '0x8040764', '0x804076c', '0x8040774', '0x804077c', '0x8040784', '0x804078c', '0x8040794', '0x804079c', '0x80407a4', '0x80407ac', '0x80407b4', '0x80407bc', '0x80407c4', '0x80407cc', '0x80407d4', '0x80407dc', '0x80407e4', '0x80407ec', '0x80407f4', '0x80407fc', '0x8040804', '0x804080c', '0x8040814', '0x804081c', '0x8040824', '0x804082c', '0x8040834', '0x804083c', '0x8040844', '0x804084c', '0x8040854', '0x804085c', '0x8040864', '0x804086c', '0x8040874', '0x804087c', '0x8040884', '0x804088c', '0x8040894', '0x804089c', '0x80408a4', '0x80408ac', '0x80408b4', '0x80408bc', '0x80408c4', '0x80408cc', '0x80408d4', '0x80408dc', '0x80408e4', '0x80408ec', '0x80408f4', '0x80408fc', '0x8040904', '0x804090c', '0x8040914', '0x804091c', '0x8040924', '0x804092c', '0x8040934', '0x804093c', '0x8040944', '0x804094c', '0x8040954', '0x804095c', '0x8040964', '0x804096c', '0x8040974', '0x804097c', '0x8040984', '0x804098c', '0x8040994', '0x804099c']
type: cond
adj_instr: 0x80409bc
-----
 
Current node
start_addr: 0x80409ae
end_addr: 0x80409b8
successors: ['0x80409bc', '0x80403de']
parents: ['0x80405d8', '0x80405e0', '0x80405e8', '0x80405f0', '0x80405f8', '0x8040600', '0x8040608', '0x8040610', '0x8040618', '0x8040620', '0x8040628', '0x8040630', '0x8040638', '0x8040640', '0x8040648', '0x8040650', '0x8040658', '0x8040660', '0x8040668', '0x8040670', '0x8040678', '0x8040680', '0x8040688', '0x8040690', '0x8040698', '0x80406a0', '0x80406a8', '0x80406b0', '0x80406b8', '0x80406c0', '0x80406c8', '0x80406dc', '0x80406e4', '0x80406ec', '0x80406f4', '0x80406fc', '0x8040704', '0x804070c', '0x8040714', '0x804071c', '0x8040724', '0x804072c', '0x8040734', '0x804073c', '0x8040744', '0x804074c', '0x8040754', '0x804075c', '0x8040764', '0x804076c', '0x8040774', '0x804077c', '0x8040784', '0x804078c', '0x8040794', '0x804079c', '0x80407a4', '0x80407ac', '0x80407b4', '0x80407bc', '0x80407c4', '0x80407cc', '0x80407d4', '0x80407dc', '0x80407e4', '0x80407ec', '0x80407f4', '0x80407fc', '0x8040804', '0x804080c', '0x8040814', '0x804081c', '0x8040824', '0x804082c', '0x8040834', '0x804083c', '0x8040844', '0x804084c', '0x8040854', '0x804085c', '0x8040864', '0x804086c', '0x8040874', '0x804087c', '0x8040884', '0x804088c', '0x8040894', '0x804089c', '0x80408a4', '0x80408ac', '0x80408b4', '0x80408bc', '0x80408c4', '0x80408cc', '0x80408d4', '0x80408dc', '0x80408e4', '0x80408ec', '0x80408f4', '0x80408fc', '0x8040904', '0x804090c', '0x8040914', '0x804091c', '0x8040924', '0x804092c', '0x8040934', '0x804093c', '0x8040944', '0x804094c', '0x8040954', '0x804095c', '0x8040964', '0x804096c', '0x8040974', '0x804097c', '0x8040984', '0x804098c', '0x8040994', '0x804099c']
type: cond
adj_instr: 0x80409bc
log_idx: 241
log_node.dest_addr: 0x80403de
 
Current node
start_addr: 0x80403de
end_addr: 0x80403e6
successors: ['0x80403ea', '0x80409a4']
parents: ['0x80409a4', '0x80409b4', '0x80409ae']
type: cond
adj_instr: 0x80403ea
log_idx: 242
log_node.dest_addr: 0x80403ea
 
Current node
start_addr: 0x80403ea
end_addr: 0x80403f4
successors: ['0x80405d8', '0x80405e0', '0x80405e8', '0x80405f0', '0x80405f8', '0x8040600', '0x8040608', '0x8040610', '0x8040618', '0x8040620', '0x8040628', '0x8040630', '0x8040638', '0x8040640', '0x8040648', '0x8040650', '0x8040658', '0x8040660', '0x8040668', '0x8040670', '0x8040678', '0x8040680', '0x8040688', '0x8040690', '0x8040698', '0x80406a0', '0x80406a8', '0x80406b0', '0x80406b8', '0x80406c0', '0x80406c8', '0x80406dc', '0x80406e4', '0x80406ec', '0x80406f4', '0x80406fc', '0x8040704', '0x804070c', '0x8040714', '0x804071c', '0x8040724', '0x804072c', '0x8040734', '0x804073c', '0x8040744', '0x804074c', '0x8040754', '0x804075c', '0x8040764', '0x804076c', '0x8040774', '0x804077c', '0x8040784', '0x804078c', '0x8040794', '0x804079c', '0x80407a4', '0x80407ac', '0x80407b4', '0x80407bc', '0x80407c4', '0x80407cc', '0x80407d4', '0x80407dc', '0x80407e4', '0x80407ec', '0x80407f4', '0x80407fc', '0x8040804', '0x804080c', '0x8040814', '0x804081c', '0x8040824', '0x804082c', '0x8040834', '0x804083c', '0x8040844', '0x804084c', '0x8040854', '0x804085c', '0x8040864', '0x804086c', '0x8040874', '0x804087c', '0x8040884', '0x804088c', '0x8040894', '0x804089c', '0x80408a4', '0x80408ac', '0x80408b4', '0x80408bc', '0x80408c4', '0x80408cc', '0x80408d4', '0x80408dc', '0x80408e4', '0x80408ec', '0x80408f4', '0x80408fc', '0x8040904', '0x804090c', '0x8040914', '0x804091c', '0x8040924', '0x804092c', '0x8040934', '0x804093c', '0x8040944', '0x804094c', '0x8040954', '0x804095c', '0x8040964', '0x804096c', '0x8040974', '0x804097c', '0x8040984', '0x804098c', '0x8040994', '0x804099c']
parents: ['0x80403de']
type: uncond
adj_instr: 0x80405d8
log_idx: 243
log_node.dest_addr: 0x8040648
 
Current node
start_addr: 0x8040648
end_addr: 0x804064e
successors: ['0x80409ae']
parents: ['0x80403ea']
type: uncond
adj_instr: 0x8040650
log_idx: 244
log_node.dest_addr: 0x80403de
-----
changed node
start_addr: 0x80409ae
end_addr: 0x80409b8
successors: ['0x80409bc', '0x80403de']
parents: ['0x80405d8', '0x80405e0', '0x80405e8', '0x80405f0', '0x80405f8', '0x8040600', '0x8040608', '0x8040610', '0x8040618', '0x8040620', '0x8040628', '0x8040630', '0x8040638', '0x8040640', '0x8040648', '0x8040650', '0x8040658', '0x8040660', '0x8040668', '0x8040670', '0x8040678', '0x8040680', '0x8040688', '0x8040690', '0x8040698', '0x80406a0', '0x80406a8', '0x80406b0', '0x80406b8', '0x80406c0', '0x80406c8', '0x80406dc', '0x80406e4', '0x80406ec', '0x80406f4', '0x80406fc', '0x8040704', '0x804070c', '0x8040714', '0x804071c', '0x8040724', '0x804072c', '0x8040734', '0x804073c', '0x8040744', '0x804074c', '0x8040754', '0x804075c', '0x8040764', '0x804076c', '0x8040774', '0x804077c', '0x8040784', '0x804078c', '0x8040794', '0x804079c', '0x80407a4', '0x80407ac', '0x80407b4', '0x80407bc', '0x80407c4', '0x80407cc', '0x80407d4', '0x80407dc', '0x80407e4', '0x80407ec', '0x80407f4', '0x80407fc', '0x8040804', '0x804080c', '0x8040814', '0x804081c', '0x8040824', '0x804082c', '0x8040834', '0x804083c', '0x8040844', '0x804084c', '0x8040854', '0x804085c', '0x8040864', '0x804086c', '0x8040874', '0x804087c', '0x8040884', '0x804088c', '0x8040894', '0x804089c', '0x80408a4', '0x80408ac', '0x80408b4', '0x80408bc', '0x80408c4', '0x80408cc', '0x80408d4', '0x80408dc', '0x80408e4', '0x80408ec', '0x80408f4', '0x80408fc', '0x8040904', '0x804090c', '0x8040914', '0x804091c', '0x8040924', '0x804092c', '0x8040934', '0x804093c', '0x8040944', '0x804094c', '0x8040954', '0x804095c', '0x8040964', '0x804096c', '0x8040974', '0x804097c', '0x8040984', '0x804098c', '0x8040994', '0x804099c']
type: cond
adj_instr: 0x80409bc
-----
 
Current node
start_addr: 0x80409ae
end_addr: 0x80409b8
successors: ['0x80409bc', '0x80403de']
parents: ['0x80405d8', '0x80405e0', '0x80405e8', '0x80405f0', '0x80405f8', '0x8040600', '0x8040608', '0x8040610', '0x8040618', '0x8040620', '0x8040628', '0x8040630', '0x8040638', '0x8040640', '0x8040648', '0x8040650', '0x8040658', '0x8040660', '0x8040668', '0x8040670', '0x8040678', '0x8040680', '0x8040688', '0x8040690', '0x8040698', '0x80406a0', '0x80406a8', '0x80406b0', '0x80406b8', '0x80406c0', '0x80406c8', '0x80406dc', '0x80406e4', '0x80406ec', '0x80406f4', '0x80406fc', '0x8040704', '0x804070c', '0x8040714', '0x804071c', '0x8040724', '0x804072c', '0x8040734', '0x804073c', '0x8040744', '0x804074c', '0x8040754', '0x804075c', '0x8040764', '0x804076c', '0x8040774', '0x804077c', '0x8040784', '0x804078c', '0x8040794', '0x804079c', '0x80407a4', '0x80407ac', '0x80407b4', '0x80407bc', '0x80407c4', '0x80407cc', '0x80407d4', '0x80407dc', '0x80407e4', '0x80407ec', '0x80407f4', '0x80407fc', '0x8040804', '0x804080c', '0x8040814', '0x804081c', '0x8040824', '0x804082c', '0x8040834', '0x804083c', '0x8040844', '0x804084c', '0x8040854', '0x804085c', '0x8040864', '0x804086c', '0x8040874', '0x804087c', '0x8040884', '0x804088c', '0x8040894', '0x804089c', '0x80408a4', '0x80408ac', '0x80408b4', '0x80408bc', '0x80408c4', '0x80408cc', '0x80408d4', '0x80408dc', '0x80408e4', '0x80408ec', '0x80408f4', '0x80408fc', '0x8040904', '0x804090c', '0x8040914', '0x804091c', '0x8040924', '0x804092c', '0x8040934', '0x804093c', '0x8040944', '0x804094c', '0x8040954', '0x804095c', '0x8040964', '0x804096c', '0x8040974', '0x804097c', '0x8040984', '0x804098c', '0x8040994', '0x804099c']
type: cond
adj_instr: 0x80409bc
log_idx: 244
log_node.dest_addr: 0x80403de
 
Current node
start_addr: 0x80403de
end_addr: 0x80403e6
successors: ['0x80403ea', '0x80409a4']
parents: ['0x80409a4', '0x80409b4', '0x80409ae']
type: cond
adj_instr: 0x80403ea
log_idx: 245
log_node.dest_addr: 0x80403ea
 
Current node
start_addr: 0x80403ea
end_addr: 0x80403f4
successors: ['0x80405d8', '0x80405e0', '0x80405e8', '0x80405f0', '0x80405f8', '0x8040600', '0x8040608', '0x8040610', '0x8040618', '0x8040620', '0x8040628', '0x8040630', '0x8040638', '0x8040640', '0x8040648', '0x8040650', '0x8040658', '0x8040660', '0x8040668', '0x8040670', '0x8040678', '0x8040680', '0x8040688', '0x8040690', '0x8040698', '0x80406a0', '0x80406a8', '0x80406b0', '0x80406b8', '0x80406c0', '0x80406c8', '0x80406dc', '0x80406e4', '0x80406ec', '0x80406f4', '0x80406fc', '0x8040704', '0x804070c', '0x8040714', '0x804071c', '0x8040724', '0x804072c', '0x8040734', '0x804073c', '0x8040744', '0x804074c', '0x8040754', '0x804075c', '0x8040764', '0x804076c', '0x8040774', '0x804077c', '0x8040784', '0x804078c', '0x8040794', '0x804079c', '0x80407a4', '0x80407ac', '0x80407b4', '0x80407bc', '0x80407c4', '0x80407cc', '0x80407d4', '0x80407dc', '0x80407e4', '0x80407ec', '0x80407f4', '0x80407fc', '0x8040804', '0x804080c', '0x8040814', '0x804081c', '0x8040824', '0x804082c', '0x8040834', '0x804083c', '0x8040844', '0x804084c', '0x8040854', '0x804085c', '0x8040864', '0x804086c', '0x8040874', '0x804087c', '0x8040884', '0x804088c', '0x8040894', '0x804089c', '0x80408a4', '0x80408ac', '0x80408b4', '0x80408bc', '0x80408c4', '0x80408cc', '0x80408d4', '0x80408dc', '0x80408e4', '0x80408ec', '0x80408f4', '0x80408fc', '0x8040904', '0x804090c', '0x8040914', '0x804091c', '0x8040924', '0x804092c', '0x8040934', '0x804093c', '0x8040944', '0x804094c', '0x8040954', '0x804095c', '0x8040964', '0x804096c', '0x8040974', '0x804097c', '0x8040984', '0x804098c', '0x8040994', '0x804099c']
parents: ['0x80403de']
type: uncond
adj_instr: 0x80405d8
log_idx: 246
log_node.dest_addr: 0x8040650
 
Current node
start_addr: 0x8040650
end_addr: 0x8040656
successors: ['0x80409ae']
parents: ['0x80403ea']
type: uncond
adj_instr: 0x8040658
log_idx: 247
log_node.dest_addr: 0x80403de
-----
changed node
start_addr: 0x80409ae
end_addr: 0x80409b8
successors: ['0x80409bc', '0x80403de']
parents: ['0x80405d8', '0x80405e0', '0x80405e8', '0x80405f0', '0x80405f8', '0x8040600', '0x8040608', '0x8040610', '0x8040618', '0x8040620', '0x8040628', '0x8040630', '0x8040638', '0x8040640', '0x8040648', '0x8040650', '0x8040658', '0x8040660', '0x8040668', '0x8040670', '0x8040678', '0x8040680', '0x8040688', '0x8040690', '0x8040698', '0x80406a0', '0x80406a8', '0x80406b0', '0x80406b8', '0x80406c0', '0x80406c8', '0x80406dc', '0x80406e4', '0x80406ec', '0x80406f4', '0x80406fc', '0x8040704', '0x804070c', '0x8040714', '0x804071c', '0x8040724', '0x804072c', '0x8040734', '0x804073c', '0x8040744', '0x804074c', '0x8040754', '0x804075c', '0x8040764', '0x804076c', '0x8040774', '0x804077c', '0x8040784', '0x804078c', '0x8040794', '0x804079c', '0x80407a4', '0x80407ac', '0x80407b4', '0x80407bc', '0x80407c4', '0x80407cc', '0x80407d4', '0x80407dc', '0x80407e4', '0x80407ec', '0x80407f4', '0x80407fc', '0x8040804', '0x804080c', '0x8040814', '0x804081c', '0x8040824', '0x804082c', '0x8040834', '0x804083c', '0x8040844', '0x804084c', '0x8040854', '0x804085c', '0x8040864', '0x804086c', '0x8040874', '0x804087c', '0x8040884', '0x804088c', '0x8040894', '0x804089c', '0x80408a4', '0x80408ac', '0x80408b4', '0x80408bc', '0x80408c4', '0x80408cc', '0x80408d4', '0x80408dc', '0x80408e4', '0x80408ec', '0x80408f4', '0x80408fc', '0x8040904', '0x804090c', '0x8040914', '0x804091c', '0x8040924', '0x804092c', '0x8040934', '0x804093c', '0x8040944', '0x804094c', '0x8040954', '0x804095c', '0x8040964', '0x804096c', '0x8040974', '0x804097c', '0x8040984', '0x804098c', '0x8040994', '0x804099c']
type: cond
adj_instr: 0x80409bc
-----
 
Current node
start_addr: 0x80409ae
end_addr: 0x80409b8
successors: ['0x80409bc', '0x80403de']
parents: ['0x80405d8', '0x80405e0', '0x80405e8', '0x80405f0', '0x80405f8', '0x8040600', '0x8040608', '0x8040610', '0x8040618', '0x8040620', '0x8040628', '0x8040630', '0x8040638', '0x8040640', '0x8040648', '0x8040650', '0x8040658', '0x8040660', '0x8040668', '0x8040670', '0x8040678', '0x8040680', '0x8040688', '0x8040690', '0x8040698', '0x80406a0', '0x80406a8', '0x80406b0', '0x80406b8', '0x80406c0', '0x80406c8', '0x80406dc', '0x80406e4', '0x80406ec', '0x80406f4', '0x80406fc', '0x8040704', '0x804070c', '0x8040714', '0x804071c', '0x8040724', '0x804072c', '0x8040734', '0x804073c', '0x8040744', '0x804074c', '0x8040754', '0x804075c', '0x8040764', '0x804076c', '0x8040774', '0x804077c', '0x8040784', '0x804078c', '0x8040794', '0x804079c', '0x80407a4', '0x80407ac', '0x80407b4', '0x80407bc', '0x80407c4', '0x80407cc', '0x80407d4', '0x80407dc', '0x80407e4', '0x80407ec', '0x80407f4', '0x80407fc', '0x8040804', '0x804080c', '0x8040814', '0x804081c', '0x8040824', '0x804082c', '0x8040834', '0x804083c', '0x8040844', '0x804084c', '0x8040854', '0x804085c', '0x8040864', '0x804086c', '0x8040874', '0x804087c', '0x8040884', '0x804088c', '0x8040894', '0x804089c', '0x80408a4', '0x80408ac', '0x80408b4', '0x80408bc', '0x80408c4', '0x80408cc', '0x80408d4', '0x80408dc', '0x80408e4', '0x80408ec', '0x80408f4', '0x80408fc', '0x8040904', '0x804090c', '0x8040914', '0x804091c', '0x8040924', '0x804092c', '0x8040934', '0x804093c', '0x8040944', '0x804094c', '0x8040954', '0x804095c', '0x8040964', '0x804096c', '0x8040974', '0x804097c', '0x8040984', '0x804098c', '0x8040994', '0x804099c']
type: cond
adj_instr: 0x80409bc
log_idx: 247
log_node.dest_addr: 0x80403de
 
Current node
start_addr: 0x80403de
end_addr: 0x80403e6
successors: ['0x80403ea', '0x80409a4']
parents: ['0x80409a4', '0x80409b4', '0x80409ae']
type: cond
adj_instr: 0x80403ea
log_idx: 248
log_node.dest_addr: 0x80403ea
 
Current node
start_addr: 0x80403ea
end_addr: 0x80403f4
successors: ['0x80405d8', '0x80405e0', '0x80405e8', '0x80405f0', '0x80405f8', '0x8040600', '0x8040608', '0x8040610', '0x8040618', '0x8040620', '0x8040628', '0x8040630', '0x8040638', '0x8040640', '0x8040648', '0x8040650', '0x8040658', '0x8040660', '0x8040668', '0x8040670', '0x8040678', '0x8040680', '0x8040688', '0x8040690', '0x8040698', '0x80406a0', '0x80406a8', '0x80406b0', '0x80406b8', '0x80406c0', '0x80406c8', '0x80406dc', '0x80406e4', '0x80406ec', '0x80406f4', '0x80406fc', '0x8040704', '0x804070c', '0x8040714', '0x804071c', '0x8040724', '0x804072c', '0x8040734', '0x804073c', '0x8040744', '0x804074c', '0x8040754', '0x804075c', '0x8040764', '0x804076c', '0x8040774', '0x804077c', '0x8040784', '0x804078c', '0x8040794', '0x804079c', '0x80407a4', '0x80407ac', '0x80407b4', '0x80407bc', '0x80407c4', '0x80407cc', '0x80407d4', '0x80407dc', '0x80407e4', '0x80407ec', '0x80407f4', '0x80407fc', '0x8040804', '0x804080c', '0x8040814', '0x804081c', '0x8040824', '0x804082c', '0x8040834', '0x804083c', '0x8040844', '0x804084c', '0x8040854', '0x804085c', '0x8040864', '0x804086c', '0x8040874', '0x804087c', '0x8040884', '0x804088c', '0x8040894', '0x804089c', '0x80408a4', '0x80408ac', '0x80408b4', '0x80408bc', '0x80408c4', '0x80408cc', '0x80408d4', '0x80408dc', '0x80408e4', '0x80408ec', '0x80408f4', '0x80408fc', '0x8040904', '0x804090c', '0x8040914', '0x804091c', '0x8040924', '0x804092c', '0x8040934', '0x804093c', '0x8040944', '0x804094c', '0x8040954', '0x804095c', '0x8040964', '0x804096c', '0x8040974', '0x804097c', '0x8040984', '0x804098c', '0x8040994', '0x804099c']
parents: ['0x80403de']
type: uncond
adj_instr: 0x80405d8
log_idx: 249
log_node.dest_addr: 0x8040658
 
Current node
start_addr: 0x8040658
end_addr: 0x804065e
successors: ['0x80409ae']
parents: ['0x80403ea']
type: uncond
adj_instr: 0x8040660
log_idx: 250
log_node.dest_addr: 0x80403de
-----
changed node
start_addr: 0x80409ae
end_addr: 0x80409b8
successors: ['0x80409bc', '0x80403de']
parents: ['0x80405d8', '0x80405e0', '0x80405e8', '0x80405f0', '0x80405f8', '0x8040600', '0x8040608', '0x8040610', '0x8040618', '0x8040620', '0x8040628', '0x8040630', '0x8040638', '0x8040640', '0x8040648', '0x8040650', '0x8040658', '0x8040660', '0x8040668', '0x8040670', '0x8040678', '0x8040680', '0x8040688', '0x8040690', '0x8040698', '0x80406a0', '0x80406a8', '0x80406b0', '0x80406b8', '0x80406c0', '0x80406c8', '0x80406dc', '0x80406e4', '0x80406ec', '0x80406f4', '0x80406fc', '0x8040704', '0x804070c', '0x8040714', '0x804071c', '0x8040724', '0x804072c', '0x8040734', '0x804073c', '0x8040744', '0x804074c', '0x8040754', '0x804075c', '0x8040764', '0x804076c', '0x8040774', '0x804077c', '0x8040784', '0x804078c', '0x8040794', '0x804079c', '0x80407a4', '0x80407ac', '0x80407b4', '0x80407bc', '0x80407c4', '0x80407cc', '0x80407d4', '0x80407dc', '0x80407e4', '0x80407ec', '0x80407f4', '0x80407fc', '0x8040804', '0x804080c', '0x8040814', '0x804081c', '0x8040824', '0x804082c', '0x8040834', '0x804083c', '0x8040844', '0x804084c', '0x8040854', '0x804085c', '0x8040864', '0x804086c', '0x8040874', '0x804087c', '0x8040884', '0x804088c', '0x8040894', '0x804089c', '0x80408a4', '0x80408ac', '0x80408b4', '0x80408bc', '0x80408c4', '0x80408cc', '0x80408d4', '0x80408dc', '0x80408e4', '0x80408ec', '0x80408f4', '0x80408fc', '0x8040904', '0x804090c', '0x8040914', '0x804091c', '0x8040924', '0x804092c', '0x8040934', '0x804093c', '0x8040944', '0x804094c', '0x8040954', '0x804095c', '0x8040964', '0x804096c', '0x8040974', '0x804097c', '0x8040984', '0x804098c', '0x8040994', '0x804099c']
type: cond
adj_instr: 0x80409bc
-----
 
Current node
start_addr: 0x80409ae
end_addr: 0x80409b8
successors: ['0x80409bc', '0x80403de']
parents: ['0x80405d8', '0x80405e0', '0x80405e8', '0x80405f0', '0x80405f8', '0x8040600', '0x8040608', '0x8040610', '0x8040618', '0x8040620', '0x8040628', '0x8040630', '0x8040638', '0x8040640', '0x8040648', '0x8040650', '0x8040658', '0x8040660', '0x8040668', '0x8040670', '0x8040678', '0x8040680', '0x8040688', '0x8040690', '0x8040698', '0x80406a0', '0x80406a8', '0x80406b0', '0x80406b8', '0x80406c0', '0x80406c8', '0x80406dc', '0x80406e4', '0x80406ec', '0x80406f4', '0x80406fc', '0x8040704', '0x804070c', '0x8040714', '0x804071c', '0x8040724', '0x804072c', '0x8040734', '0x804073c', '0x8040744', '0x804074c', '0x8040754', '0x804075c', '0x8040764', '0x804076c', '0x8040774', '0x804077c', '0x8040784', '0x804078c', '0x8040794', '0x804079c', '0x80407a4', '0x80407ac', '0x80407b4', '0x80407bc', '0x80407c4', '0x80407cc', '0x80407d4', '0x80407dc', '0x80407e4', '0x80407ec', '0x80407f4', '0x80407fc', '0x8040804', '0x804080c', '0x8040814', '0x804081c', '0x8040824', '0x804082c', '0x8040834', '0x804083c', '0x8040844', '0x804084c', '0x8040854', '0x804085c', '0x8040864', '0x804086c', '0x8040874', '0x804087c', '0x8040884', '0x804088c', '0x8040894', '0x804089c', '0x80408a4', '0x80408ac', '0x80408b4', '0x80408bc', '0x80408c4', '0x80408cc', '0x80408d4', '0x80408dc', '0x80408e4', '0x80408ec', '0x80408f4', '0x80408fc', '0x8040904', '0x804090c', '0x8040914', '0x804091c', '0x8040924', '0x804092c', '0x8040934', '0x804093c', '0x8040944', '0x804094c', '0x8040954', '0x804095c', '0x8040964', '0x804096c', '0x8040974', '0x804097c', '0x8040984', '0x804098c', '0x8040994', '0x804099c']
type: cond
adj_instr: 0x80409bc
log_idx: 250
log_node.dest_addr: 0x80403de
 
Current node
start_addr: 0x80403de
end_addr: 0x80403e6
successors: ['0x80403ea', '0x80409a4']
parents: ['0x80409a4', '0x80409b4', '0x80409ae']
type: cond
adj_instr: 0x80403ea
log_idx: 251
log_node.dest_addr: 0x80403ea
 
Current node
start_addr: 0x80403ea
end_addr: 0x80403f4
successors: ['0x80405d8', '0x80405e0', '0x80405e8', '0x80405f0', '0x80405f8', '0x8040600', '0x8040608', '0x8040610', '0x8040618', '0x8040620', '0x8040628', '0x8040630', '0x8040638', '0x8040640', '0x8040648', '0x8040650', '0x8040658', '0x8040660', '0x8040668', '0x8040670', '0x8040678', '0x8040680', '0x8040688', '0x8040690', '0x8040698', '0x80406a0', '0x80406a8', '0x80406b0', '0x80406b8', '0x80406c0', '0x80406c8', '0x80406dc', '0x80406e4', '0x80406ec', '0x80406f4', '0x80406fc', '0x8040704', '0x804070c', '0x8040714', '0x804071c', '0x8040724', '0x804072c', '0x8040734', '0x804073c', '0x8040744', '0x804074c', '0x8040754', '0x804075c', '0x8040764', '0x804076c', '0x8040774', '0x804077c', '0x8040784', '0x804078c', '0x8040794', '0x804079c', '0x80407a4', '0x80407ac', '0x80407b4', '0x80407bc', '0x80407c4', '0x80407cc', '0x80407d4', '0x80407dc', '0x80407e4', '0x80407ec', '0x80407f4', '0x80407fc', '0x8040804', '0x804080c', '0x8040814', '0x804081c', '0x8040824', '0x804082c', '0x8040834', '0x804083c', '0x8040844', '0x804084c', '0x8040854', '0x804085c', '0x8040864', '0x804086c', '0x8040874', '0x804087c', '0x8040884', '0x804088c', '0x8040894', '0x804089c', '0x80408a4', '0x80408ac', '0x80408b4', '0x80408bc', '0x80408c4', '0x80408cc', '0x80408d4', '0x80408dc', '0x80408e4', '0x80408ec', '0x80408f4', '0x80408fc', '0x8040904', '0x804090c', '0x8040914', '0x804091c', '0x8040924', '0x804092c', '0x8040934', '0x804093c', '0x8040944', '0x804094c', '0x8040954', '0x804095c', '0x8040964', '0x804096c', '0x8040974', '0x804097c', '0x8040984', '0x804098c', '0x8040994', '0x804099c']
parents: ['0x80403de']
type: uncond
adj_instr: 0x80405d8
log_idx: 252
log_node.dest_addr: 0x8040660
 
Current node
start_addr: 0x8040660
end_addr: 0x8040666
successors: ['0x80409ae']
parents: ['0x80403ea']
type: uncond
adj_instr: 0x8040668
log_idx: 253
log_node.dest_addr: 0x80403de
-----
changed node
start_addr: 0x80409ae
end_addr: 0x80409b8
successors: ['0x80409bc', '0x80403de']
parents: ['0x80405d8', '0x80405e0', '0x80405e8', '0x80405f0', '0x80405f8', '0x8040600', '0x8040608', '0x8040610', '0x8040618', '0x8040620', '0x8040628', '0x8040630', '0x8040638', '0x8040640', '0x8040648', '0x8040650', '0x8040658', '0x8040660', '0x8040668', '0x8040670', '0x8040678', '0x8040680', '0x8040688', '0x8040690', '0x8040698', '0x80406a0', '0x80406a8', '0x80406b0', '0x80406b8', '0x80406c0', '0x80406c8', '0x80406dc', '0x80406e4', '0x80406ec', '0x80406f4', '0x80406fc', '0x8040704', '0x804070c', '0x8040714', '0x804071c', '0x8040724', '0x804072c', '0x8040734', '0x804073c', '0x8040744', '0x804074c', '0x8040754', '0x804075c', '0x8040764', '0x804076c', '0x8040774', '0x804077c', '0x8040784', '0x804078c', '0x8040794', '0x804079c', '0x80407a4', '0x80407ac', '0x80407b4', '0x80407bc', '0x80407c4', '0x80407cc', '0x80407d4', '0x80407dc', '0x80407e4', '0x80407ec', '0x80407f4', '0x80407fc', '0x8040804', '0x804080c', '0x8040814', '0x804081c', '0x8040824', '0x804082c', '0x8040834', '0x804083c', '0x8040844', '0x804084c', '0x8040854', '0x804085c', '0x8040864', '0x804086c', '0x8040874', '0x804087c', '0x8040884', '0x804088c', '0x8040894', '0x804089c', '0x80408a4', '0x80408ac', '0x80408b4', '0x80408bc', '0x80408c4', '0x80408cc', '0x80408d4', '0x80408dc', '0x80408e4', '0x80408ec', '0x80408f4', '0x80408fc', '0x8040904', '0x804090c', '0x8040914', '0x804091c', '0x8040924', '0x804092c', '0x8040934', '0x804093c', '0x8040944', '0x804094c', '0x8040954', '0x804095c', '0x8040964', '0x804096c', '0x8040974', '0x804097c', '0x8040984', '0x804098c', '0x8040994', '0x804099c']
type: cond
adj_instr: 0x80409bc
-----
 
Current node
start_addr: 0x80409ae
end_addr: 0x80409b8
successors: ['0x80409bc', '0x80403de']
parents: ['0x80405d8', '0x80405e0', '0x80405e8', '0x80405f0', '0x80405f8', '0x8040600', '0x8040608', '0x8040610', '0x8040618', '0x8040620', '0x8040628', '0x8040630', '0x8040638', '0x8040640', '0x8040648', '0x8040650', '0x8040658', '0x8040660', '0x8040668', '0x8040670', '0x8040678', '0x8040680', '0x8040688', '0x8040690', '0x8040698', '0x80406a0', '0x80406a8', '0x80406b0', '0x80406b8', '0x80406c0', '0x80406c8', '0x80406dc', '0x80406e4', '0x80406ec', '0x80406f4', '0x80406fc', '0x8040704', '0x804070c', '0x8040714', '0x804071c', '0x8040724', '0x804072c', '0x8040734', '0x804073c', '0x8040744', '0x804074c', '0x8040754', '0x804075c', '0x8040764', '0x804076c', '0x8040774', '0x804077c', '0x8040784', '0x804078c', '0x8040794', '0x804079c', '0x80407a4', '0x80407ac', '0x80407b4', '0x80407bc', '0x80407c4', '0x80407cc', '0x80407d4', '0x80407dc', '0x80407e4', '0x80407ec', '0x80407f4', '0x80407fc', '0x8040804', '0x804080c', '0x8040814', '0x804081c', '0x8040824', '0x804082c', '0x8040834', '0x804083c', '0x8040844', '0x804084c', '0x8040854', '0x804085c', '0x8040864', '0x804086c', '0x8040874', '0x804087c', '0x8040884', '0x804088c', '0x8040894', '0x804089c', '0x80408a4', '0x80408ac', '0x80408b4', '0x80408bc', '0x80408c4', '0x80408cc', '0x80408d4', '0x80408dc', '0x80408e4', '0x80408ec', '0x80408f4', '0x80408fc', '0x8040904', '0x804090c', '0x8040914', '0x804091c', '0x8040924', '0x804092c', '0x8040934', '0x804093c', '0x8040944', '0x804094c', '0x8040954', '0x804095c', '0x8040964', '0x804096c', '0x8040974', '0x804097c', '0x8040984', '0x804098c', '0x8040994', '0x804099c']
type: cond
adj_instr: 0x80409bc
log_idx: 253
log_node.dest_addr: 0x80403de
 
Current node
start_addr: 0x80403de
end_addr: 0x80403e6
successors: ['0x80403ea', '0x80409a4']
parents: ['0x80409a4', '0x80409b4', '0x80409ae']
type: cond
adj_instr: 0x80403ea
log_idx: 254
log_node.dest_addr: 0x80403ea
 
Current node
start_addr: 0x80403ea
end_addr: 0x80403f4
successors: ['0x80405d8', '0x80405e0', '0x80405e8', '0x80405f0', '0x80405f8', '0x8040600', '0x8040608', '0x8040610', '0x8040618', '0x8040620', '0x8040628', '0x8040630', '0x8040638', '0x8040640', '0x8040648', '0x8040650', '0x8040658', '0x8040660', '0x8040668', '0x8040670', '0x8040678', '0x8040680', '0x8040688', '0x8040690', '0x8040698', '0x80406a0', '0x80406a8', '0x80406b0', '0x80406b8', '0x80406c0', '0x80406c8', '0x80406dc', '0x80406e4', '0x80406ec', '0x80406f4', '0x80406fc', '0x8040704', '0x804070c', '0x8040714', '0x804071c', '0x8040724', '0x804072c', '0x8040734', '0x804073c', '0x8040744', '0x804074c', '0x8040754', '0x804075c', '0x8040764', '0x804076c', '0x8040774', '0x804077c', '0x8040784', '0x804078c', '0x8040794', '0x804079c', '0x80407a4', '0x80407ac', '0x80407b4', '0x80407bc', '0x80407c4', '0x80407cc', '0x80407d4', '0x80407dc', '0x80407e4', '0x80407ec', '0x80407f4', '0x80407fc', '0x8040804', '0x804080c', '0x8040814', '0x804081c', '0x8040824', '0x804082c', '0x8040834', '0x804083c', '0x8040844', '0x804084c', '0x8040854', '0x804085c', '0x8040864', '0x804086c', '0x8040874', '0x804087c', '0x8040884', '0x804088c', '0x8040894', '0x804089c', '0x80408a4', '0x80408ac', '0x80408b4', '0x80408bc', '0x80408c4', '0x80408cc', '0x80408d4', '0x80408dc', '0x80408e4', '0x80408ec', '0x80408f4', '0x80408fc', '0x8040904', '0x804090c', '0x8040914', '0x804091c', '0x8040924', '0x804092c', '0x8040934', '0x804093c', '0x8040944', '0x804094c', '0x8040954', '0x804095c', '0x8040964', '0x804096c', '0x8040974', '0x804097c', '0x8040984', '0x804098c', '0x8040994', '0x804099c']
parents: ['0x80403de']
type: uncond
adj_instr: 0x80405d8
log_idx: 255
log_node.dest_addr: 0x8040668
 
Current node
start_addr: 0x8040668
end_addr: 0x804066e
successors: ['0x80409ae']
parents: ['0x80403ea']
type: uncond
adj_instr: 0x8040670
log_idx: 256
log_node.dest_addr: 0x80403de
-----
changed node
start_addr: 0x80409ae
end_addr: 0x80409b8
successors: ['0x80409bc', '0x80403de']
parents: ['0x80405d8', '0x80405e0', '0x80405e8', '0x80405f0', '0x80405f8', '0x8040600', '0x8040608', '0x8040610', '0x8040618', '0x8040620', '0x8040628', '0x8040630', '0x8040638', '0x8040640', '0x8040648', '0x8040650', '0x8040658', '0x8040660', '0x8040668', '0x8040670', '0x8040678', '0x8040680', '0x8040688', '0x8040690', '0x8040698', '0x80406a0', '0x80406a8', '0x80406b0', '0x80406b8', '0x80406c0', '0x80406c8', '0x80406dc', '0x80406e4', '0x80406ec', '0x80406f4', '0x80406fc', '0x8040704', '0x804070c', '0x8040714', '0x804071c', '0x8040724', '0x804072c', '0x8040734', '0x804073c', '0x8040744', '0x804074c', '0x8040754', '0x804075c', '0x8040764', '0x804076c', '0x8040774', '0x804077c', '0x8040784', '0x804078c', '0x8040794', '0x804079c', '0x80407a4', '0x80407ac', '0x80407b4', '0x80407bc', '0x80407c4', '0x80407cc', '0x80407d4', '0x80407dc', '0x80407e4', '0x80407ec', '0x80407f4', '0x80407fc', '0x8040804', '0x804080c', '0x8040814', '0x804081c', '0x8040824', '0x804082c', '0x8040834', '0x804083c', '0x8040844', '0x804084c', '0x8040854', '0x804085c', '0x8040864', '0x804086c', '0x8040874', '0x804087c', '0x8040884', '0x804088c', '0x8040894', '0x804089c', '0x80408a4', '0x80408ac', '0x80408b4', '0x80408bc', '0x80408c4', '0x80408cc', '0x80408d4', '0x80408dc', '0x80408e4', '0x80408ec', '0x80408f4', '0x80408fc', '0x8040904', '0x804090c', '0x8040914', '0x804091c', '0x8040924', '0x804092c', '0x8040934', '0x804093c', '0x8040944', '0x804094c', '0x8040954', '0x804095c', '0x8040964', '0x804096c', '0x8040974', '0x804097c', '0x8040984', '0x804098c', '0x8040994', '0x804099c']
type: cond
adj_instr: 0x80409bc
-----
 
Current node
start_addr: 0x80409ae
end_addr: 0x80409b8
successors: ['0x80409bc', '0x80403de']
parents: ['0x80405d8', '0x80405e0', '0x80405e8', '0x80405f0', '0x80405f8', '0x8040600', '0x8040608', '0x8040610', '0x8040618', '0x8040620', '0x8040628', '0x8040630', '0x8040638', '0x8040640', '0x8040648', '0x8040650', '0x8040658', '0x8040660', '0x8040668', '0x8040670', '0x8040678', '0x8040680', '0x8040688', '0x8040690', '0x8040698', '0x80406a0', '0x80406a8', '0x80406b0', '0x80406b8', '0x80406c0', '0x80406c8', '0x80406dc', '0x80406e4', '0x80406ec', '0x80406f4', '0x80406fc', '0x8040704', '0x804070c', '0x8040714', '0x804071c', '0x8040724', '0x804072c', '0x8040734', '0x804073c', '0x8040744', '0x804074c', '0x8040754', '0x804075c', '0x8040764', '0x804076c', '0x8040774', '0x804077c', '0x8040784', '0x804078c', '0x8040794', '0x804079c', '0x80407a4', '0x80407ac', '0x80407b4', '0x80407bc', '0x80407c4', '0x80407cc', '0x80407d4', '0x80407dc', '0x80407e4', '0x80407ec', '0x80407f4', '0x80407fc', '0x8040804', '0x804080c', '0x8040814', '0x804081c', '0x8040824', '0x804082c', '0x8040834', '0x804083c', '0x8040844', '0x804084c', '0x8040854', '0x804085c', '0x8040864', '0x804086c', '0x8040874', '0x804087c', '0x8040884', '0x804088c', '0x8040894', '0x804089c', '0x80408a4', '0x80408ac', '0x80408b4', '0x80408bc', '0x80408c4', '0x80408cc', '0x80408d4', '0x80408dc', '0x80408e4', '0x80408ec', '0x80408f4', '0x80408fc', '0x8040904', '0x804090c', '0x8040914', '0x804091c', '0x8040924', '0x804092c', '0x8040934', '0x804093c', '0x8040944', '0x804094c', '0x8040954', '0x804095c', '0x8040964', '0x804096c', '0x8040974', '0x804097c', '0x8040984', '0x804098c', '0x8040994', '0x804099c']
type: cond
adj_instr: 0x80409bc
log_idx: 256
log_node.dest_addr: 0x80403de
 
Current node
start_addr: 0x80403de
end_addr: 0x80403e6
successors: ['0x80403ea', '0x80409a4']
parents: ['0x80409a4', '0x80409b4', '0x80409ae']
type: cond
adj_instr: 0x80403ea
log_idx: 257
log_node.dest_addr: 0x80403ea
 
Current node
start_addr: 0x80403ea
end_addr: 0x80403f4
successors: ['0x80405d8', '0x80405e0', '0x80405e8', '0x80405f0', '0x80405f8', '0x8040600', '0x8040608', '0x8040610', '0x8040618', '0x8040620', '0x8040628', '0x8040630', '0x8040638', '0x8040640', '0x8040648', '0x8040650', '0x8040658', '0x8040660', '0x8040668', '0x8040670', '0x8040678', '0x8040680', '0x8040688', '0x8040690', '0x8040698', '0x80406a0', '0x80406a8', '0x80406b0', '0x80406b8', '0x80406c0', '0x80406c8', '0x80406dc', '0x80406e4', '0x80406ec', '0x80406f4', '0x80406fc', '0x8040704', '0x804070c', '0x8040714', '0x804071c', '0x8040724', '0x804072c', '0x8040734', '0x804073c', '0x8040744', '0x804074c', '0x8040754', '0x804075c', '0x8040764', '0x804076c', '0x8040774', '0x804077c', '0x8040784', '0x804078c', '0x8040794', '0x804079c', '0x80407a4', '0x80407ac', '0x80407b4', '0x80407bc', '0x80407c4', '0x80407cc', '0x80407d4', '0x80407dc', '0x80407e4', '0x80407ec', '0x80407f4', '0x80407fc', '0x8040804', '0x804080c', '0x8040814', '0x804081c', '0x8040824', '0x804082c', '0x8040834', '0x804083c', '0x8040844', '0x804084c', '0x8040854', '0x804085c', '0x8040864', '0x804086c', '0x8040874', '0x804087c', '0x8040884', '0x804088c', '0x8040894', '0x804089c', '0x80408a4', '0x80408ac', '0x80408b4', '0x80408bc', '0x80408c4', '0x80408cc', '0x80408d4', '0x80408dc', '0x80408e4', '0x80408ec', '0x80408f4', '0x80408fc', '0x8040904', '0x804090c', '0x8040914', '0x804091c', '0x8040924', '0x804092c', '0x8040934', '0x804093c', '0x8040944', '0x804094c', '0x8040954', '0x804095c', '0x8040964', '0x804096c', '0x8040974', '0x804097c', '0x8040984', '0x804098c', '0x8040994', '0x804099c']
parents: ['0x80403de']
type: uncond
adj_instr: 0x80405d8
log_idx: 258
log_node.dest_addr: 0x8040670
 
Current node
start_addr: 0x8040670
end_addr: 0x8040676
successors: ['0x80409ae']
parents: ['0x80403ea']
type: uncond
adj_instr: 0x8040678
log_idx: 259
log_node.dest_addr: 0x80403de
-----
changed node
start_addr: 0x80409ae
end_addr: 0x80409b8
successors: ['0x80409bc', '0x80403de']
parents: ['0x80405d8', '0x80405e0', '0x80405e8', '0x80405f0', '0x80405f8', '0x8040600', '0x8040608', '0x8040610', '0x8040618', '0x8040620', '0x8040628', '0x8040630', '0x8040638', '0x8040640', '0x8040648', '0x8040650', '0x8040658', '0x8040660', '0x8040668', '0x8040670', '0x8040678', '0x8040680', '0x8040688', '0x8040690', '0x8040698', '0x80406a0', '0x80406a8', '0x80406b0', '0x80406b8', '0x80406c0', '0x80406c8', '0x80406dc', '0x80406e4', '0x80406ec', '0x80406f4', '0x80406fc', '0x8040704', '0x804070c', '0x8040714', '0x804071c', '0x8040724', '0x804072c', '0x8040734', '0x804073c', '0x8040744', '0x804074c', '0x8040754', '0x804075c', '0x8040764', '0x804076c', '0x8040774', '0x804077c', '0x8040784', '0x804078c', '0x8040794', '0x804079c', '0x80407a4', '0x80407ac', '0x80407b4', '0x80407bc', '0x80407c4', '0x80407cc', '0x80407d4', '0x80407dc', '0x80407e4', '0x80407ec', '0x80407f4', '0x80407fc', '0x8040804', '0x804080c', '0x8040814', '0x804081c', '0x8040824', '0x804082c', '0x8040834', '0x804083c', '0x8040844', '0x804084c', '0x8040854', '0x804085c', '0x8040864', '0x804086c', '0x8040874', '0x804087c', '0x8040884', '0x804088c', '0x8040894', '0x804089c', '0x80408a4', '0x80408ac', '0x80408b4', '0x80408bc', '0x80408c4', '0x80408cc', '0x80408d4', '0x80408dc', '0x80408e4', '0x80408ec', '0x80408f4', '0x80408fc', '0x8040904', '0x804090c', '0x8040914', '0x804091c', '0x8040924', '0x804092c', '0x8040934', '0x804093c', '0x8040944', '0x804094c', '0x8040954', '0x804095c', '0x8040964', '0x804096c', '0x8040974', '0x804097c', '0x8040984', '0x804098c', '0x8040994', '0x804099c']
type: cond
adj_instr: 0x80409bc
-----
 
Current node
start_addr: 0x80409ae
end_addr: 0x80409b8
successors: ['0x80409bc', '0x80403de']
parents: ['0x80405d8', '0x80405e0', '0x80405e8', '0x80405f0', '0x80405f8', '0x8040600', '0x8040608', '0x8040610', '0x8040618', '0x8040620', '0x8040628', '0x8040630', '0x8040638', '0x8040640', '0x8040648', '0x8040650', '0x8040658', '0x8040660', '0x8040668', '0x8040670', '0x8040678', '0x8040680', '0x8040688', '0x8040690', '0x8040698', '0x80406a0', '0x80406a8', '0x80406b0', '0x80406b8', '0x80406c0', '0x80406c8', '0x80406dc', '0x80406e4', '0x80406ec', '0x80406f4', '0x80406fc', '0x8040704', '0x804070c', '0x8040714', '0x804071c', '0x8040724', '0x804072c', '0x8040734', '0x804073c', '0x8040744', '0x804074c', '0x8040754', '0x804075c', '0x8040764', '0x804076c', '0x8040774', '0x804077c', '0x8040784', '0x804078c', '0x8040794', '0x804079c', '0x80407a4', '0x80407ac', '0x80407b4', '0x80407bc', '0x80407c4', '0x80407cc', '0x80407d4', '0x80407dc', '0x80407e4', '0x80407ec', '0x80407f4', '0x80407fc', '0x8040804', '0x804080c', '0x8040814', '0x804081c', '0x8040824', '0x804082c', '0x8040834', '0x804083c', '0x8040844', '0x804084c', '0x8040854', '0x804085c', '0x8040864', '0x804086c', '0x8040874', '0x804087c', '0x8040884', '0x804088c', '0x8040894', '0x804089c', '0x80408a4', '0x80408ac', '0x80408b4', '0x80408bc', '0x80408c4', '0x80408cc', '0x80408d4', '0x80408dc', '0x80408e4', '0x80408ec', '0x80408f4', '0x80408fc', '0x8040904', '0x804090c', '0x8040914', '0x804091c', '0x8040924', '0x804092c', '0x8040934', '0x804093c', '0x8040944', '0x804094c', '0x8040954', '0x804095c', '0x8040964', '0x804096c', '0x8040974', '0x804097c', '0x8040984', '0x804098c', '0x8040994', '0x804099c']
type: cond
adj_instr: 0x80409bc
log_idx: 259
log_node.dest_addr: 0x80403de
 
Current node
start_addr: 0x80403de
end_addr: 0x80403e6
successors: ['0x80403ea', '0x80409a4']
parents: ['0x80409a4', '0x80409b4', '0x80409ae']
type: cond
adj_instr: 0x80403ea
log_idx: 260
log_node.dest_addr: 0x80403ea
 
Current node
start_addr: 0x80403ea
end_addr: 0x80403f4
successors: ['0x80405d8', '0x80405e0', '0x80405e8', '0x80405f0', '0x80405f8', '0x8040600', '0x8040608', '0x8040610', '0x8040618', '0x8040620', '0x8040628', '0x8040630', '0x8040638', '0x8040640', '0x8040648', '0x8040650', '0x8040658', '0x8040660', '0x8040668', '0x8040670', '0x8040678', '0x8040680', '0x8040688', '0x8040690', '0x8040698', '0x80406a0', '0x80406a8', '0x80406b0', '0x80406b8', '0x80406c0', '0x80406c8', '0x80406dc', '0x80406e4', '0x80406ec', '0x80406f4', '0x80406fc', '0x8040704', '0x804070c', '0x8040714', '0x804071c', '0x8040724', '0x804072c', '0x8040734', '0x804073c', '0x8040744', '0x804074c', '0x8040754', '0x804075c', '0x8040764', '0x804076c', '0x8040774', '0x804077c', '0x8040784', '0x804078c', '0x8040794', '0x804079c', '0x80407a4', '0x80407ac', '0x80407b4', '0x80407bc', '0x80407c4', '0x80407cc', '0x80407d4', '0x80407dc', '0x80407e4', '0x80407ec', '0x80407f4', '0x80407fc', '0x8040804', '0x804080c', '0x8040814', '0x804081c', '0x8040824', '0x804082c', '0x8040834', '0x804083c', '0x8040844', '0x804084c', '0x8040854', '0x804085c', '0x8040864', '0x804086c', '0x8040874', '0x804087c', '0x8040884', '0x804088c', '0x8040894', '0x804089c', '0x80408a4', '0x80408ac', '0x80408b4', '0x80408bc', '0x80408c4', '0x80408cc', '0x80408d4', '0x80408dc', '0x80408e4', '0x80408ec', '0x80408f4', '0x80408fc', '0x8040904', '0x804090c', '0x8040914', '0x804091c', '0x8040924', '0x804092c', '0x8040934', '0x804093c', '0x8040944', '0x804094c', '0x8040954', '0x804095c', '0x8040964', '0x804096c', '0x8040974', '0x804097c', '0x8040984', '0x804098c', '0x8040994', '0x804099c']
parents: ['0x80403de']
type: uncond
adj_instr: 0x80405d8
log_idx: 261
log_node.dest_addr: 0x8040678
 
Current node
start_addr: 0x8040678
end_addr: 0x804067e
successors: ['0x80409ae']
parents: ['0x80403ea']
type: uncond
adj_instr: 0x8040680
log_idx: 262
log_node.dest_addr: 0x80403de
-----
changed node
start_addr: 0x80409ae
end_addr: 0x80409b8
successors: ['0x80409bc', '0x80403de']
parents: ['0x80405d8', '0x80405e0', '0x80405e8', '0x80405f0', '0x80405f8', '0x8040600', '0x8040608', '0x8040610', '0x8040618', '0x8040620', '0x8040628', '0x8040630', '0x8040638', '0x8040640', '0x8040648', '0x8040650', '0x8040658', '0x8040660', '0x8040668', '0x8040670', '0x8040678', '0x8040680', '0x8040688', '0x8040690', '0x8040698', '0x80406a0', '0x80406a8', '0x80406b0', '0x80406b8', '0x80406c0', '0x80406c8', '0x80406dc', '0x80406e4', '0x80406ec', '0x80406f4', '0x80406fc', '0x8040704', '0x804070c', '0x8040714', '0x804071c', '0x8040724', '0x804072c', '0x8040734', '0x804073c', '0x8040744', '0x804074c', '0x8040754', '0x804075c', '0x8040764', '0x804076c', '0x8040774', '0x804077c', '0x8040784', '0x804078c', '0x8040794', '0x804079c', '0x80407a4', '0x80407ac', '0x80407b4', '0x80407bc', '0x80407c4', '0x80407cc', '0x80407d4', '0x80407dc', '0x80407e4', '0x80407ec', '0x80407f4', '0x80407fc', '0x8040804', '0x804080c', '0x8040814', '0x804081c', '0x8040824', '0x804082c', '0x8040834', '0x804083c', '0x8040844', '0x804084c', '0x8040854', '0x804085c', '0x8040864', '0x804086c', '0x8040874', '0x804087c', '0x8040884', '0x804088c', '0x8040894', '0x804089c', '0x80408a4', '0x80408ac', '0x80408b4', '0x80408bc', '0x80408c4', '0x80408cc', '0x80408d4', '0x80408dc', '0x80408e4', '0x80408ec', '0x80408f4', '0x80408fc', '0x8040904', '0x804090c', '0x8040914', '0x804091c', '0x8040924', '0x804092c', '0x8040934', '0x804093c', '0x8040944', '0x804094c', '0x8040954', '0x804095c', '0x8040964', '0x804096c', '0x8040974', '0x804097c', '0x8040984', '0x804098c', '0x8040994', '0x804099c']
type: cond
adj_instr: 0x80409bc
-----
 
Current node
start_addr: 0x80409ae
end_addr: 0x80409b8
successors: ['0x80409bc', '0x80403de']
parents: ['0x80405d8', '0x80405e0', '0x80405e8', '0x80405f0', '0x80405f8', '0x8040600', '0x8040608', '0x8040610', '0x8040618', '0x8040620', '0x8040628', '0x8040630', '0x8040638', '0x8040640', '0x8040648', '0x8040650', '0x8040658', '0x8040660', '0x8040668', '0x8040670', '0x8040678', '0x8040680', '0x8040688', '0x8040690', '0x8040698', '0x80406a0', '0x80406a8', '0x80406b0', '0x80406b8', '0x80406c0', '0x80406c8', '0x80406dc', '0x80406e4', '0x80406ec', '0x80406f4', '0x80406fc', '0x8040704', '0x804070c', '0x8040714', '0x804071c', '0x8040724', '0x804072c', '0x8040734', '0x804073c', '0x8040744', '0x804074c', '0x8040754', '0x804075c', '0x8040764', '0x804076c', '0x8040774', '0x804077c', '0x8040784', '0x804078c', '0x8040794', '0x804079c', '0x80407a4', '0x80407ac', '0x80407b4', '0x80407bc', '0x80407c4', '0x80407cc', '0x80407d4', '0x80407dc', '0x80407e4', '0x80407ec', '0x80407f4', '0x80407fc', '0x8040804', '0x804080c', '0x8040814', '0x804081c', '0x8040824', '0x804082c', '0x8040834', '0x804083c', '0x8040844', '0x804084c', '0x8040854', '0x804085c', '0x8040864', '0x804086c', '0x8040874', '0x804087c', '0x8040884', '0x804088c', '0x8040894', '0x804089c', '0x80408a4', '0x80408ac', '0x80408b4', '0x80408bc', '0x80408c4', '0x80408cc', '0x80408d4', '0x80408dc', '0x80408e4', '0x80408ec', '0x80408f4', '0x80408fc', '0x8040904', '0x804090c', '0x8040914', '0x804091c', '0x8040924', '0x804092c', '0x8040934', '0x804093c', '0x8040944', '0x804094c', '0x8040954', '0x804095c', '0x8040964', '0x804096c', '0x8040974', '0x804097c', '0x8040984', '0x804098c', '0x8040994', '0x804099c']
type: cond
adj_instr: 0x80409bc
log_idx: 262
log_node.dest_addr: 0x80403de
 
Current node
start_addr: 0x80403de
end_addr: 0x80403e6
successors: ['0x80403ea', '0x80409a4']
parents: ['0x80409a4', '0x80409b4', '0x80409ae']
type: cond
adj_instr: 0x80403ea
log_idx: 263
log_node.dest_addr: 0x80403ea
 
Current node
start_addr: 0x80403ea
end_addr: 0x80403f4
successors: ['0x80405d8', '0x80405e0', '0x80405e8', '0x80405f0', '0x80405f8', '0x8040600', '0x8040608', '0x8040610', '0x8040618', '0x8040620', '0x8040628', '0x8040630', '0x8040638', '0x8040640', '0x8040648', '0x8040650', '0x8040658', '0x8040660', '0x8040668', '0x8040670', '0x8040678', '0x8040680', '0x8040688', '0x8040690', '0x8040698', '0x80406a0', '0x80406a8', '0x80406b0', '0x80406b8', '0x80406c0', '0x80406c8', '0x80406dc', '0x80406e4', '0x80406ec', '0x80406f4', '0x80406fc', '0x8040704', '0x804070c', '0x8040714', '0x804071c', '0x8040724', '0x804072c', '0x8040734', '0x804073c', '0x8040744', '0x804074c', '0x8040754', '0x804075c', '0x8040764', '0x804076c', '0x8040774', '0x804077c', '0x8040784', '0x804078c', '0x8040794', '0x804079c', '0x80407a4', '0x80407ac', '0x80407b4', '0x80407bc', '0x80407c4', '0x80407cc', '0x80407d4', '0x80407dc', '0x80407e4', '0x80407ec', '0x80407f4', '0x80407fc', '0x8040804', '0x804080c', '0x8040814', '0x804081c', '0x8040824', '0x804082c', '0x8040834', '0x804083c', '0x8040844', '0x804084c', '0x8040854', '0x804085c', '0x8040864', '0x804086c', '0x8040874', '0x804087c', '0x8040884', '0x804088c', '0x8040894', '0x804089c', '0x80408a4', '0x80408ac', '0x80408b4', '0x80408bc', '0x80408c4', '0x80408cc', '0x80408d4', '0x80408dc', '0x80408e4', '0x80408ec', '0x80408f4', '0x80408fc', '0x8040904', '0x804090c', '0x8040914', '0x804091c', '0x8040924', '0x804092c', '0x8040934', '0x804093c', '0x8040944', '0x804094c', '0x8040954', '0x804095c', '0x8040964', '0x804096c', '0x8040974', '0x804097c', '0x8040984', '0x804098c', '0x8040994', '0x804099c']
parents: ['0x80403de']
type: uncond
adj_instr: 0x80405d8
log_idx: 264
log_node.dest_addr: 0x8040680
 
Current node
start_addr: 0x8040680
end_addr: 0x8040686
successors: ['0x80409ae']
parents: ['0x80403ea']
type: uncond
adj_instr: 0x8040688
log_idx: 265
log_node.dest_addr: 0x80403de
-----
changed node
start_addr: 0x80409ae
end_addr: 0x80409b8
successors: ['0x80409bc', '0x80403de']
parents: ['0x80405d8', '0x80405e0', '0x80405e8', '0x80405f0', '0x80405f8', '0x8040600', '0x8040608', '0x8040610', '0x8040618', '0x8040620', '0x8040628', '0x8040630', '0x8040638', '0x8040640', '0x8040648', '0x8040650', '0x8040658', '0x8040660', '0x8040668', '0x8040670', '0x8040678', '0x8040680', '0x8040688', '0x8040690', '0x8040698', '0x80406a0', '0x80406a8', '0x80406b0', '0x80406b8', '0x80406c0', '0x80406c8', '0x80406dc', '0x80406e4', '0x80406ec', '0x80406f4', '0x80406fc', '0x8040704', '0x804070c', '0x8040714', '0x804071c', '0x8040724', '0x804072c', '0x8040734', '0x804073c', '0x8040744', '0x804074c', '0x8040754', '0x804075c', '0x8040764', '0x804076c', '0x8040774', '0x804077c', '0x8040784', '0x804078c', '0x8040794', '0x804079c', '0x80407a4', '0x80407ac', '0x80407b4', '0x80407bc', '0x80407c4', '0x80407cc', '0x80407d4', '0x80407dc', '0x80407e4', '0x80407ec', '0x80407f4', '0x80407fc', '0x8040804', '0x804080c', '0x8040814', '0x804081c', '0x8040824', '0x804082c', '0x8040834', '0x804083c', '0x8040844', '0x804084c', '0x8040854', '0x804085c', '0x8040864', '0x804086c', '0x8040874', '0x804087c', '0x8040884', '0x804088c', '0x8040894', '0x804089c', '0x80408a4', '0x80408ac', '0x80408b4', '0x80408bc', '0x80408c4', '0x80408cc', '0x80408d4', '0x80408dc', '0x80408e4', '0x80408ec', '0x80408f4', '0x80408fc', '0x8040904', '0x804090c', '0x8040914', '0x804091c', '0x8040924', '0x804092c', '0x8040934', '0x804093c', '0x8040944', '0x804094c', '0x8040954', '0x804095c', '0x8040964', '0x804096c', '0x8040974', '0x804097c', '0x8040984', '0x804098c', '0x8040994', '0x804099c']
type: cond
adj_instr: 0x80409bc
-----
 
Current node
start_addr: 0x80409ae
end_addr: 0x80409b8
successors: ['0x80409bc', '0x80403de']
parents: ['0x80405d8', '0x80405e0', '0x80405e8', '0x80405f0', '0x80405f8', '0x8040600', '0x8040608', '0x8040610', '0x8040618', '0x8040620', '0x8040628', '0x8040630', '0x8040638', '0x8040640', '0x8040648', '0x8040650', '0x8040658', '0x8040660', '0x8040668', '0x8040670', '0x8040678', '0x8040680', '0x8040688', '0x8040690', '0x8040698', '0x80406a0', '0x80406a8', '0x80406b0', '0x80406b8', '0x80406c0', '0x80406c8', '0x80406dc', '0x80406e4', '0x80406ec', '0x80406f4', '0x80406fc', '0x8040704', '0x804070c', '0x8040714', '0x804071c', '0x8040724', '0x804072c', '0x8040734', '0x804073c', '0x8040744', '0x804074c', '0x8040754', '0x804075c', '0x8040764', '0x804076c', '0x8040774', '0x804077c', '0x8040784', '0x804078c', '0x8040794', '0x804079c', '0x80407a4', '0x80407ac', '0x80407b4', '0x80407bc', '0x80407c4', '0x80407cc', '0x80407d4', '0x80407dc', '0x80407e4', '0x80407ec', '0x80407f4', '0x80407fc', '0x8040804', '0x804080c', '0x8040814', '0x804081c', '0x8040824', '0x804082c', '0x8040834', '0x804083c', '0x8040844', '0x804084c', '0x8040854', '0x804085c', '0x8040864', '0x804086c', '0x8040874', '0x804087c', '0x8040884', '0x804088c', '0x8040894', '0x804089c', '0x80408a4', '0x80408ac', '0x80408b4', '0x80408bc', '0x80408c4', '0x80408cc', '0x80408d4', '0x80408dc', '0x80408e4', '0x80408ec', '0x80408f4', '0x80408fc', '0x8040904', '0x804090c', '0x8040914', '0x804091c', '0x8040924', '0x804092c', '0x8040934', '0x804093c', '0x8040944', '0x804094c', '0x8040954', '0x804095c', '0x8040964', '0x804096c', '0x8040974', '0x804097c', '0x8040984', '0x804098c', '0x8040994', '0x804099c']
type: cond
adj_instr: 0x80409bc
log_idx: 265
log_node.dest_addr: 0x80403de
 
Current node
start_addr: 0x80403de
end_addr: 0x80403e6
successors: ['0x80403ea', '0x80409a4']
parents: ['0x80409a4', '0x80409b4', '0x80409ae']
type: cond
adj_instr: 0x80403ea
log_idx: 266
log_node.dest_addr: 0x80403ea
 
Current node
start_addr: 0x80403ea
end_addr: 0x80403f4
successors: ['0x80405d8', '0x80405e0', '0x80405e8', '0x80405f0', '0x80405f8', '0x8040600', '0x8040608', '0x8040610', '0x8040618', '0x8040620', '0x8040628', '0x8040630', '0x8040638', '0x8040640', '0x8040648', '0x8040650', '0x8040658', '0x8040660', '0x8040668', '0x8040670', '0x8040678', '0x8040680', '0x8040688', '0x8040690', '0x8040698', '0x80406a0', '0x80406a8', '0x80406b0', '0x80406b8', '0x80406c0', '0x80406c8', '0x80406dc', '0x80406e4', '0x80406ec', '0x80406f4', '0x80406fc', '0x8040704', '0x804070c', '0x8040714', '0x804071c', '0x8040724', '0x804072c', '0x8040734', '0x804073c', '0x8040744', '0x804074c', '0x8040754', '0x804075c', '0x8040764', '0x804076c', '0x8040774', '0x804077c', '0x8040784', '0x804078c', '0x8040794', '0x804079c', '0x80407a4', '0x80407ac', '0x80407b4', '0x80407bc', '0x80407c4', '0x80407cc', '0x80407d4', '0x80407dc', '0x80407e4', '0x80407ec', '0x80407f4', '0x80407fc', '0x8040804', '0x804080c', '0x8040814', '0x804081c', '0x8040824', '0x804082c', '0x8040834', '0x804083c', '0x8040844', '0x804084c', '0x8040854', '0x804085c', '0x8040864', '0x804086c', '0x8040874', '0x804087c', '0x8040884', '0x804088c', '0x8040894', '0x804089c', '0x80408a4', '0x80408ac', '0x80408b4', '0x80408bc', '0x80408c4', '0x80408cc', '0x80408d4', '0x80408dc', '0x80408e4', '0x80408ec', '0x80408f4', '0x80408fc', '0x8040904', '0x804090c', '0x8040914', '0x804091c', '0x8040924', '0x804092c', '0x8040934', '0x804093c', '0x8040944', '0x804094c', '0x8040954', '0x804095c', '0x8040964', '0x804096c', '0x8040974', '0x804097c', '0x8040984', '0x804098c', '0x8040994', '0x804099c']
parents: ['0x80403de']
type: uncond
adj_instr: 0x80405d8
log_idx: 267
log_node.dest_addr: 0x8040688
 
Current node
start_addr: 0x8040688
end_addr: 0x804068e
successors: ['0x80409ae']
parents: ['0x80403ea']
type: uncond
adj_instr: 0x8040690
log_idx: 268
log_node.dest_addr: 0x80403de
-----
changed node
start_addr: 0x80409ae
end_addr: 0x80409b8
successors: ['0x80409bc', '0x80403de']
parents: ['0x80405d8', '0x80405e0', '0x80405e8', '0x80405f0', '0x80405f8', '0x8040600', '0x8040608', '0x8040610', '0x8040618', '0x8040620', '0x8040628', '0x8040630', '0x8040638', '0x8040640', '0x8040648', '0x8040650', '0x8040658', '0x8040660', '0x8040668', '0x8040670', '0x8040678', '0x8040680', '0x8040688', '0x8040690', '0x8040698', '0x80406a0', '0x80406a8', '0x80406b0', '0x80406b8', '0x80406c0', '0x80406c8', '0x80406dc', '0x80406e4', '0x80406ec', '0x80406f4', '0x80406fc', '0x8040704', '0x804070c', '0x8040714', '0x804071c', '0x8040724', '0x804072c', '0x8040734', '0x804073c', '0x8040744', '0x804074c', '0x8040754', '0x804075c', '0x8040764', '0x804076c', '0x8040774', '0x804077c', '0x8040784', '0x804078c', '0x8040794', '0x804079c', '0x80407a4', '0x80407ac', '0x80407b4', '0x80407bc', '0x80407c4', '0x80407cc', '0x80407d4', '0x80407dc', '0x80407e4', '0x80407ec', '0x80407f4', '0x80407fc', '0x8040804', '0x804080c', '0x8040814', '0x804081c', '0x8040824', '0x804082c', '0x8040834', '0x804083c', '0x8040844', '0x804084c', '0x8040854', '0x804085c', '0x8040864', '0x804086c', '0x8040874', '0x804087c', '0x8040884', '0x804088c', '0x8040894', '0x804089c', '0x80408a4', '0x80408ac', '0x80408b4', '0x80408bc', '0x80408c4', '0x80408cc', '0x80408d4', '0x80408dc', '0x80408e4', '0x80408ec', '0x80408f4', '0x80408fc', '0x8040904', '0x804090c', '0x8040914', '0x804091c', '0x8040924', '0x804092c', '0x8040934', '0x804093c', '0x8040944', '0x804094c', '0x8040954', '0x804095c', '0x8040964', '0x804096c', '0x8040974', '0x804097c', '0x8040984', '0x804098c', '0x8040994', '0x804099c']
type: cond
adj_instr: 0x80409bc
-----
 
Current node
start_addr: 0x80409ae
end_addr: 0x80409b8
successors: ['0x80409bc', '0x80403de']
parents: ['0x80405d8', '0x80405e0', '0x80405e8', '0x80405f0', '0x80405f8', '0x8040600', '0x8040608', '0x8040610', '0x8040618', '0x8040620', '0x8040628', '0x8040630', '0x8040638', '0x8040640', '0x8040648', '0x8040650', '0x8040658', '0x8040660', '0x8040668', '0x8040670', '0x8040678', '0x8040680', '0x8040688', '0x8040690', '0x8040698', '0x80406a0', '0x80406a8', '0x80406b0', '0x80406b8', '0x80406c0', '0x80406c8', '0x80406dc', '0x80406e4', '0x80406ec', '0x80406f4', '0x80406fc', '0x8040704', '0x804070c', '0x8040714', '0x804071c', '0x8040724', '0x804072c', '0x8040734', '0x804073c', '0x8040744', '0x804074c', '0x8040754', '0x804075c', '0x8040764', '0x804076c', '0x8040774', '0x804077c', '0x8040784', '0x804078c', '0x8040794', '0x804079c', '0x80407a4', '0x80407ac', '0x80407b4', '0x80407bc', '0x80407c4', '0x80407cc', '0x80407d4', '0x80407dc', '0x80407e4', '0x80407ec', '0x80407f4', '0x80407fc', '0x8040804', '0x804080c', '0x8040814', '0x804081c', '0x8040824', '0x804082c', '0x8040834', '0x804083c', '0x8040844', '0x804084c', '0x8040854', '0x804085c', '0x8040864', '0x804086c', '0x8040874', '0x804087c', '0x8040884', '0x804088c', '0x8040894', '0x804089c', '0x80408a4', '0x80408ac', '0x80408b4', '0x80408bc', '0x80408c4', '0x80408cc', '0x80408d4', '0x80408dc', '0x80408e4', '0x80408ec', '0x80408f4', '0x80408fc', '0x8040904', '0x804090c', '0x8040914', '0x804091c', '0x8040924', '0x804092c', '0x8040934', '0x804093c', '0x8040944', '0x804094c', '0x8040954', '0x804095c', '0x8040964', '0x804096c', '0x8040974', '0x804097c', '0x8040984', '0x804098c', '0x8040994', '0x804099c']
type: cond
adj_instr: 0x80409bc
log_idx: 268
log_node.dest_addr: 0x80403de
 
Current node
start_addr: 0x80403de
end_addr: 0x80403e6
successors: ['0x80403ea', '0x80409a4']
parents: ['0x80409a4', '0x80409b4', '0x80409ae']
type: cond
adj_instr: 0x80403ea
log_idx: 269
log_node.dest_addr: 0x80403ea
 
Current node
start_addr: 0x80403ea
end_addr: 0x80403f4
successors: ['0x80405d8', '0x80405e0', '0x80405e8', '0x80405f0', '0x80405f8', '0x8040600', '0x8040608', '0x8040610', '0x8040618', '0x8040620', '0x8040628', '0x8040630', '0x8040638', '0x8040640', '0x8040648', '0x8040650', '0x8040658', '0x8040660', '0x8040668', '0x8040670', '0x8040678', '0x8040680', '0x8040688', '0x8040690', '0x8040698', '0x80406a0', '0x80406a8', '0x80406b0', '0x80406b8', '0x80406c0', '0x80406c8', '0x80406dc', '0x80406e4', '0x80406ec', '0x80406f4', '0x80406fc', '0x8040704', '0x804070c', '0x8040714', '0x804071c', '0x8040724', '0x804072c', '0x8040734', '0x804073c', '0x8040744', '0x804074c', '0x8040754', '0x804075c', '0x8040764', '0x804076c', '0x8040774', '0x804077c', '0x8040784', '0x804078c', '0x8040794', '0x804079c', '0x80407a4', '0x80407ac', '0x80407b4', '0x80407bc', '0x80407c4', '0x80407cc', '0x80407d4', '0x80407dc', '0x80407e4', '0x80407ec', '0x80407f4', '0x80407fc', '0x8040804', '0x804080c', '0x8040814', '0x804081c', '0x8040824', '0x804082c', '0x8040834', '0x804083c', '0x8040844', '0x804084c', '0x8040854', '0x804085c', '0x8040864', '0x804086c', '0x8040874', '0x804087c', '0x8040884', '0x804088c', '0x8040894', '0x804089c', '0x80408a4', '0x80408ac', '0x80408b4', '0x80408bc', '0x80408c4', '0x80408cc', '0x80408d4', '0x80408dc', '0x80408e4', '0x80408ec', '0x80408f4', '0x80408fc', '0x8040904', '0x804090c', '0x8040914', '0x804091c', '0x8040924', '0x804092c', '0x8040934', '0x804093c', '0x8040944', '0x804094c', '0x8040954', '0x804095c', '0x8040964', '0x804096c', '0x8040974', '0x804097c', '0x8040984', '0x804098c', '0x8040994', '0x804099c']
parents: ['0x80403de']
type: uncond
adj_instr: 0x80405d8
log_idx: 270
log_node.dest_addr: 0x8040690
 
Current node
start_addr: 0x8040690
end_addr: 0x8040696
successors: ['0x80409ae']
parents: ['0x80403ea']
type: uncond
adj_instr: 0x8040698
log_idx: 271
log_node.dest_addr: 0x80403de
-----
changed node
start_addr: 0x80409ae
end_addr: 0x80409b8
successors: ['0x80409bc', '0x80403de']
parents: ['0x80405d8', '0x80405e0', '0x80405e8', '0x80405f0', '0x80405f8', '0x8040600', '0x8040608', '0x8040610', '0x8040618', '0x8040620', '0x8040628', '0x8040630', '0x8040638', '0x8040640', '0x8040648', '0x8040650', '0x8040658', '0x8040660', '0x8040668', '0x8040670', '0x8040678', '0x8040680', '0x8040688', '0x8040690', '0x8040698', '0x80406a0', '0x80406a8', '0x80406b0', '0x80406b8', '0x80406c0', '0x80406c8', '0x80406dc', '0x80406e4', '0x80406ec', '0x80406f4', '0x80406fc', '0x8040704', '0x804070c', '0x8040714', '0x804071c', '0x8040724', '0x804072c', '0x8040734', '0x804073c', '0x8040744', '0x804074c', '0x8040754', '0x804075c', '0x8040764', '0x804076c', '0x8040774', '0x804077c', '0x8040784', '0x804078c', '0x8040794', '0x804079c', '0x80407a4', '0x80407ac', '0x80407b4', '0x80407bc', '0x80407c4', '0x80407cc', '0x80407d4', '0x80407dc', '0x80407e4', '0x80407ec', '0x80407f4', '0x80407fc', '0x8040804', '0x804080c', '0x8040814', '0x804081c', '0x8040824', '0x804082c', '0x8040834', '0x804083c', '0x8040844', '0x804084c', '0x8040854', '0x804085c', '0x8040864', '0x804086c', '0x8040874', '0x804087c', '0x8040884', '0x804088c', '0x8040894', '0x804089c', '0x80408a4', '0x80408ac', '0x80408b4', '0x80408bc', '0x80408c4', '0x80408cc', '0x80408d4', '0x80408dc', '0x80408e4', '0x80408ec', '0x80408f4', '0x80408fc', '0x8040904', '0x804090c', '0x8040914', '0x804091c', '0x8040924', '0x804092c', '0x8040934', '0x804093c', '0x8040944', '0x804094c', '0x8040954', '0x804095c', '0x8040964', '0x804096c', '0x8040974', '0x804097c', '0x8040984', '0x804098c', '0x8040994', '0x804099c']
type: cond
adj_instr: 0x80409bc
-----
 
Current node
start_addr: 0x80409ae
end_addr: 0x80409b8
successors: ['0x80409bc', '0x80403de']
parents: ['0x80405d8', '0x80405e0', '0x80405e8', '0x80405f0', '0x80405f8', '0x8040600', '0x8040608', '0x8040610', '0x8040618', '0x8040620', '0x8040628', '0x8040630', '0x8040638', '0x8040640', '0x8040648', '0x8040650', '0x8040658', '0x8040660', '0x8040668', '0x8040670', '0x8040678', '0x8040680', '0x8040688', '0x8040690', '0x8040698', '0x80406a0', '0x80406a8', '0x80406b0', '0x80406b8', '0x80406c0', '0x80406c8', '0x80406dc', '0x80406e4', '0x80406ec', '0x80406f4', '0x80406fc', '0x8040704', '0x804070c', '0x8040714', '0x804071c', '0x8040724', '0x804072c', '0x8040734', '0x804073c', '0x8040744', '0x804074c', '0x8040754', '0x804075c', '0x8040764', '0x804076c', '0x8040774', '0x804077c', '0x8040784', '0x804078c', '0x8040794', '0x804079c', '0x80407a4', '0x80407ac', '0x80407b4', '0x80407bc', '0x80407c4', '0x80407cc', '0x80407d4', '0x80407dc', '0x80407e4', '0x80407ec', '0x80407f4', '0x80407fc', '0x8040804', '0x804080c', '0x8040814', '0x804081c', '0x8040824', '0x804082c', '0x8040834', '0x804083c', '0x8040844', '0x804084c', '0x8040854', '0x804085c', '0x8040864', '0x804086c', '0x8040874', '0x804087c', '0x8040884', '0x804088c', '0x8040894', '0x804089c', '0x80408a4', '0x80408ac', '0x80408b4', '0x80408bc', '0x80408c4', '0x80408cc', '0x80408d4', '0x80408dc', '0x80408e4', '0x80408ec', '0x80408f4', '0x80408fc', '0x8040904', '0x804090c', '0x8040914', '0x804091c', '0x8040924', '0x804092c', '0x8040934', '0x804093c', '0x8040944', '0x804094c', '0x8040954', '0x804095c', '0x8040964', '0x804096c', '0x8040974', '0x804097c', '0x8040984', '0x804098c', '0x8040994', '0x804099c']
type: cond
adj_instr: 0x80409bc
log_idx: 271
log_node.dest_addr: 0x80403de
 
Current node
start_addr: 0x80403de
end_addr: 0x80403e6
successors: ['0x80403ea', '0x80409a4']
parents: ['0x80409a4', '0x80409b4', '0x80409ae']
type: cond
adj_instr: 0x80403ea
log_idx: 272
log_node.dest_addr: 0x80403ea
 
Current node
start_addr: 0x80403ea
end_addr: 0x80403f4
successors: ['0x80405d8', '0x80405e0', '0x80405e8', '0x80405f0', '0x80405f8', '0x8040600', '0x8040608', '0x8040610', '0x8040618', '0x8040620', '0x8040628', '0x8040630', '0x8040638', '0x8040640', '0x8040648', '0x8040650', '0x8040658', '0x8040660', '0x8040668', '0x8040670', '0x8040678', '0x8040680', '0x8040688', '0x8040690', '0x8040698', '0x80406a0', '0x80406a8', '0x80406b0', '0x80406b8', '0x80406c0', '0x80406c8', '0x80406dc', '0x80406e4', '0x80406ec', '0x80406f4', '0x80406fc', '0x8040704', '0x804070c', '0x8040714', '0x804071c', '0x8040724', '0x804072c', '0x8040734', '0x804073c', '0x8040744', '0x804074c', '0x8040754', '0x804075c', '0x8040764', '0x804076c', '0x8040774', '0x804077c', '0x8040784', '0x804078c', '0x8040794', '0x804079c', '0x80407a4', '0x80407ac', '0x80407b4', '0x80407bc', '0x80407c4', '0x80407cc', '0x80407d4', '0x80407dc', '0x80407e4', '0x80407ec', '0x80407f4', '0x80407fc', '0x8040804', '0x804080c', '0x8040814', '0x804081c', '0x8040824', '0x804082c', '0x8040834', '0x804083c', '0x8040844', '0x804084c', '0x8040854', '0x804085c', '0x8040864', '0x804086c', '0x8040874', '0x804087c', '0x8040884', '0x804088c', '0x8040894', '0x804089c', '0x80408a4', '0x80408ac', '0x80408b4', '0x80408bc', '0x80408c4', '0x80408cc', '0x80408d4', '0x80408dc', '0x80408e4', '0x80408ec', '0x80408f4', '0x80408fc', '0x8040904', '0x804090c', '0x8040914', '0x804091c', '0x8040924', '0x804092c', '0x8040934', '0x804093c', '0x8040944', '0x804094c', '0x8040954', '0x804095c', '0x8040964', '0x804096c', '0x8040974', '0x804097c', '0x8040984', '0x804098c', '0x8040994', '0x804099c']
parents: ['0x80403de']
type: uncond
adj_instr: 0x80405d8
log_idx: 273
log_node.dest_addr: 0x8040698
 
Current node
start_addr: 0x8040698
end_addr: 0x804069e
successors: ['0x80409ae']
parents: ['0x80403ea']
type: uncond
adj_instr: 0x80406a0
log_idx: 274
log_node.dest_addr: 0x80403de
-----
changed node
start_addr: 0x80409ae
end_addr: 0x80409b8
successors: ['0x80409bc', '0x80403de']
parents: ['0x80405d8', '0x80405e0', '0x80405e8', '0x80405f0', '0x80405f8', '0x8040600', '0x8040608', '0x8040610', '0x8040618', '0x8040620', '0x8040628', '0x8040630', '0x8040638', '0x8040640', '0x8040648', '0x8040650', '0x8040658', '0x8040660', '0x8040668', '0x8040670', '0x8040678', '0x8040680', '0x8040688', '0x8040690', '0x8040698', '0x80406a0', '0x80406a8', '0x80406b0', '0x80406b8', '0x80406c0', '0x80406c8', '0x80406dc', '0x80406e4', '0x80406ec', '0x80406f4', '0x80406fc', '0x8040704', '0x804070c', '0x8040714', '0x804071c', '0x8040724', '0x804072c', '0x8040734', '0x804073c', '0x8040744', '0x804074c', '0x8040754', '0x804075c', '0x8040764', '0x804076c', '0x8040774', '0x804077c', '0x8040784', '0x804078c', '0x8040794', '0x804079c', '0x80407a4', '0x80407ac', '0x80407b4', '0x80407bc', '0x80407c4', '0x80407cc', '0x80407d4', '0x80407dc', '0x80407e4', '0x80407ec', '0x80407f4', '0x80407fc', '0x8040804', '0x804080c', '0x8040814', '0x804081c', '0x8040824', '0x804082c', '0x8040834', '0x804083c', '0x8040844', '0x804084c', '0x8040854', '0x804085c', '0x8040864', '0x804086c', '0x8040874', '0x804087c', '0x8040884', '0x804088c', '0x8040894', '0x804089c', '0x80408a4', '0x80408ac', '0x80408b4', '0x80408bc', '0x80408c4', '0x80408cc', '0x80408d4', '0x80408dc', '0x80408e4', '0x80408ec', '0x80408f4', '0x80408fc', '0x8040904', '0x804090c', '0x8040914', '0x804091c', '0x8040924', '0x804092c', '0x8040934', '0x804093c', '0x8040944', '0x804094c', '0x8040954', '0x804095c', '0x8040964', '0x804096c', '0x8040974', '0x804097c', '0x8040984', '0x804098c', '0x8040994', '0x804099c']
type: cond
adj_instr: 0x80409bc
-----
 
Current node
start_addr: 0x80409ae
end_addr: 0x80409b8
successors: ['0x80409bc', '0x80403de']
parents: ['0x80405d8', '0x80405e0', '0x80405e8', '0x80405f0', '0x80405f8', '0x8040600', '0x8040608', '0x8040610', '0x8040618', '0x8040620', '0x8040628', '0x8040630', '0x8040638', '0x8040640', '0x8040648', '0x8040650', '0x8040658', '0x8040660', '0x8040668', '0x8040670', '0x8040678', '0x8040680', '0x8040688', '0x8040690', '0x8040698', '0x80406a0', '0x80406a8', '0x80406b0', '0x80406b8', '0x80406c0', '0x80406c8', '0x80406dc', '0x80406e4', '0x80406ec', '0x80406f4', '0x80406fc', '0x8040704', '0x804070c', '0x8040714', '0x804071c', '0x8040724', '0x804072c', '0x8040734', '0x804073c', '0x8040744', '0x804074c', '0x8040754', '0x804075c', '0x8040764', '0x804076c', '0x8040774', '0x804077c', '0x8040784', '0x804078c', '0x8040794', '0x804079c', '0x80407a4', '0x80407ac', '0x80407b4', '0x80407bc', '0x80407c4', '0x80407cc', '0x80407d4', '0x80407dc', '0x80407e4', '0x80407ec', '0x80407f4', '0x80407fc', '0x8040804', '0x804080c', '0x8040814', '0x804081c', '0x8040824', '0x804082c', '0x8040834', '0x804083c', '0x8040844', '0x804084c', '0x8040854', '0x804085c', '0x8040864', '0x804086c', '0x8040874', '0x804087c', '0x8040884', '0x804088c', '0x8040894', '0x804089c', '0x80408a4', '0x80408ac', '0x80408b4', '0x80408bc', '0x80408c4', '0x80408cc', '0x80408d4', '0x80408dc', '0x80408e4', '0x80408ec', '0x80408f4', '0x80408fc', '0x8040904', '0x804090c', '0x8040914', '0x804091c', '0x8040924', '0x804092c', '0x8040934', '0x804093c', '0x8040944', '0x804094c', '0x8040954', '0x804095c', '0x8040964', '0x804096c', '0x8040974', '0x804097c', '0x8040984', '0x804098c', '0x8040994', '0x804099c']
type: cond
adj_instr: 0x80409bc
log_idx: 274
log_node.dest_addr: 0x80403de
 
Current node
start_addr: 0x80403de
end_addr: 0x80403e6
successors: ['0x80403ea', '0x80409a4']
parents: ['0x80409a4', '0x80409b4', '0x80409ae']
type: cond
adj_instr: 0x80403ea
log_idx: 275
log_node.dest_addr: 0x80403ea
 
Current node
start_addr: 0x80403ea
end_addr: 0x80403f4
successors: ['0x80405d8', '0x80405e0', '0x80405e8', '0x80405f0', '0x80405f8', '0x8040600', '0x8040608', '0x8040610', '0x8040618', '0x8040620', '0x8040628', '0x8040630', '0x8040638', '0x8040640', '0x8040648', '0x8040650', '0x8040658', '0x8040660', '0x8040668', '0x8040670', '0x8040678', '0x8040680', '0x8040688', '0x8040690', '0x8040698', '0x80406a0', '0x80406a8', '0x80406b0', '0x80406b8', '0x80406c0', '0x80406c8', '0x80406dc', '0x80406e4', '0x80406ec', '0x80406f4', '0x80406fc', '0x8040704', '0x804070c', '0x8040714', '0x804071c', '0x8040724', '0x804072c', '0x8040734', '0x804073c', '0x8040744', '0x804074c', '0x8040754', '0x804075c', '0x8040764', '0x804076c', '0x8040774', '0x804077c', '0x8040784', '0x804078c', '0x8040794', '0x804079c', '0x80407a4', '0x80407ac', '0x80407b4', '0x80407bc', '0x80407c4', '0x80407cc', '0x80407d4', '0x80407dc', '0x80407e4', '0x80407ec', '0x80407f4', '0x80407fc', '0x8040804', '0x804080c', '0x8040814', '0x804081c', '0x8040824', '0x804082c', '0x8040834', '0x804083c', '0x8040844', '0x804084c', '0x8040854', '0x804085c', '0x8040864', '0x804086c', '0x8040874', '0x804087c', '0x8040884', '0x804088c', '0x8040894', '0x804089c', '0x80408a4', '0x80408ac', '0x80408b4', '0x80408bc', '0x80408c4', '0x80408cc', '0x80408d4', '0x80408dc', '0x80408e4', '0x80408ec', '0x80408f4', '0x80408fc', '0x8040904', '0x804090c', '0x8040914', '0x804091c', '0x8040924', '0x804092c', '0x8040934', '0x804093c', '0x8040944', '0x804094c', '0x8040954', '0x804095c', '0x8040964', '0x804096c', '0x8040974', '0x804097c', '0x8040984', '0x804098c', '0x8040994', '0x804099c']
parents: ['0x80403de']
type: uncond
adj_instr: 0x80405d8
log_idx: 276
log_node.dest_addr: 0x80406a0
 
Current node
start_addr: 0x80406a0
end_addr: 0x80406a6
successors: ['0x80409ae']
parents: ['0x80403ea']
type: uncond
adj_instr: 0x80406a8
log_idx: 277
log_node.dest_addr: 0x80403de
-----
changed node
start_addr: 0x80409ae
end_addr: 0x80409b8
successors: ['0x80409bc', '0x80403de']
parents: ['0x80405d8', '0x80405e0', '0x80405e8', '0x80405f0', '0x80405f8', '0x8040600', '0x8040608', '0x8040610', '0x8040618', '0x8040620', '0x8040628', '0x8040630', '0x8040638', '0x8040640', '0x8040648', '0x8040650', '0x8040658', '0x8040660', '0x8040668', '0x8040670', '0x8040678', '0x8040680', '0x8040688', '0x8040690', '0x8040698', '0x80406a0', '0x80406a8', '0x80406b0', '0x80406b8', '0x80406c0', '0x80406c8', '0x80406dc', '0x80406e4', '0x80406ec', '0x80406f4', '0x80406fc', '0x8040704', '0x804070c', '0x8040714', '0x804071c', '0x8040724', '0x804072c', '0x8040734', '0x804073c', '0x8040744', '0x804074c', '0x8040754', '0x804075c', '0x8040764', '0x804076c', '0x8040774', '0x804077c', '0x8040784', '0x804078c', '0x8040794', '0x804079c', '0x80407a4', '0x80407ac', '0x80407b4', '0x80407bc', '0x80407c4', '0x80407cc', '0x80407d4', '0x80407dc', '0x80407e4', '0x80407ec', '0x80407f4', '0x80407fc', '0x8040804', '0x804080c', '0x8040814', '0x804081c', '0x8040824', '0x804082c', '0x8040834', '0x804083c', '0x8040844', '0x804084c', '0x8040854', '0x804085c', '0x8040864', '0x804086c', '0x8040874', '0x804087c', '0x8040884', '0x804088c', '0x8040894', '0x804089c', '0x80408a4', '0x80408ac', '0x80408b4', '0x80408bc', '0x80408c4', '0x80408cc', '0x80408d4', '0x80408dc', '0x80408e4', '0x80408ec', '0x80408f4', '0x80408fc', '0x8040904', '0x804090c', '0x8040914', '0x804091c', '0x8040924', '0x804092c', '0x8040934', '0x804093c', '0x8040944', '0x804094c', '0x8040954', '0x804095c', '0x8040964', '0x804096c', '0x8040974', '0x804097c', '0x8040984', '0x804098c', '0x8040994', '0x804099c']
type: cond
adj_instr: 0x80409bc
-----
 
Current node
start_addr: 0x80409ae
end_addr: 0x80409b8
successors: ['0x80409bc', '0x80403de']
parents: ['0x80405d8', '0x80405e0', '0x80405e8', '0x80405f0', '0x80405f8', '0x8040600', '0x8040608', '0x8040610', '0x8040618', '0x8040620', '0x8040628', '0x8040630', '0x8040638', '0x8040640', '0x8040648', '0x8040650', '0x8040658', '0x8040660', '0x8040668', '0x8040670', '0x8040678', '0x8040680', '0x8040688', '0x8040690', '0x8040698', '0x80406a0', '0x80406a8', '0x80406b0', '0x80406b8', '0x80406c0', '0x80406c8', '0x80406dc', '0x80406e4', '0x80406ec', '0x80406f4', '0x80406fc', '0x8040704', '0x804070c', '0x8040714', '0x804071c', '0x8040724', '0x804072c', '0x8040734', '0x804073c', '0x8040744', '0x804074c', '0x8040754', '0x804075c', '0x8040764', '0x804076c', '0x8040774', '0x804077c', '0x8040784', '0x804078c', '0x8040794', '0x804079c', '0x80407a4', '0x80407ac', '0x80407b4', '0x80407bc', '0x80407c4', '0x80407cc', '0x80407d4', '0x80407dc', '0x80407e4', '0x80407ec', '0x80407f4', '0x80407fc', '0x8040804', '0x804080c', '0x8040814', '0x804081c', '0x8040824', '0x804082c', '0x8040834', '0x804083c', '0x8040844', '0x804084c', '0x8040854', '0x804085c', '0x8040864', '0x804086c', '0x8040874', '0x804087c', '0x8040884', '0x804088c', '0x8040894', '0x804089c', '0x80408a4', '0x80408ac', '0x80408b4', '0x80408bc', '0x80408c4', '0x80408cc', '0x80408d4', '0x80408dc', '0x80408e4', '0x80408ec', '0x80408f4', '0x80408fc', '0x8040904', '0x804090c', '0x8040914', '0x804091c', '0x8040924', '0x804092c', '0x8040934', '0x804093c', '0x8040944', '0x804094c', '0x8040954', '0x804095c', '0x8040964', '0x804096c', '0x8040974', '0x804097c', '0x8040984', '0x804098c', '0x8040994', '0x804099c']
type: cond
adj_instr: 0x80409bc
log_idx: 277
log_node.dest_addr: 0x80403de
 
Current node
start_addr: 0x80403de
end_addr: 0x80403e6
successors: ['0x80403ea', '0x80409a4']
parents: ['0x80409a4', '0x80409b4', '0x80409ae']
type: cond
adj_instr: 0x80403ea
log_idx: 278
log_node.dest_addr: 0x80403ea
 
Current node
start_addr: 0x80403ea
end_addr: 0x80403f4
successors: ['0x80405d8', '0x80405e0', '0x80405e8', '0x80405f0', '0x80405f8', '0x8040600', '0x8040608', '0x8040610', '0x8040618', '0x8040620', '0x8040628', '0x8040630', '0x8040638', '0x8040640', '0x8040648', '0x8040650', '0x8040658', '0x8040660', '0x8040668', '0x8040670', '0x8040678', '0x8040680', '0x8040688', '0x8040690', '0x8040698', '0x80406a0', '0x80406a8', '0x80406b0', '0x80406b8', '0x80406c0', '0x80406c8', '0x80406dc', '0x80406e4', '0x80406ec', '0x80406f4', '0x80406fc', '0x8040704', '0x804070c', '0x8040714', '0x804071c', '0x8040724', '0x804072c', '0x8040734', '0x804073c', '0x8040744', '0x804074c', '0x8040754', '0x804075c', '0x8040764', '0x804076c', '0x8040774', '0x804077c', '0x8040784', '0x804078c', '0x8040794', '0x804079c', '0x80407a4', '0x80407ac', '0x80407b4', '0x80407bc', '0x80407c4', '0x80407cc', '0x80407d4', '0x80407dc', '0x80407e4', '0x80407ec', '0x80407f4', '0x80407fc', '0x8040804', '0x804080c', '0x8040814', '0x804081c', '0x8040824', '0x804082c', '0x8040834', '0x804083c', '0x8040844', '0x804084c', '0x8040854', '0x804085c', '0x8040864', '0x804086c', '0x8040874', '0x804087c', '0x8040884', '0x804088c', '0x8040894', '0x804089c', '0x80408a4', '0x80408ac', '0x80408b4', '0x80408bc', '0x80408c4', '0x80408cc', '0x80408d4', '0x80408dc', '0x80408e4', '0x80408ec', '0x80408f4', '0x80408fc', '0x8040904', '0x804090c', '0x8040914', '0x804091c', '0x8040924', '0x804092c', '0x8040934', '0x804093c', '0x8040944', '0x804094c', '0x8040954', '0x804095c', '0x8040964', '0x804096c', '0x8040974', '0x804097c', '0x8040984', '0x804098c', '0x8040994', '0x804099c']
parents: ['0x80403de']
type: uncond
adj_instr: 0x80405d8
log_idx: 279
log_node.dest_addr: 0x80406a8
 
Current node
start_addr: 0x80406a8
end_addr: 0x80406ae
successors: ['0x80409ae']
parents: ['0x80403ea']
type: uncond
adj_instr: 0x80406b0
log_idx: 280
log_node.dest_addr: 0x80403de
-----
changed node
start_addr: 0x80409ae
end_addr: 0x80409b8
successors: ['0x80409bc', '0x80403de']
parents: ['0x80405d8', '0x80405e0', '0x80405e8', '0x80405f0', '0x80405f8', '0x8040600', '0x8040608', '0x8040610', '0x8040618', '0x8040620', '0x8040628', '0x8040630', '0x8040638', '0x8040640', '0x8040648', '0x8040650', '0x8040658', '0x8040660', '0x8040668', '0x8040670', '0x8040678', '0x8040680', '0x8040688', '0x8040690', '0x8040698', '0x80406a0', '0x80406a8', '0x80406b0', '0x80406b8', '0x80406c0', '0x80406c8', '0x80406dc', '0x80406e4', '0x80406ec', '0x80406f4', '0x80406fc', '0x8040704', '0x804070c', '0x8040714', '0x804071c', '0x8040724', '0x804072c', '0x8040734', '0x804073c', '0x8040744', '0x804074c', '0x8040754', '0x804075c', '0x8040764', '0x804076c', '0x8040774', '0x804077c', '0x8040784', '0x804078c', '0x8040794', '0x804079c', '0x80407a4', '0x80407ac', '0x80407b4', '0x80407bc', '0x80407c4', '0x80407cc', '0x80407d4', '0x80407dc', '0x80407e4', '0x80407ec', '0x80407f4', '0x80407fc', '0x8040804', '0x804080c', '0x8040814', '0x804081c', '0x8040824', '0x804082c', '0x8040834', '0x804083c', '0x8040844', '0x804084c', '0x8040854', '0x804085c', '0x8040864', '0x804086c', '0x8040874', '0x804087c', '0x8040884', '0x804088c', '0x8040894', '0x804089c', '0x80408a4', '0x80408ac', '0x80408b4', '0x80408bc', '0x80408c4', '0x80408cc', '0x80408d4', '0x80408dc', '0x80408e4', '0x80408ec', '0x80408f4', '0x80408fc', '0x8040904', '0x804090c', '0x8040914', '0x804091c', '0x8040924', '0x804092c', '0x8040934', '0x804093c', '0x8040944', '0x804094c', '0x8040954', '0x804095c', '0x8040964', '0x804096c', '0x8040974', '0x804097c', '0x8040984', '0x804098c', '0x8040994', '0x804099c']
type: cond
adj_instr: 0x80409bc
-----
 
Current node
start_addr: 0x80409ae
end_addr: 0x80409b8
successors: ['0x80409bc', '0x80403de']
parents: ['0x80405d8', '0x80405e0', '0x80405e8', '0x80405f0', '0x80405f8', '0x8040600', '0x8040608', '0x8040610', '0x8040618', '0x8040620', '0x8040628', '0x8040630', '0x8040638', '0x8040640', '0x8040648', '0x8040650', '0x8040658', '0x8040660', '0x8040668', '0x8040670', '0x8040678', '0x8040680', '0x8040688', '0x8040690', '0x8040698', '0x80406a0', '0x80406a8', '0x80406b0', '0x80406b8', '0x80406c0', '0x80406c8', '0x80406dc', '0x80406e4', '0x80406ec', '0x80406f4', '0x80406fc', '0x8040704', '0x804070c', '0x8040714', '0x804071c', '0x8040724', '0x804072c', '0x8040734', '0x804073c', '0x8040744', '0x804074c', '0x8040754', '0x804075c', '0x8040764', '0x804076c', '0x8040774', '0x804077c', '0x8040784', '0x804078c', '0x8040794', '0x804079c', '0x80407a4', '0x80407ac', '0x80407b4', '0x80407bc', '0x80407c4', '0x80407cc', '0x80407d4', '0x80407dc', '0x80407e4', '0x80407ec', '0x80407f4', '0x80407fc', '0x8040804', '0x804080c', '0x8040814', '0x804081c', '0x8040824', '0x804082c', '0x8040834', '0x804083c', '0x8040844', '0x804084c', '0x8040854', '0x804085c', '0x8040864', '0x804086c', '0x8040874', '0x804087c', '0x8040884', '0x804088c', '0x8040894', '0x804089c', '0x80408a4', '0x80408ac', '0x80408b4', '0x80408bc', '0x80408c4', '0x80408cc', '0x80408d4', '0x80408dc', '0x80408e4', '0x80408ec', '0x80408f4', '0x80408fc', '0x8040904', '0x804090c', '0x8040914', '0x804091c', '0x8040924', '0x804092c', '0x8040934', '0x804093c', '0x8040944', '0x804094c', '0x8040954', '0x804095c', '0x8040964', '0x804096c', '0x8040974', '0x804097c', '0x8040984', '0x804098c', '0x8040994', '0x804099c']
type: cond
adj_instr: 0x80409bc
log_idx: 280
log_node.dest_addr: 0x80403de
 
Current node
start_addr: 0x80403de
end_addr: 0x80403e6
successors: ['0x80403ea', '0x80409a4']
parents: ['0x80409a4', '0x80409b4', '0x80409ae']
type: cond
adj_instr: 0x80403ea
log_idx: 281
log_node.dest_addr: 0x80403ea
 
Current node
start_addr: 0x80403ea
end_addr: 0x80403f4
successors: ['0x80405d8', '0x80405e0', '0x80405e8', '0x80405f0', '0x80405f8', '0x8040600', '0x8040608', '0x8040610', '0x8040618', '0x8040620', '0x8040628', '0x8040630', '0x8040638', '0x8040640', '0x8040648', '0x8040650', '0x8040658', '0x8040660', '0x8040668', '0x8040670', '0x8040678', '0x8040680', '0x8040688', '0x8040690', '0x8040698', '0x80406a0', '0x80406a8', '0x80406b0', '0x80406b8', '0x80406c0', '0x80406c8', '0x80406dc', '0x80406e4', '0x80406ec', '0x80406f4', '0x80406fc', '0x8040704', '0x804070c', '0x8040714', '0x804071c', '0x8040724', '0x804072c', '0x8040734', '0x804073c', '0x8040744', '0x804074c', '0x8040754', '0x804075c', '0x8040764', '0x804076c', '0x8040774', '0x804077c', '0x8040784', '0x804078c', '0x8040794', '0x804079c', '0x80407a4', '0x80407ac', '0x80407b4', '0x80407bc', '0x80407c4', '0x80407cc', '0x80407d4', '0x80407dc', '0x80407e4', '0x80407ec', '0x80407f4', '0x80407fc', '0x8040804', '0x804080c', '0x8040814', '0x804081c', '0x8040824', '0x804082c', '0x8040834', '0x804083c', '0x8040844', '0x804084c', '0x8040854', '0x804085c', '0x8040864', '0x804086c', '0x8040874', '0x804087c', '0x8040884', '0x804088c', '0x8040894', '0x804089c', '0x80408a4', '0x80408ac', '0x80408b4', '0x80408bc', '0x80408c4', '0x80408cc', '0x80408d4', '0x80408dc', '0x80408e4', '0x80408ec', '0x80408f4', '0x80408fc', '0x8040904', '0x804090c', '0x8040914', '0x804091c', '0x8040924', '0x804092c', '0x8040934', '0x804093c', '0x8040944', '0x804094c', '0x8040954', '0x804095c', '0x8040964', '0x804096c', '0x8040974', '0x804097c', '0x8040984', '0x804098c', '0x8040994', '0x804099c']
parents: ['0x80403de']
type: uncond
adj_instr: 0x80405d8
log_idx: 282
log_node.dest_addr: 0x80406b0
 
Current node
start_addr: 0x80406b0
end_addr: 0x80406b6
successors: ['0x80409ae']
parents: ['0x80403ea']
type: uncond
adj_instr: 0x80406b8
log_idx: 283
log_node.dest_addr: 0x80403de
-----
changed node
start_addr: 0x80409ae
end_addr: 0x80409b8
successors: ['0x80409bc', '0x80403de']
parents: ['0x80405d8', '0x80405e0', '0x80405e8', '0x80405f0', '0x80405f8', '0x8040600', '0x8040608', '0x8040610', '0x8040618', '0x8040620', '0x8040628', '0x8040630', '0x8040638', '0x8040640', '0x8040648', '0x8040650', '0x8040658', '0x8040660', '0x8040668', '0x8040670', '0x8040678', '0x8040680', '0x8040688', '0x8040690', '0x8040698', '0x80406a0', '0x80406a8', '0x80406b0', '0x80406b8', '0x80406c0', '0x80406c8', '0x80406dc', '0x80406e4', '0x80406ec', '0x80406f4', '0x80406fc', '0x8040704', '0x804070c', '0x8040714', '0x804071c', '0x8040724', '0x804072c', '0x8040734', '0x804073c', '0x8040744', '0x804074c', '0x8040754', '0x804075c', '0x8040764', '0x804076c', '0x8040774', '0x804077c', '0x8040784', '0x804078c', '0x8040794', '0x804079c', '0x80407a4', '0x80407ac', '0x80407b4', '0x80407bc', '0x80407c4', '0x80407cc', '0x80407d4', '0x80407dc', '0x80407e4', '0x80407ec', '0x80407f4', '0x80407fc', '0x8040804', '0x804080c', '0x8040814', '0x804081c', '0x8040824', '0x804082c', '0x8040834', '0x804083c', '0x8040844', '0x804084c', '0x8040854', '0x804085c', '0x8040864', '0x804086c', '0x8040874', '0x804087c', '0x8040884', '0x804088c', '0x8040894', '0x804089c', '0x80408a4', '0x80408ac', '0x80408b4', '0x80408bc', '0x80408c4', '0x80408cc', '0x80408d4', '0x80408dc', '0x80408e4', '0x80408ec', '0x80408f4', '0x80408fc', '0x8040904', '0x804090c', '0x8040914', '0x804091c', '0x8040924', '0x804092c', '0x8040934', '0x804093c', '0x8040944', '0x804094c', '0x8040954', '0x804095c', '0x8040964', '0x804096c', '0x8040974', '0x804097c', '0x8040984', '0x804098c', '0x8040994', '0x804099c']
type: cond
adj_instr: 0x80409bc
-----
 
Current node
start_addr: 0x80409ae
end_addr: 0x80409b8
successors: ['0x80409bc', '0x80403de']
parents: ['0x80405d8', '0x80405e0', '0x80405e8', '0x80405f0', '0x80405f8', '0x8040600', '0x8040608', '0x8040610', '0x8040618', '0x8040620', '0x8040628', '0x8040630', '0x8040638', '0x8040640', '0x8040648', '0x8040650', '0x8040658', '0x8040660', '0x8040668', '0x8040670', '0x8040678', '0x8040680', '0x8040688', '0x8040690', '0x8040698', '0x80406a0', '0x80406a8', '0x80406b0', '0x80406b8', '0x80406c0', '0x80406c8', '0x80406dc', '0x80406e4', '0x80406ec', '0x80406f4', '0x80406fc', '0x8040704', '0x804070c', '0x8040714', '0x804071c', '0x8040724', '0x804072c', '0x8040734', '0x804073c', '0x8040744', '0x804074c', '0x8040754', '0x804075c', '0x8040764', '0x804076c', '0x8040774', '0x804077c', '0x8040784', '0x804078c', '0x8040794', '0x804079c', '0x80407a4', '0x80407ac', '0x80407b4', '0x80407bc', '0x80407c4', '0x80407cc', '0x80407d4', '0x80407dc', '0x80407e4', '0x80407ec', '0x80407f4', '0x80407fc', '0x8040804', '0x804080c', '0x8040814', '0x804081c', '0x8040824', '0x804082c', '0x8040834', '0x804083c', '0x8040844', '0x804084c', '0x8040854', '0x804085c', '0x8040864', '0x804086c', '0x8040874', '0x804087c', '0x8040884', '0x804088c', '0x8040894', '0x804089c', '0x80408a4', '0x80408ac', '0x80408b4', '0x80408bc', '0x80408c4', '0x80408cc', '0x80408d4', '0x80408dc', '0x80408e4', '0x80408ec', '0x80408f4', '0x80408fc', '0x8040904', '0x804090c', '0x8040914', '0x804091c', '0x8040924', '0x804092c', '0x8040934', '0x804093c', '0x8040944', '0x804094c', '0x8040954', '0x804095c', '0x8040964', '0x804096c', '0x8040974', '0x804097c', '0x8040984', '0x804098c', '0x8040994', '0x804099c']
type: cond
adj_instr: 0x80409bc
log_idx: 283
log_node.dest_addr: 0x80403de
 
Current node
start_addr: 0x80403de
end_addr: 0x80403e6
successors: ['0x80403ea', '0x80409a4']
parents: ['0x80409a4', '0x80409b4', '0x80409ae']
type: cond
adj_instr: 0x80403ea
log_idx: 284
log_node.dest_addr: 0x80403ea
 
Current node
start_addr: 0x80403ea
end_addr: 0x80403f4
successors: ['0x80405d8', '0x80405e0', '0x80405e8', '0x80405f0', '0x80405f8', '0x8040600', '0x8040608', '0x8040610', '0x8040618', '0x8040620', '0x8040628', '0x8040630', '0x8040638', '0x8040640', '0x8040648', '0x8040650', '0x8040658', '0x8040660', '0x8040668', '0x8040670', '0x8040678', '0x8040680', '0x8040688', '0x8040690', '0x8040698', '0x80406a0', '0x80406a8', '0x80406b0', '0x80406b8', '0x80406c0', '0x80406c8', '0x80406dc', '0x80406e4', '0x80406ec', '0x80406f4', '0x80406fc', '0x8040704', '0x804070c', '0x8040714', '0x804071c', '0x8040724', '0x804072c', '0x8040734', '0x804073c', '0x8040744', '0x804074c', '0x8040754', '0x804075c', '0x8040764', '0x804076c', '0x8040774', '0x804077c', '0x8040784', '0x804078c', '0x8040794', '0x804079c', '0x80407a4', '0x80407ac', '0x80407b4', '0x80407bc', '0x80407c4', '0x80407cc', '0x80407d4', '0x80407dc', '0x80407e4', '0x80407ec', '0x80407f4', '0x80407fc', '0x8040804', '0x804080c', '0x8040814', '0x804081c', '0x8040824', '0x804082c', '0x8040834', '0x804083c', '0x8040844', '0x804084c', '0x8040854', '0x804085c', '0x8040864', '0x804086c', '0x8040874', '0x804087c', '0x8040884', '0x804088c', '0x8040894', '0x804089c', '0x80408a4', '0x80408ac', '0x80408b4', '0x80408bc', '0x80408c4', '0x80408cc', '0x80408d4', '0x80408dc', '0x80408e4', '0x80408ec', '0x80408f4', '0x80408fc', '0x8040904', '0x804090c', '0x8040914', '0x804091c', '0x8040924', '0x804092c', '0x8040934', '0x804093c', '0x8040944', '0x804094c', '0x8040954', '0x804095c', '0x8040964', '0x804096c', '0x8040974', '0x804097c', '0x8040984', '0x804098c', '0x8040994', '0x804099c']
parents: ['0x80403de']
type: uncond
adj_instr: 0x80405d8
log_idx: 285
log_node.dest_addr: 0x80406b8
 
Current node
start_addr: 0x80406b8
end_addr: 0x80406be
successors: ['0x80409ae']
parents: ['0x80403ea']
type: uncond
adj_instr: 0x80406c0
log_idx: 286
log_node.dest_addr: 0x80403de
-----
changed node
start_addr: 0x80409ae
end_addr: 0x80409b8
successors: ['0x80409bc', '0x80403de']
parents: ['0x80405d8', '0x80405e0', '0x80405e8', '0x80405f0', '0x80405f8', '0x8040600', '0x8040608', '0x8040610', '0x8040618', '0x8040620', '0x8040628', '0x8040630', '0x8040638', '0x8040640', '0x8040648', '0x8040650', '0x8040658', '0x8040660', '0x8040668', '0x8040670', '0x8040678', '0x8040680', '0x8040688', '0x8040690', '0x8040698', '0x80406a0', '0x80406a8', '0x80406b0', '0x80406b8', '0x80406c0', '0x80406c8', '0x80406dc', '0x80406e4', '0x80406ec', '0x80406f4', '0x80406fc', '0x8040704', '0x804070c', '0x8040714', '0x804071c', '0x8040724', '0x804072c', '0x8040734', '0x804073c', '0x8040744', '0x804074c', '0x8040754', '0x804075c', '0x8040764', '0x804076c', '0x8040774', '0x804077c', '0x8040784', '0x804078c', '0x8040794', '0x804079c', '0x80407a4', '0x80407ac', '0x80407b4', '0x80407bc', '0x80407c4', '0x80407cc', '0x80407d4', '0x80407dc', '0x80407e4', '0x80407ec', '0x80407f4', '0x80407fc', '0x8040804', '0x804080c', '0x8040814', '0x804081c', '0x8040824', '0x804082c', '0x8040834', '0x804083c', '0x8040844', '0x804084c', '0x8040854', '0x804085c', '0x8040864', '0x804086c', '0x8040874', '0x804087c', '0x8040884', '0x804088c', '0x8040894', '0x804089c', '0x80408a4', '0x80408ac', '0x80408b4', '0x80408bc', '0x80408c4', '0x80408cc', '0x80408d4', '0x80408dc', '0x80408e4', '0x80408ec', '0x80408f4', '0x80408fc', '0x8040904', '0x804090c', '0x8040914', '0x804091c', '0x8040924', '0x804092c', '0x8040934', '0x804093c', '0x8040944', '0x804094c', '0x8040954', '0x804095c', '0x8040964', '0x804096c', '0x8040974', '0x804097c', '0x8040984', '0x804098c', '0x8040994', '0x804099c']
type: cond
adj_instr: 0x80409bc
-----
 
Current node
start_addr: 0x80409ae
end_addr: 0x80409b8
successors: ['0x80409bc', '0x80403de']
parents: ['0x80405d8', '0x80405e0', '0x80405e8', '0x80405f0', '0x80405f8', '0x8040600', '0x8040608', '0x8040610', '0x8040618', '0x8040620', '0x8040628', '0x8040630', '0x8040638', '0x8040640', '0x8040648', '0x8040650', '0x8040658', '0x8040660', '0x8040668', '0x8040670', '0x8040678', '0x8040680', '0x8040688', '0x8040690', '0x8040698', '0x80406a0', '0x80406a8', '0x80406b0', '0x80406b8', '0x80406c0', '0x80406c8', '0x80406dc', '0x80406e4', '0x80406ec', '0x80406f4', '0x80406fc', '0x8040704', '0x804070c', '0x8040714', '0x804071c', '0x8040724', '0x804072c', '0x8040734', '0x804073c', '0x8040744', '0x804074c', '0x8040754', '0x804075c', '0x8040764', '0x804076c', '0x8040774', '0x804077c', '0x8040784', '0x804078c', '0x8040794', '0x804079c', '0x80407a4', '0x80407ac', '0x80407b4', '0x80407bc', '0x80407c4', '0x80407cc', '0x80407d4', '0x80407dc', '0x80407e4', '0x80407ec', '0x80407f4', '0x80407fc', '0x8040804', '0x804080c', '0x8040814', '0x804081c', '0x8040824', '0x804082c', '0x8040834', '0x804083c', '0x8040844', '0x804084c', '0x8040854', '0x804085c', '0x8040864', '0x804086c', '0x8040874', '0x804087c', '0x8040884', '0x804088c', '0x8040894', '0x804089c', '0x80408a4', '0x80408ac', '0x80408b4', '0x80408bc', '0x80408c4', '0x80408cc', '0x80408d4', '0x80408dc', '0x80408e4', '0x80408ec', '0x80408f4', '0x80408fc', '0x8040904', '0x804090c', '0x8040914', '0x804091c', '0x8040924', '0x804092c', '0x8040934', '0x804093c', '0x8040944', '0x804094c', '0x8040954', '0x804095c', '0x8040964', '0x804096c', '0x8040974', '0x804097c', '0x8040984', '0x804098c', '0x8040994', '0x804099c']
type: cond
adj_instr: 0x80409bc
log_idx: 286
log_node.dest_addr: 0x80403de
 
Current node
start_addr: 0x80403de
end_addr: 0x80403e6
successors: ['0x80403ea', '0x80409a4']
parents: ['0x80409a4', '0x80409b4', '0x80409ae']
type: cond
adj_instr: 0x80403ea
log_idx: 287
log_node.dest_addr: 0x80403ea
 
Current node
start_addr: 0x80403ea
end_addr: 0x80403f4
successors: ['0x80405d8', '0x80405e0', '0x80405e8', '0x80405f0', '0x80405f8', '0x8040600', '0x8040608', '0x8040610', '0x8040618', '0x8040620', '0x8040628', '0x8040630', '0x8040638', '0x8040640', '0x8040648', '0x8040650', '0x8040658', '0x8040660', '0x8040668', '0x8040670', '0x8040678', '0x8040680', '0x8040688', '0x8040690', '0x8040698', '0x80406a0', '0x80406a8', '0x80406b0', '0x80406b8', '0x80406c0', '0x80406c8', '0x80406dc', '0x80406e4', '0x80406ec', '0x80406f4', '0x80406fc', '0x8040704', '0x804070c', '0x8040714', '0x804071c', '0x8040724', '0x804072c', '0x8040734', '0x804073c', '0x8040744', '0x804074c', '0x8040754', '0x804075c', '0x8040764', '0x804076c', '0x8040774', '0x804077c', '0x8040784', '0x804078c', '0x8040794', '0x804079c', '0x80407a4', '0x80407ac', '0x80407b4', '0x80407bc', '0x80407c4', '0x80407cc', '0x80407d4', '0x80407dc', '0x80407e4', '0x80407ec', '0x80407f4', '0x80407fc', '0x8040804', '0x804080c', '0x8040814', '0x804081c', '0x8040824', '0x804082c', '0x8040834', '0x804083c', '0x8040844', '0x804084c', '0x8040854', '0x804085c', '0x8040864', '0x804086c', '0x8040874', '0x804087c', '0x8040884', '0x804088c', '0x8040894', '0x804089c', '0x80408a4', '0x80408ac', '0x80408b4', '0x80408bc', '0x80408c4', '0x80408cc', '0x80408d4', '0x80408dc', '0x80408e4', '0x80408ec', '0x80408f4', '0x80408fc', '0x8040904', '0x804090c', '0x8040914', '0x804091c', '0x8040924', '0x804092c', '0x8040934', '0x804093c', '0x8040944', '0x804094c', '0x8040954', '0x804095c', '0x8040964', '0x804096c', '0x8040974', '0x804097c', '0x8040984', '0x804098c', '0x8040994', '0x804099c']
parents: ['0x80403de']
type: uncond
adj_instr: 0x80405d8
log_idx: 288
log_node.dest_addr: 0x80406c0
 
Current node
start_addr: 0x80406c0
end_addr: 0x80406c6
successors: ['0x80409ae']
parents: ['0x80403ea']
type: uncond
adj_instr: 0x80406c8
log_idx: 289
log_node.dest_addr: 0x80403de
-----
changed node
start_addr: 0x80409ae
end_addr: 0x80409b8
successors: ['0x80409bc', '0x80403de']
parents: ['0x80405d8', '0x80405e0', '0x80405e8', '0x80405f0', '0x80405f8', '0x8040600', '0x8040608', '0x8040610', '0x8040618', '0x8040620', '0x8040628', '0x8040630', '0x8040638', '0x8040640', '0x8040648', '0x8040650', '0x8040658', '0x8040660', '0x8040668', '0x8040670', '0x8040678', '0x8040680', '0x8040688', '0x8040690', '0x8040698', '0x80406a0', '0x80406a8', '0x80406b0', '0x80406b8', '0x80406c0', '0x80406c8', '0x80406dc', '0x80406e4', '0x80406ec', '0x80406f4', '0x80406fc', '0x8040704', '0x804070c', '0x8040714', '0x804071c', '0x8040724', '0x804072c', '0x8040734', '0x804073c', '0x8040744', '0x804074c', '0x8040754', '0x804075c', '0x8040764', '0x804076c', '0x8040774', '0x804077c', '0x8040784', '0x804078c', '0x8040794', '0x804079c', '0x80407a4', '0x80407ac', '0x80407b4', '0x80407bc', '0x80407c4', '0x80407cc', '0x80407d4', '0x80407dc', '0x80407e4', '0x80407ec', '0x80407f4', '0x80407fc', '0x8040804', '0x804080c', '0x8040814', '0x804081c', '0x8040824', '0x804082c', '0x8040834', '0x804083c', '0x8040844', '0x804084c', '0x8040854', '0x804085c', '0x8040864', '0x804086c', '0x8040874', '0x804087c', '0x8040884', '0x804088c', '0x8040894', '0x804089c', '0x80408a4', '0x80408ac', '0x80408b4', '0x80408bc', '0x80408c4', '0x80408cc', '0x80408d4', '0x80408dc', '0x80408e4', '0x80408ec', '0x80408f4', '0x80408fc', '0x8040904', '0x804090c', '0x8040914', '0x804091c', '0x8040924', '0x804092c', '0x8040934', '0x804093c', '0x8040944', '0x804094c', '0x8040954', '0x804095c', '0x8040964', '0x804096c', '0x8040974', '0x804097c', '0x8040984', '0x804098c', '0x8040994', '0x804099c']
type: cond
adj_instr: 0x80409bc
-----
 
Current node
start_addr: 0x80409ae
end_addr: 0x80409b8
successors: ['0x80409bc', '0x80403de']
parents: ['0x80405d8', '0x80405e0', '0x80405e8', '0x80405f0', '0x80405f8', '0x8040600', '0x8040608', '0x8040610', '0x8040618', '0x8040620', '0x8040628', '0x8040630', '0x8040638', '0x8040640', '0x8040648', '0x8040650', '0x8040658', '0x8040660', '0x8040668', '0x8040670', '0x8040678', '0x8040680', '0x8040688', '0x8040690', '0x8040698', '0x80406a0', '0x80406a8', '0x80406b0', '0x80406b8', '0x80406c0', '0x80406c8', '0x80406dc', '0x80406e4', '0x80406ec', '0x80406f4', '0x80406fc', '0x8040704', '0x804070c', '0x8040714', '0x804071c', '0x8040724', '0x804072c', '0x8040734', '0x804073c', '0x8040744', '0x804074c', '0x8040754', '0x804075c', '0x8040764', '0x804076c', '0x8040774', '0x804077c', '0x8040784', '0x804078c', '0x8040794', '0x804079c', '0x80407a4', '0x80407ac', '0x80407b4', '0x80407bc', '0x80407c4', '0x80407cc', '0x80407d4', '0x80407dc', '0x80407e4', '0x80407ec', '0x80407f4', '0x80407fc', '0x8040804', '0x804080c', '0x8040814', '0x804081c', '0x8040824', '0x804082c', '0x8040834', '0x804083c', '0x8040844', '0x804084c', '0x8040854', '0x804085c', '0x8040864', '0x804086c', '0x8040874', '0x804087c', '0x8040884', '0x804088c', '0x8040894', '0x804089c', '0x80408a4', '0x80408ac', '0x80408b4', '0x80408bc', '0x80408c4', '0x80408cc', '0x80408d4', '0x80408dc', '0x80408e4', '0x80408ec', '0x80408f4', '0x80408fc', '0x8040904', '0x804090c', '0x8040914', '0x804091c', '0x8040924', '0x804092c', '0x8040934', '0x804093c', '0x8040944', '0x804094c', '0x8040954', '0x804095c', '0x8040964', '0x804096c', '0x8040974', '0x804097c', '0x8040984', '0x804098c', '0x8040994', '0x804099c']
type: cond
adj_instr: 0x80409bc
log_idx: 289
log_node.dest_addr: 0x80403de
 
Current node
start_addr: 0x80403de
end_addr: 0x80403e6
successors: ['0x80403ea', '0x80409a4']
parents: ['0x80409a4', '0x80409b4', '0x80409ae']
type: cond
adj_instr: 0x80403ea
log_idx: 290
log_node.dest_addr: 0x80403ea
 
Current node
start_addr: 0x80403ea
end_addr: 0x80403f4
successors: ['0x80405d8', '0x80405e0', '0x80405e8', '0x80405f0', '0x80405f8', '0x8040600', '0x8040608', '0x8040610', '0x8040618', '0x8040620', '0x8040628', '0x8040630', '0x8040638', '0x8040640', '0x8040648', '0x8040650', '0x8040658', '0x8040660', '0x8040668', '0x8040670', '0x8040678', '0x8040680', '0x8040688', '0x8040690', '0x8040698', '0x80406a0', '0x80406a8', '0x80406b0', '0x80406b8', '0x80406c0', '0x80406c8', '0x80406dc', '0x80406e4', '0x80406ec', '0x80406f4', '0x80406fc', '0x8040704', '0x804070c', '0x8040714', '0x804071c', '0x8040724', '0x804072c', '0x8040734', '0x804073c', '0x8040744', '0x804074c', '0x8040754', '0x804075c', '0x8040764', '0x804076c', '0x8040774', '0x804077c', '0x8040784', '0x804078c', '0x8040794', '0x804079c', '0x80407a4', '0x80407ac', '0x80407b4', '0x80407bc', '0x80407c4', '0x80407cc', '0x80407d4', '0x80407dc', '0x80407e4', '0x80407ec', '0x80407f4', '0x80407fc', '0x8040804', '0x804080c', '0x8040814', '0x804081c', '0x8040824', '0x804082c', '0x8040834', '0x804083c', '0x8040844', '0x804084c', '0x8040854', '0x804085c', '0x8040864', '0x804086c', '0x8040874', '0x804087c', '0x8040884', '0x804088c', '0x8040894', '0x804089c', '0x80408a4', '0x80408ac', '0x80408b4', '0x80408bc', '0x80408c4', '0x80408cc', '0x80408d4', '0x80408dc', '0x80408e4', '0x80408ec', '0x80408f4', '0x80408fc', '0x8040904', '0x804090c', '0x8040914', '0x804091c', '0x8040924', '0x804092c', '0x8040934', '0x804093c', '0x8040944', '0x804094c', '0x8040954', '0x804095c', '0x8040964', '0x804096c', '0x8040974', '0x804097c', '0x8040984', '0x804098c', '0x8040994', '0x804099c']
parents: ['0x80403de']
type: uncond
adj_instr: 0x80405d8
log_idx: 291
log_node.dest_addr: 0x80406c8
 
Current node
start_addr: 0x80406c8
end_addr: 0x80406ce
successors: ['0x80409ae']
parents: ['0x80403ea']
type: uncond
adj_instr: 0x80406dc
log_idx: 292
log_node.dest_addr: 0x80403de
-----
changed node
start_addr: 0x80409ae
end_addr: 0x80409b8
successors: ['0x80409bc', '0x80403de']
parents: ['0x80405d8', '0x80405e0', '0x80405e8', '0x80405f0', '0x80405f8', '0x8040600', '0x8040608', '0x8040610', '0x8040618', '0x8040620', '0x8040628', '0x8040630', '0x8040638', '0x8040640', '0x8040648', '0x8040650', '0x8040658', '0x8040660', '0x8040668', '0x8040670', '0x8040678', '0x8040680', '0x8040688', '0x8040690', '0x8040698', '0x80406a0', '0x80406a8', '0x80406b0', '0x80406b8', '0x80406c0', '0x80406c8', '0x80406dc', '0x80406e4', '0x80406ec', '0x80406f4', '0x80406fc', '0x8040704', '0x804070c', '0x8040714', '0x804071c', '0x8040724', '0x804072c', '0x8040734', '0x804073c', '0x8040744', '0x804074c', '0x8040754', '0x804075c', '0x8040764', '0x804076c', '0x8040774', '0x804077c', '0x8040784', '0x804078c', '0x8040794', '0x804079c', '0x80407a4', '0x80407ac', '0x80407b4', '0x80407bc', '0x80407c4', '0x80407cc', '0x80407d4', '0x80407dc', '0x80407e4', '0x80407ec', '0x80407f4', '0x80407fc', '0x8040804', '0x804080c', '0x8040814', '0x804081c', '0x8040824', '0x804082c', '0x8040834', '0x804083c', '0x8040844', '0x804084c', '0x8040854', '0x804085c', '0x8040864', '0x804086c', '0x8040874', '0x804087c', '0x8040884', '0x804088c', '0x8040894', '0x804089c', '0x80408a4', '0x80408ac', '0x80408b4', '0x80408bc', '0x80408c4', '0x80408cc', '0x80408d4', '0x80408dc', '0x80408e4', '0x80408ec', '0x80408f4', '0x80408fc', '0x8040904', '0x804090c', '0x8040914', '0x804091c', '0x8040924', '0x804092c', '0x8040934', '0x804093c', '0x8040944', '0x804094c', '0x8040954', '0x804095c', '0x8040964', '0x804096c', '0x8040974', '0x804097c', '0x8040984', '0x804098c', '0x8040994', '0x804099c']
type: cond
adj_instr: 0x80409bc
-----
 
Current node
start_addr: 0x80409ae
end_addr: 0x80409b8
successors: ['0x80409bc', '0x80403de']
parents: ['0x80405d8', '0x80405e0', '0x80405e8', '0x80405f0', '0x80405f8', '0x8040600', '0x8040608', '0x8040610', '0x8040618', '0x8040620', '0x8040628', '0x8040630', '0x8040638', '0x8040640', '0x8040648', '0x8040650', '0x8040658', '0x8040660', '0x8040668', '0x8040670', '0x8040678', '0x8040680', '0x8040688', '0x8040690', '0x8040698', '0x80406a0', '0x80406a8', '0x80406b0', '0x80406b8', '0x80406c0', '0x80406c8', '0x80406dc', '0x80406e4', '0x80406ec', '0x80406f4', '0x80406fc', '0x8040704', '0x804070c', '0x8040714', '0x804071c', '0x8040724', '0x804072c', '0x8040734', '0x804073c', '0x8040744', '0x804074c', '0x8040754', '0x804075c', '0x8040764', '0x804076c', '0x8040774', '0x804077c', '0x8040784', '0x804078c', '0x8040794', '0x804079c', '0x80407a4', '0x80407ac', '0x80407b4', '0x80407bc', '0x80407c4', '0x80407cc', '0x80407d4', '0x80407dc', '0x80407e4', '0x80407ec', '0x80407f4', '0x80407fc', '0x8040804', '0x804080c', '0x8040814', '0x804081c', '0x8040824', '0x804082c', '0x8040834', '0x804083c', '0x8040844', '0x804084c', '0x8040854', '0x804085c', '0x8040864', '0x804086c', '0x8040874', '0x804087c', '0x8040884', '0x804088c', '0x8040894', '0x804089c', '0x80408a4', '0x80408ac', '0x80408b4', '0x80408bc', '0x80408c4', '0x80408cc', '0x80408d4', '0x80408dc', '0x80408e4', '0x80408ec', '0x80408f4', '0x80408fc', '0x8040904', '0x804090c', '0x8040914', '0x804091c', '0x8040924', '0x804092c', '0x8040934', '0x804093c', '0x8040944', '0x804094c', '0x8040954', '0x804095c', '0x8040964', '0x804096c', '0x8040974', '0x804097c', '0x8040984', '0x804098c', '0x8040994', '0x804099c']
type: cond
adj_instr: 0x80409bc
log_idx: 292
log_node.dest_addr: 0x80403de
 
Current node
start_addr: 0x80403de
end_addr: 0x80403e6
successors: ['0x80403ea', '0x80409a4']
parents: ['0x80409a4', '0x80409b4', '0x80409ae']
type: cond
adj_instr: 0x80403ea
log_idx: 293
log_node.dest_addr: 0x80403ea
 
Current node
start_addr: 0x80403ea
end_addr: 0x80403f4
successors: ['0x80405d8', '0x80405e0', '0x80405e8', '0x80405f0', '0x80405f8', '0x8040600', '0x8040608', '0x8040610', '0x8040618', '0x8040620', '0x8040628', '0x8040630', '0x8040638', '0x8040640', '0x8040648', '0x8040650', '0x8040658', '0x8040660', '0x8040668', '0x8040670', '0x8040678', '0x8040680', '0x8040688', '0x8040690', '0x8040698', '0x80406a0', '0x80406a8', '0x80406b0', '0x80406b8', '0x80406c0', '0x80406c8', '0x80406dc', '0x80406e4', '0x80406ec', '0x80406f4', '0x80406fc', '0x8040704', '0x804070c', '0x8040714', '0x804071c', '0x8040724', '0x804072c', '0x8040734', '0x804073c', '0x8040744', '0x804074c', '0x8040754', '0x804075c', '0x8040764', '0x804076c', '0x8040774', '0x804077c', '0x8040784', '0x804078c', '0x8040794', '0x804079c', '0x80407a4', '0x80407ac', '0x80407b4', '0x80407bc', '0x80407c4', '0x80407cc', '0x80407d4', '0x80407dc', '0x80407e4', '0x80407ec', '0x80407f4', '0x80407fc', '0x8040804', '0x804080c', '0x8040814', '0x804081c', '0x8040824', '0x804082c', '0x8040834', '0x804083c', '0x8040844', '0x804084c', '0x8040854', '0x804085c', '0x8040864', '0x804086c', '0x8040874', '0x804087c', '0x8040884', '0x804088c', '0x8040894', '0x804089c', '0x80408a4', '0x80408ac', '0x80408b4', '0x80408bc', '0x80408c4', '0x80408cc', '0x80408d4', '0x80408dc', '0x80408e4', '0x80408ec', '0x80408f4', '0x80408fc', '0x8040904', '0x804090c', '0x8040914', '0x804091c', '0x8040924', '0x804092c', '0x8040934', '0x804093c', '0x8040944', '0x804094c', '0x8040954', '0x804095c', '0x8040964', '0x804096c', '0x8040974', '0x804097c', '0x8040984', '0x804098c', '0x8040994', '0x804099c']
parents: ['0x80403de']
type: uncond
adj_instr: 0x80405d8
log_idx: 294
log_node.dest_addr: 0x80406dc
 
Current node
start_addr: 0x80406dc
end_addr: 0x80406e2
successors: ['0x80409ae']
parents: ['0x80403ea']
type: uncond
adj_instr: 0x80406e4
log_idx: 295
log_node.dest_addr: 0x80403de
-----
changed node
start_addr: 0x80409ae
end_addr: 0x80409b8
successors: ['0x80409bc', '0x80403de']
parents: ['0x80405d8', '0x80405e0', '0x80405e8', '0x80405f0', '0x80405f8', '0x8040600', '0x8040608', '0x8040610', '0x8040618', '0x8040620', '0x8040628', '0x8040630', '0x8040638', '0x8040640', '0x8040648', '0x8040650', '0x8040658', '0x8040660', '0x8040668', '0x8040670', '0x8040678', '0x8040680', '0x8040688', '0x8040690', '0x8040698', '0x80406a0', '0x80406a8', '0x80406b0', '0x80406b8', '0x80406c0', '0x80406c8', '0x80406dc', '0x80406e4', '0x80406ec', '0x80406f4', '0x80406fc', '0x8040704', '0x804070c', '0x8040714', '0x804071c', '0x8040724', '0x804072c', '0x8040734', '0x804073c', '0x8040744', '0x804074c', '0x8040754', '0x804075c', '0x8040764', '0x804076c', '0x8040774', '0x804077c', '0x8040784', '0x804078c', '0x8040794', '0x804079c', '0x80407a4', '0x80407ac', '0x80407b4', '0x80407bc', '0x80407c4', '0x80407cc', '0x80407d4', '0x80407dc', '0x80407e4', '0x80407ec', '0x80407f4', '0x80407fc', '0x8040804', '0x804080c', '0x8040814', '0x804081c', '0x8040824', '0x804082c', '0x8040834', '0x804083c', '0x8040844', '0x804084c', '0x8040854', '0x804085c', '0x8040864', '0x804086c', '0x8040874', '0x804087c', '0x8040884', '0x804088c', '0x8040894', '0x804089c', '0x80408a4', '0x80408ac', '0x80408b4', '0x80408bc', '0x80408c4', '0x80408cc', '0x80408d4', '0x80408dc', '0x80408e4', '0x80408ec', '0x80408f4', '0x80408fc', '0x8040904', '0x804090c', '0x8040914', '0x804091c', '0x8040924', '0x804092c', '0x8040934', '0x804093c', '0x8040944', '0x804094c', '0x8040954', '0x804095c', '0x8040964', '0x804096c', '0x8040974', '0x804097c', '0x8040984', '0x804098c', '0x8040994', '0x804099c']
type: cond
adj_instr: 0x80409bc
-----
 
Current node
start_addr: 0x80409ae
end_addr: 0x80409b8
successors: ['0x80409bc', '0x80403de']
parents: ['0x80405d8', '0x80405e0', '0x80405e8', '0x80405f0', '0x80405f8', '0x8040600', '0x8040608', '0x8040610', '0x8040618', '0x8040620', '0x8040628', '0x8040630', '0x8040638', '0x8040640', '0x8040648', '0x8040650', '0x8040658', '0x8040660', '0x8040668', '0x8040670', '0x8040678', '0x8040680', '0x8040688', '0x8040690', '0x8040698', '0x80406a0', '0x80406a8', '0x80406b0', '0x80406b8', '0x80406c0', '0x80406c8', '0x80406dc', '0x80406e4', '0x80406ec', '0x80406f4', '0x80406fc', '0x8040704', '0x804070c', '0x8040714', '0x804071c', '0x8040724', '0x804072c', '0x8040734', '0x804073c', '0x8040744', '0x804074c', '0x8040754', '0x804075c', '0x8040764', '0x804076c', '0x8040774', '0x804077c', '0x8040784', '0x804078c', '0x8040794', '0x804079c', '0x80407a4', '0x80407ac', '0x80407b4', '0x80407bc', '0x80407c4', '0x80407cc', '0x80407d4', '0x80407dc', '0x80407e4', '0x80407ec', '0x80407f4', '0x80407fc', '0x8040804', '0x804080c', '0x8040814', '0x804081c', '0x8040824', '0x804082c', '0x8040834', '0x804083c', '0x8040844', '0x804084c', '0x8040854', '0x804085c', '0x8040864', '0x804086c', '0x8040874', '0x804087c', '0x8040884', '0x804088c', '0x8040894', '0x804089c', '0x80408a4', '0x80408ac', '0x80408b4', '0x80408bc', '0x80408c4', '0x80408cc', '0x80408d4', '0x80408dc', '0x80408e4', '0x80408ec', '0x80408f4', '0x80408fc', '0x8040904', '0x804090c', '0x8040914', '0x804091c', '0x8040924', '0x804092c', '0x8040934', '0x804093c', '0x8040944', '0x804094c', '0x8040954', '0x804095c', '0x8040964', '0x804096c', '0x8040974', '0x804097c', '0x8040984', '0x804098c', '0x8040994', '0x804099c']
type: cond
adj_instr: 0x80409bc
log_idx: 295
log_node.dest_addr: 0x80403de
 
Current node
start_addr: 0x80403de
end_addr: 0x80403e6
successors: ['0x80403ea', '0x80409a4']
parents: ['0x80409a4', '0x80409b4', '0x80409ae']
type: cond
adj_instr: 0x80403ea
log_idx: 296
log_node.dest_addr: 0x80403ea
 
Current node
start_addr: 0x80403ea
end_addr: 0x80403f4
successors: ['0x80405d8', '0x80405e0', '0x80405e8', '0x80405f0', '0x80405f8', '0x8040600', '0x8040608', '0x8040610', '0x8040618', '0x8040620', '0x8040628', '0x8040630', '0x8040638', '0x8040640', '0x8040648', '0x8040650', '0x8040658', '0x8040660', '0x8040668', '0x8040670', '0x8040678', '0x8040680', '0x8040688', '0x8040690', '0x8040698', '0x80406a0', '0x80406a8', '0x80406b0', '0x80406b8', '0x80406c0', '0x80406c8', '0x80406dc', '0x80406e4', '0x80406ec', '0x80406f4', '0x80406fc', '0x8040704', '0x804070c', '0x8040714', '0x804071c', '0x8040724', '0x804072c', '0x8040734', '0x804073c', '0x8040744', '0x804074c', '0x8040754', '0x804075c', '0x8040764', '0x804076c', '0x8040774', '0x804077c', '0x8040784', '0x804078c', '0x8040794', '0x804079c', '0x80407a4', '0x80407ac', '0x80407b4', '0x80407bc', '0x80407c4', '0x80407cc', '0x80407d4', '0x80407dc', '0x80407e4', '0x80407ec', '0x80407f4', '0x80407fc', '0x8040804', '0x804080c', '0x8040814', '0x804081c', '0x8040824', '0x804082c', '0x8040834', '0x804083c', '0x8040844', '0x804084c', '0x8040854', '0x804085c', '0x8040864', '0x804086c', '0x8040874', '0x804087c', '0x8040884', '0x804088c', '0x8040894', '0x804089c', '0x80408a4', '0x80408ac', '0x80408b4', '0x80408bc', '0x80408c4', '0x80408cc', '0x80408d4', '0x80408dc', '0x80408e4', '0x80408ec', '0x80408f4', '0x80408fc', '0x8040904', '0x804090c', '0x8040914', '0x804091c', '0x8040924', '0x804092c', '0x8040934', '0x804093c', '0x8040944', '0x804094c', '0x8040954', '0x804095c', '0x8040964', '0x804096c', '0x8040974', '0x804097c', '0x8040984', '0x804098c', '0x8040994', '0x804099c']
parents: ['0x80403de']
type: uncond
adj_instr: 0x80405d8
log_idx: 297
log_node.dest_addr: 0x80406e4
 
Current node
start_addr: 0x80406e4
end_addr: 0x80406ea
successors: ['0x80409ae']
parents: ['0x80403ea']
type: uncond
adj_instr: 0x80406ec
log_idx: 298
log_node.dest_addr: 0x80403de
-----
changed node
start_addr: 0x80409ae
end_addr: 0x80409b8
successors: ['0x80409bc', '0x80403de']
parents: ['0x80405d8', '0x80405e0', '0x80405e8', '0x80405f0', '0x80405f8', '0x8040600', '0x8040608', '0x8040610', '0x8040618', '0x8040620', '0x8040628', '0x8040630', '0x8040638', '0x8040640', '0x8040648', '0x8040650', '0x8040658', '0x8040660', '0x8040668', '0x8040670', '0x8040678', '0x8040680', '0x8040688', '0x8040690', '0x8040698', '0x80406a0', '0x80406a8', '0x80406b0', '0x80406b8', '0x80406c0', '0x80406c8', '0x80406dc', '0x80406e4', '0x80406ec', '0x80406f4', '0x80406fc', '0x8040704', '0x804070c', '0x8040714', '0x804071c', '0x8040724', '0x804072c', '0x8040734', '0x804073c', '0x8040744', '0x804074c', '0x8040754', '0x804075c', '0x8040764', '0x804076c', '0x8040774', '0x804077c', '0x8040784', '0x804078c', '0x8040794', '0x804079c', '0x80407a4', '0x80407ac', '0x80407b4', '0x80407bc', '0x80407c4', '0x80407cc', '0x80407d4', '0x80407dc', '0x80407e4', '0x80407ec', '0x80407f4', '0x80407fc', '0x8040804', '0x804080c', '0x8040814', '0x804081c', '0x8040824', '0x804082c', '0x8040834', '0x804083c', '0x8040844', '0x804084c', '0x8040854', '0x804085c', '0x8040864', '0x804086c', '0x8040874', '0x804087c', '0x8040884', '0x804088c', '0x8040894', '0x804089c', '0x80408a4', '0x80408ac', '0x80408b4', '0x80408bc', '0x80408c4', '0x80408cc', '0x80408d4', '0x80408dc', '0x80408e4', '0x80408ec', '0x80408f4', '0x80408fc', '0x8040904', '0x804090c', '0x8040914', '0x804091c', '0x8040924', '0x804092c', '0x8040934', '0x804093c', '0x8040944', '0x804094c', '0x8040954', '0x804095c', '0x8040964', '0x804096c', '0x8040974', '0x804097c', '0x8040984', '0x804098c', '0x8040994', '0x804099c']
type: cond
adj_instr: 0x80409bc
-----
 
Current node
start_addr: 0x80409ae
end_addr: 0x80409b8
successors: ['0x80409bc', '0x80403de']
parents: ['0x80405d8', '0x80405e0', '0x80405e8', '0x80405f0', '0x80405f8', '0x8040600', '0x8040608', '0x8040610', '0x8040618', '0x8040620', '0x8040628', '0x8040630', '0x8040638', '0x8040640', '0x8040648', '0x8040650', '0x8040658', '0x8040660', '0x8040668', '0x8040670', '0x8040678', '0x8040680', '0x8040688', '0x8040690', '0x8040698', '0x80406a0', '0x80406a8', '0x80406b0', '0x80406b8', '0x80406c0', '0x80406c8', '0x80406dc', '0x80406e4', '0x80406ec', '0x80406f4', '0x80406fc', '0x8040704', '0x804070c', '0x8040714', '0x804071c', '0x8040724', '0x804072c', '0x8040734', '0x804073c', '0x8040744', '0x804074c', '0x8040754', '0x804075c', '0x8040764', '0x804076c', '0x8040774', '0x804077c', '0x8040784', '0x804078c', '0x8040794', '0x804079c', '0x80407a4', '0x80407ac', '0x80407b4', '0x80407bc', '0x80407c4', '0x80407cc', '0x80407d4', '0x80407dc', '0x80407e4', '0x80407ec', '0x80407f4', '0x80407fc', '0x8040804', '0x804080c', '0x8040814', '0x804081c', '0x8040824', '0x804082c', '0x8040834', '0x804083c', '0x8040844', '0x804084c', '0x8040854', '0x804085c', '0x8040864', '0x804086c', '0x8040874', '0x804087c', '0x8040884', '0x804088c', '0x8040894', '0x804089c', '0x80408a4', '0x80408ac', '0x80408b4', '0x80408bc', '0x80408c4', '0x80408cc', '0x80408d4', '0x80408dc', '0x80408e4', '0x80408ec', '0x80408f4', '0x80408fc', '0x8040904', '0x804090c', '0x8040914', '0x804091c', '0x8040924', '0x804092c', '0x8040934', '0x804093c', '0x8040944', '0x804094c', '0x8040954', '0x804095c', '0x8040964', '0x804096c', '0x8040974', '0x804097c', '0x8040984', '0x804098c', '0x8040994', '0x804099c']
type: cond
adj_instr: 0x80409bc
log_idx: 298
log_node.dest_addr: 0x80403de
 
Current node
start_addr: 0x80403de
end_addr: 0x80403e6
successors: ['0x80403ea', '0x80409a4']
parents: ['0x80409a4', '0x80409b4', '0x80409ae']
type: cond
adj_instr: 0x80403ea
log_idx: 299
log_node.dest_addr: 0x80403ea
 
Current node
start_addr: 0x80403ea
end_addr: 0x80403f4
successors: ['0x80405d8', '0x80405e0', '0x80405e8', '0x80405f0', '0x80405f8', '0x8040600', '0x8040608', '0x8040610', '0x8040618', '0x8040620', '0x8040628', '0x8040630', '0x8040638', '0x8040640', '0x8040648', '0x8040650', '0x8040658', '0x8040660', '0x8040668', '0x8040670', '0x8040678', '0x8040680', '0x8040688', '0x8040690', '0x8040698', '0x80406a0', '0x80406a8', '0x80406b0', '0x80406b8', '0x80406c0', '0x80406c8', '0x80406dc', '0x80406e4', '0x80406ec', '0x80406f4', '0x80406fc', '0x8040704', '0x804070c', '0x8040714', '0x804071c', '0x8040724', '0x804072c', '0x8040734', '0x804073c', '0x8040744', '0x804074c', '0x8040754', '0x804075c', '0x8040764', '0x804076c', '0x8040774', '0x804077c', '0x8040784', '0x804078c', '0x8040794', '0x804079c', '0x80407a4', '0x80407ac', '0x80407b4', '0x80407bc', '0x80407c4', '0x80407cc', '0x80407d4', '0x80407dc', '0x80407e4', '0x80407ec', '0x80407f4', '0x80407fc', '0x8040804', '0x804080c', '0x8040814', '0x804081c', '0x8040824', '0x804082c', '0x8040834', '0x804083c', '0x8040844', '0x804084c', '0x8040854', '0x804085c', '0x8040864', '0x804086c', '0x8040874', '0x804087c', '0x8040884', '0x804088c', '0x8040894', '0x804089c', '0x80408a4', '0x80408ac', '0x80408b4', '0x80408bc', '0x80408c4', '0x80408cc', '0x80408d4', '0x80408dc', '0x80408e4', '0x80408ec', '0x80408f4', '0x80408fc', '0x8040904', '0x804090c', '0x8040914', '0x804091c', '0x8040924', '0x804092c', '0x8040934', '0x804093c', '0x8040944', '0x804094c', '0x8040954', '0x804095c', '0x8040964', '0x804096c', '0x8040974', '0x804097c', '0x8040984', '0x804098c', '0x8040994', '0x804099c']
parents: ['0x80403de']
type: uncond
adj_instr: 0x80405d8
log_idx: 300
log_node.dest_addr: 0x80406ec
 
Current node
start_addr: 0x80406ec
end_addr: 0x80406f2
successors: ['0x80409ae']
parents: ['0x80403ea']
type: uncond
adj_instr: 0x80406f4
log_idx: 301
log_node.dest_addr: 0x80403de
-----
changed node
start_addr: 0x80409ae
end_addr: 0x80409b8
successors: ['0x80409bc', '0x80403de']
parents: ['0x80405d8', '0x80405e0', '0x80405e8', '0x80405f0', '0x80405f8', '0x8040600', '0x8040608', '0x8040610', '0x8040618', '0x8040620', '0x8040628', '0x8040630', '0x8040638', '0x8040640', '0x8040648', '0x8040650', '0x8040658', '0x8040660', '0x8040668', '0x8040670', '0x8040678', '0x8040680', '0x8040688', '0x8040690', '0x8040698', '0x80406a0', '0x80406a8', '0x80406b0', '0x80406b8', '0x80406c0', '0x80406c8', '0x80406dc', '0x80406e4', '0x80406ec', '0x80406f4', '0x80406fc', '0x8040704', '0x804070c', '0x8040714', '0x804071c', '0x8040724', '0x804072c', '0x8040734', '0x804073c', '0x8040744', '0x804074c', '0x8040754', '0x804075c', '0x8040764', '0x804076c', '0x8040774', '0x804077c', '0x8040784', '0x804078c', '0x8040794', '0x804079c', '0x80407a4', '0x80407ac', '0x80407b4', '0x80407bc', '0x80407c4', '0x80407cc', '0x80407d4', '0x80407dc', '0x80407e4', '0x80407ec', '0x80407f4', '0x80407fc', '0x8040804', '0x804080c', '0x8040814', '0x804081c', '0x8040824', '0x804082c', '0x8040834', '0x804083c', '0x8040844', '0x804084c', '0x8040854', '0x804085c', '0x8040864', '0x804086c', '0x8040874', '0x804087c', '0x8040884', '0x804088c', '0x8040894', '0x804089c', '0x80408a4', '0x80408ac', '0x80408b4', '0x80408bc', '0x80408c4', '0x80408cc', '0x80408d4', '0x80408dc', '0x80408e4', '0x80408ec', '0x80408f4', '0x80408fc', '0x8040904', '0x804090c', '0x8040914', '0x804091c', '0x8040924', '0x804092c', '0x8040934', '0x804093c', '0x8040944', '0x804094c', '0x8040954', '0x804095c', '0x8040964', '0x804096c', '0x8040974', '0x804097c', '0x8040984', '0x804098c', '0x8040994', '0x804099c']
type: cond
adj_instr: 0x80409bc
-----
 
Current node
start_addr: 0x80409ae
end_addr: 0x80409b8
successors: ['0x80409bc', '0x80403de']
parents: ['0x80405d8', '0x80405e0', '0x80405e8', '0x80405f0', '0x80405f8', '0x8040600', '0x8040608', '0x8040610', '0x8040618', '0x8040620', '0x8040628', '0x8040630', '0x8040638', '0x8040640', '0x8040648', '0x8040650', '0x8040658', '0x8040660', '0x8040668', '0x8040670', '0x8040678', '0x8040680', '0x8040688', '0x8040690', '0x8040698', '0x80406a0', '0x80406a8', '0x80406b0', '0x80406b8', '0x80406c0', '0x80406c8', '0x80406dc', '0x80406e4', '0x80406ec', '0x80406f4', '0x80406fc', '0x8040704', '0x804070c', '0x8040714', '0x804071c', '0x8040724', '0x804072c', '0x8040734', '0x804073c', '0x8040744', '0x804074c', '0x8040754', '0x804075c', '0x8040764', '0x804076c', '0x8040774', '0x804077c', '0x8040784', '0x804078c', '0x8040794', '0x804079c', '0x80407a4', '0x80407ac', '0x80407b4', '0x80407bc', '0x80407c4', '0x80407cc', '0x80407d4', '0x80407dc', '0x80407e4', '0x80407ec', '0x80407f4', '0x80407fc', '0x8040804', '0x804080c', '0x8040814', '0x804081c', '0x8040824', '0x804082c', '0x8040834', '0x804083c', '0x8040844', '0x804084c', '0x8040854', '0x804085c', '0x8040864', '0x804086c', '0x8040874', '0x804087c', '0x8040884', '0x804088c', '0x8040894', '0x804089c', '0x80408a4', '0x80408ac', '0x80408b4', '0x80408bc', '0x80408c4', '0x80408cc', '0x80408d4', '0x80408dc', '0x80408e4', '0x80408ec', '0x80408f4', '0x80408fc', '0x8040904', '0x804090c', '0x8040914', '0x804091c', '0x8040924', '0x804092c', '0x8040934', '0x804093c', '0x8040944', '0x804094c', '0x8040954', '0x804095c', '0x8040964', '0x804096c', '0x8040974', '0x804097c', '0x8040984', '0x804098c', '0x8040994', '0x804099c']
type: cond
adj_instr: 0x80409bc
log_idx: 301
log_node.dest_addr: 0x80403de
 
Current node
start_addr: 0x80403de
end_addr: 0x80403e6
successors: ['0x80403ea', '0x80409a4']
parents: ['0x80409a4', '0x80409b4', '0x80409ae']
type: cond
adj_instr: 0x80403ea
log_idx: 302
log_node.dest_addr: 0x80403ea
 
Current node
start_addr: 0x80403ea
end_addr: 0x80403f4
successors: ['0x80405d8', '0x80405e0', '0x80405e8', '0x80405f0', '0x80405f8', '0x8040600', '0x8040608', '0x8040610', '0x8040618', '0x8040620', '0x8040628', '0x8040630', '0x8040638', '0x8040640', '0x8040648', '0x8040650', '0x8040658', '0x8040660', '0x8040668', '0x8040670', '0x8040678', '0x8040680', '0x8040688', '0x8040690', '0x8040698', '0x80406a0', '0x80406a8', '0x80406b0', '0x80406b8', '0x80406c0', '0x80406c8', '0x80406dc', '0x80406e4', '0x80406ec', '0x80406f4', '0x80406fc', '0x8040704', '0x804070c', '0x8040714', '0x804071c', '0x8040724', '0x804072c', '0x8040734', '0x804073c', '0x8040744', '0x804074c', '0x8040754', '0x804075c', '0x8040764', '0x804076c', '0x8040774', '0x804077c', '0x8040784', '0x804078c', '0x8040794', '0x804079c', '0x80407a4', '0x80407ac', '0x80407b4', '0x80407bc', '0x80407c4', '0x80407cc', '0x80407d4', '0x80407dc', '0x80407e4', '0x80407ec', '0x80407f4', '0x80407fc', '0x8040804', '0x804080c', '0x8040814', '0x804081c', '0x8040824', '0x804082c', '0x8040834', '0x804083c', '0x8040844', '0x804084c', '0x8040854', '0x804085c', '0x8040864', '0x804086c', '0x8040874', '0x804087c', '0x8040884', '0x804088c', '0x8040894', '0x804089c', '0x80408a4', '0x80408ac', '0x80408b4', '0x80408bc', '0x80408c4', '0x80408cc', '0x80408d4', '0x80408dc', '0x80408e4', '0x80408ec', '0x80408f4', '0x80408fc', '0x8040904', '0x804090c', '0x8040914', '0x804091c', '0x8040924', '0x804092c', '0x8040934', '0x804093c', '0x8040944', '0x804094c', '0x8040954', '0x804095c', '0x8040964', '0x804096c', '0x8040974', '0x804097c', '0x8040984', '0x804098c', '0x8040994', '0x804099c']
parents: ['0x80403de']
type: uncond
adj_instr: 0x80405d8
log_idx: 303
log_node.dest_addr: 0x80406f4
 
Current node
start_addr: 0x80406f4
end_addr: 0x80406fa
successors: ['0x80409ae']
parents: ['0x80403ea']
type: uncond
adj_instr: 0x80406fc
log_idx: 304
log_node.dest_addr: 0x80403de
-----
changed node
start_addr: 0x80409ae
end_addr: 0x80409b8
successors: ['0x80409bc', '0x80403de']
parents: ['0x80405d8', '0x80405e0', '0x80405e8', '0x80405f0', '0x80405f8', '0x8040600', '0x8040608', '0x8040610', '0x8040618', '0x8040620', '0x8040628', '0x8040630', '0x8040638', '0x8040640', '0x8040648', '0x8040650', '0x8040658', '0x8040660', '0x8040668', '0x8040670', '0x8040678', '0x8040680', '0x8040688', '0x8040690', '0x8040698', '0x80406a0', '0x80406a8', '0x80406b0', '0x80406b8', '0x80406c0', '0x80406c8', '0x80406dc', '0x80406e4', '0x80406ec', '0x80406f4', '0x80406fc', '0x8040704', '0x804070c', '0x8040714', '0x804071c', '0x8040724', '0x804072c', '0x8040734', '0x804073c', '0x8040744', '0x804074c', '0x8040754', '0x804075c', '0x8040764', '0x804076c', '0x8040774', '0x804077c', '0x8040784', '0x804078c', '0x8040794', '0x804079c', '0x80407a4', '0x80407ac', '0x80407b4', '0x80407bc', '0x80407c4', '0x80407cc', '0x80407d4', '0x80407dc', '0x80407e4', '0x80407ec', '0x80407f4', '0x80407fc', '0x8040804', '0x804080c', '0x8040814', '0x804081c', '0x8040824', '0x804082c', '0x8040834', '0x804083c', '0x8040844', '0x804084c', '0x8040854', '0x804085c', '0x8040864', '0x804086c', '0x8040874', '0x804087c', '0x8040884', '0x804088c', '0x8040894', '0x804089c', '0x80408a4', '0x80408ac', '0x80408b4', '0x80408bc', '0x80408c4', '0x80408cc', '0x80408d4', '0x80408dc', '0x80408e4', '0x80408ec', '0x80408f4', '0x80408fc', '0x8040904', '0x804090c', '0x8040914', '0x804091c', '0x8040924', '0x804092c', '0x8040934', '0x804093c', '0x8040944', '0x804094c', '0x8040954', '0x804095c', '0x8040964', '0x804096c', '0x8040974', '0x804097c', '0x8040984', '0x804098c', '0x8040994', '0x804099c']
type: cond
adj_instr: 0x80409bc
-----
 
Current node
start_addr: 0x80409ae
end_addr: 0x80409b8
successors: ['0x80409bc', '0x80403de']
parents: ['0x80405d8', '0x80405e0', '0x80405e8', '0x80405f0', '0x80405f8', '0x8040600', '0x8040608', '0x8040610', '0x8040618', '0x8040620', '0x8040628', '0x8040630', '0x8040638', '0x8040640', '0x8040648', '0x8040650', '0x8040658', '0x8040660', '0x8040668', '0x8040670', '0x8040678', '0x8040680', '0x8040688', '0x8040690', '0x8040698', '0x80406a0', '0x80406a8', '0x80406b0', '0x80406b8', '0x80406c0', '0x80406c8', '0x80406dc', '0x80406e4', '0x80406ec', '0x80406f4', '0x80406fc', '0x8040704', '0x804070c', '0x8040714', '0x804071c', '0x8040724', '0x804072c', '0x8040734', '0x804073c', '0x8040744', '0x804074c', '0x8040754', '0x804075c', '0x8040764', '0x804076c', '0x8040774', '0x804077c', '0x8040784', '0x804078c', '0x8040794', '0x804079c', '0x80407a4', '0x80407ac', '0x80407b4', '0x80407bc', '0x80407c4', '0x80407cc', '0x80407d4', '0x80407dc', '0x80407e4', '0x80407ec', '0x80407f4', '0x80407fc', '0x8040804', '0x804080c', '0x8040814', '0x804081c', '0x8040824', '0x804082c', '0x8040834', '0x804083c', '0x8040844', '0x804084c', '0x8040854', '0x804085c', '0x8040864', '0x804086c', '0x8040874', '0x804087c', '0x8040884', '0x804088c', '0x8040894', '0x804089c', '0x80408a4', '0x80408ac', '0x80408b4', '0x80408bc', '0x80408c4', '0x80408cc', '0x80408d4', '0x80408dc', '0x80408e4', '0x80408ec', '0x80408f4', '0x80408fc', '0x8040904', '0x804090c', '0x8040914', '0x804091c', '0x8040924', '0x804092c', '0x8040934', '0x804093c', '0x8040944', '0x804094c', '0x8040954', '0x804095c', '0x8040964', '0x804096c', '0x8040974', '0x804097c', '0x8040984', '0x804098c', '0x8040994', '0x804099c']
type: cond
adj_instr: 0x80409bc
log_idx: 304
log_node.dest_addr: 0x80403de
 
Current node
start_addr: 0x80403de
end_addr: 0x80403e6
successors: ['0x80403ea', '0x80409a4']
parents: ['0x80409a4', '0x80409b4', '0x80409ae']
type: cond
adj_instr: 0x80403ea
log_idx: 305
log_node.dest_addr: 0x80403ea
 
Current node
start_addr: 0x80403ea
end_addr: 0x80403f4
successors: ['0x80405d8', '0x80405e0', '0x80405e8', '0x80405f0', '0x80405f8', '0x8040600', '0x8040608', '0x8040610', '0x8040618', '0x8040620', '0x8040628', '0x8040630', '0x8040638', '0x8040640', '0x8040648', '0x8040650', '0x8040658', '0x8040660', '0x8040668', '0x8040670', '0x8040678', '0x8040680', '0x8040688', '0x8040690', '0x8040698', '0x80406a0', '0x80406a8', '0x80406b0', '0x80406b8', '0x80406c0', '0x80406c8', '0x80406dc', '0x80406e4', '0x80406ec', '0x80406f4', '0x80406fc', '0x8040704', '0x804070c', '0x8040714', '0x804071c', '0x8040724', '0x804072c', '0x8040734', '0x804073c', '0x8040744', '0x804074c', '0x8040754', '0x804075c', '0x8040764', '0x804076c', '0x8040774', '0x804077c', '0x8040784', '0x804078c', '0x8040794', '0x804079c', '0x80407a4', '0x80407ac', '0x80407b4', '0x80407bc', '0x80407c4', '0x80407cc', '0x80407d4', '0x80407dc', '0x80407e4', '0x80407ec', '0x80407f4', '0x80407fc', '0x8040804', '0x804080c', '0x8040814', '0x804081c', '0x8040824', '0x804082c', '0x8040834', '0x804083c', '0x8040844', '0x804084c', '0x8040854', '0x804085c', '0x8040864', '0x804086c', '0x8040874', '0x804087c', '0x8040884', '0x804088c', '0x8040894', '0x804089c', '0x80408a4', '0x80408ac', '0x80408b4', '0x80408bc', '0x80408c4', '0x80408cc', '0x80408d4', '0x80408dc', '0x80408e4', '0x80408ec', '0x80408f4', '0x80408fc', '0x8040904', '0x804090c', '0x8040914', '0x804091c', '0x8040924', '0x804092c', '0x8040934', '0x804093c', '0x8040944', '0x804094c', '0x8040954', '0x804095c', '0x8040964', '0x804096c', '0x8040974', '0x804097c', '0x8040984', '0x804098c', '0x8040994', '0x804099c']
parents: ['0x80403de']
type: uncond
adj_instr: 0x80405d8
log_idx: 306
log_node.dest_addr: 0x80406fc
 
Current node
start_addr: 0x80406fc
end_addr: 0x8040702
successors: ['0x80409ae']
parents: ['0x80403ea']
type: uncond
adj_instr: 0x8040704
log_idx: 307
log_node.dest_addr: 0x80403de
-----
changed node
start_addr: 0x80409ae
end_addr: 0x80409b8
successors: ['0x80409bc', '0x80403de']
parents: ['0x80405d8', '0x80405e0', '0x80405e8', '0x80405f0', '0x80405f8', '0x8040600', '0x8040608', '0x8040610', '0x8040618', '0x8040620', '0x8040628', '0x8040630', '0x8040638', '0x8040640', '0x8040648', '0x8040650', '0x8040658', '0x8040660', '0x8040668', '0x8040670', '0x8040678', '0x8040680', '0x8040688', '0x8040690', '0x8040698', '0x80406a0', '0x80406a8', '0x80406b0', '0x80406b8', '0x80406c0', '0x80406c8', '0x80406dc', '0x80406e4', '0x80406ec', '0x80406f4', '0x80406fc', '0x8040704', '0x804070c', '0x8040714', '0x804071c', '0x8040724', '0x804072c', '0x8040734', '0x804073c', '0x8040744', '0x804074c', '0x8040754', '0x804075c', '0x8040764', '0x804076c', '0x8040774', '0x804077c', '0x8040784', '0x804078c', '0x8040794', '0x804079c', '0x80407a4', '0x80407ac', '0x80407b4', '0x80407bc', '0x80407c4', '0x80407cc', '0x80407d4', '0x80407dc', '0x80407e4', '0x80407ec', '0x80407f4', '0x80407fc', '0x8040804', '0x804080c', '0x8040814', '0x804081c', '0x8040824', '0x804082c', '0x8040834', '0x804083c', '0x8040844', '0x804084c', '0x8040854', '0x804085c', '0x8040864', '0x804086c', '0x8040874', '0x804087c', '0x8040884', '0x804088c', '0x8040894', '0x804089c', '0x80408a4', '0x80408ac', '0x80408b4', '0x80408bc', '0x80408c4', '0x80408cc', '0x80408d4', '0x80408dc', '0x80408e4', '0x80408ec', '0x80408f4', '0x80408fc', '0x8040904', '0x804090c', '0x8040914', '0x804091c', '0x8040924', '0x804092c', '0x8040934', '0x804093c', '0x8040944', '0x804094c', '0x8040954', '0x804095c', '0x8040964', '0x804096c', '0x8040974', '0x804097c', '0x8040984', '0x804098c', '0x8040994', '0x804099c']
type: cond
adj_instr: 0x80409bc
-----
 
Current node
start_addr: 0x80409ae
end_addr: 0x80409b8
successors: ['0x80409bc', '0x80403de']
parents: ['0x80405d8', '0x80405e0', '0x80405e8', '0x80405f0', '0x80405f8', '0x8040600', '0x8040608', '0x8040610', '0x8040618', '0x8040620', '0x8040628', '0x8040630', '0x8040638', '0x8040640', '0x8040648', '0x8040650', '0x8040658', '0x8040660', '0x8040668', '0x8040670', '0x8040678', '0x8040680', '0x8040688', '0x8040690', '0x8040698', '0x80406a0', '0x80406a8', '0x80406b0', '0x80406b8', '0x80406c0', '0x80406c8', '0x80406dc', '0x80406e4', '0x80406ec', '0x80406f4', '0x80406fc', '0x8040704', '0x804070c', '0x8040714', '0x804071c', '0x8040724', '0x804072c', '0x8040734', '0x804073c', '0x8040744', '0x804074c', '0x8040754', '0x804075c', '0x8040764', '0x804076c', '0x8040774', '0x804077c', '0x8040784', '0x804078c', '0x8040794', '0x804079c', '0x80407a4', '0x80407ac', '0x80407b4', '0x80407bc', '0x80407c4', '0x80407cc', '0x80407d4', '0x80407dc', '0x80407e4', '0x80407ec', '0x80407f4', '0x80407fc', '0x8040804', '0x804080c', '0x8040814', '0x804081c', '0x8040824', '0x804082c', '0x8040834', '0x804083c', '0x8040844', '0x804084c', '0x8040854', '0x804085c', '0x8040864', '0x804086c', '0x8040874', '0x804087c', '0x8040884', '0x804088c', '0x8040894', '0x804089c', '0x80408a4', '0x80408ac', '0x80408b4', '0x80408bc', '0x80408c4', '0x80408cc', '0x80408d4', '0x80408dc', '0x80408e4', '0x80408ec', '0x80408f4', '0x80408fc', '0x8040904', '0x804090c', '0x8040914', '0x804091c', '0x8040924', '0x804092c', '0x8040934', '0x804093c', '0x8040944', '0x804094c', '0x8040954', '0x804095c', '0x8040964', '0x804096c', '0x8040974', '0x804097c', '0x8040984', '0x804098c', '0x8040994', '0x804099c']
type: cond
adj_instr: 0x80409bc
log_idx: 307
log_node.dest_addr: 0x80403de
 
Current node
start_addr: 0x80403de
end_addr: 0x80403e6
successors: ['0x80403ea', '0x80409a4']
parents: ['0x80409a4', '0x80409b4', '0x80409ae']
type: cond
adj_instr: 0x80403ea
log_idx: 308
log_node.dest_addr: 0x80403ea
 
Current node
start_addr: 0x80403ea
end_addr: 0x80403f4
successors: ['0x80405d8', '0x80405e0', '0x80405e8', '0x80405f0', '0x80405f8', '0x8040600', '0x8040608', '0x8040610', '0x8040618', '0x8040620', '0x8040628', '0x8040630', '0x8040638', '0x8040640', '0x8040648', '0x8040650', '0x8040658', '0x8040660', '0x8040668', '0x8040670', '0x8040678', '0x8040680', '0x8040688', '0x8040690', '0x8040698', '0x80406a0', '0x80406a8', '0x80406b0', '0x80406b8', '0x80406c0', '0x80406c8', '0x80406dc', '0x80406e4', '0x80406ec', '0x80406f4', '0x80406fc', '0x8040704', '0x804070c', '0x8040714', '0x804071c', '0x8040724', '0x804072c', '0x8040734', '0x804073c', '0x8040744', '0x804074c', '0x8040754', '0x804075c', '0x8040764', '0x804076c', '0x8040774', '0x804077c', '0x8040784', '0x804078c', '0x8040794', '0x804079c', '0x80407a4', '0x80407ac', '0x80407b4', '0x80407bc', '0x80407c4', '0x80407cc', '0x80407d4', '0x80407dc', '0x80407e4', '0x80407ec', '0x80407f4', '0x80407fc', '0x8040804', '0x804080c', '0x8040814', '0x804081c', '0x8040824', '0x804082c', '0x8040834', '0x804083c', '0x8040844', '0x804084c', '0x8040854', '0x804085c', '0x8040864', '0x804086c', '0x8040874', '0x804087c', '0x8040884', '0x804088c', '0x8040894', '0x804089c', '0x80408a4', '0x80408ac', '0x80408b4', '0x80408bc', '0x80408c4', '0x80408cc', '0x80408d4', '0x80408dc', '0x80408e4', '0x80408ec', '0x80408f4', '0x80408fc', '0x8040904', '0x804090c', '0x8040914', '0x804091c', '0x8040924', '0x804092c', '0x8040934', '0x804093c', '0x8040944', '0x804094c', '0x8040954', '0x804095c', '0x8040964', '0x804096c', '0x8040974', '0x804097c', '0x8040984', '0x804098c', '0x8040994', '0x804099c']
parents: ['0x80403de']
type: uncond
adj_instr: 0x80405d8
log_idx: 309
log_node.dest_addr: 0x8040704
 
Current node
start_addr: 0x8040704
end_addr: 0x804070a
successors: ['0x80409ae']
parents: ['0x80403ea']
type: uncond
adj_instr: 0x804070c
log_idx: 310
log_node.dest_addr: 0x80403de
-----
changed node
start_addr: 0x80409ae
end_addr: 0x80409b8
successors: ['0x80409bc', '0x80403de']
parents: ['0x80405d8', '0x80405e0', '0x80405e8', '0x80405f0', '0x80405f8', '0x8040600', '0x8040608', '0x8040610', '0x8040618', '0x8040620', '0x8040628', '0x8040630', '0x8040638', '0x8040640', '0x8040648', '0x8040650', '0x8040658', '0x8040660', '0x8040668', '0x8040670', '0x8040678', '0x8040680', '0x8040688', '0x8040690', '0x8040698', '0x80406a0', '0x80406a8', '0x80406b0', '0x80406b8', '0x80406c0', '0x80406c8', '0x80406dc', '0x80406e4', '0x80406ec', '0x80406f4', '0x80406fc', '0x8040704', '0x804070c', '0x8040714', '0x804071c', '0x8040724', '0x804072c', '0x8040734', '0x804073c', '0x8040744', '0x804074c', '0x8040754', '0x804075c', '0x8040764', '0x804076c', '0x8040774', '0x804077c', '0x8040784', '0x804078c', '0x8040794', '0x804079c', '0x80407a4', '0x80407ac', '0x80407b4', '0x80407bc', '0x80407c4', '0x80407cc', '0x80407d4', '0x80407dc', '0x80407e4', '0x80407ec', '0x80407f4', '0x80407fc', '0x8040804', '0x804080c', '0x8040814', '0x804081c', '0x8040824', '0x804082c', '0x8040834', '0x804083c', '0x8040844', '0x804084c', '0x8040854', '0x804085c', '0x8040864', '0x804086c', '0x8040874', '0x804087c', '0x8040884', '0x804088c', '0x8040894', '0x804089c', '0x80408a4', '0x80408ac', '0x80408b4', '0x80408bc', '0x80408c4', '0x80408cc', '0x80408d4', '0x80408dc', '0x80408e4', '0x80408ec', '0x80408f4', '0x80408fc', '0x8040904', '0x804090c', '0x8040914', '0x804091c', '0x8040924', '0x804092c', '0x8040934', '0x804093c', '0x8040944', '0x804094c', '0x8040954', '0x804095c', '0x8040964', '0x804096c', '0x8040974', '0x804097c', '0x8040984', '0x804098c', '0x8040994', '0x804099c']
type: cond
adj_instr: 0x80409bc
-----
 
Current node
start_addr: 0x80409ae
end_addr: 0x80409b8
successors: ['0x80409bc', '0x80403de']
parents: ['0x80405d8', '0x80405e0', '0x80405e8', '0x80405f0', '0x80405f8', '0x8040600', '0x8040608', '0x8040610', '0x8040618', '0x8040620', '0x8040628', '0x8040630', '0x8040638', '0x8040640', '0x8040648', '0x8040650', '0x8040658', '0x8040660', '0x8040668', '0x8040670', '0x8040678', '0x8040680', '0x8040688', '0x8040690', '0x8040698', '0x80406a0', '0x80406a8', '0x80406b0', '0x80406b8', '0x80406c0', '0x80406c8', '0x80406dc', '0x80406e4', '0x80406ec', '0x80406f4', '0x80406fc', '0x8040704', '0x804070c', '0x8040714', '0x804071c', '0x8040724', '0x804072c', '0x8040734', '0x804073c', '0x8040744', '0x804074c', '0x8040754', '0x804075c', '0x8040764', '0x804076c', '0x8040774', '0x804077c', '0x8040784', '0x804078c', '0x8040794', '0x804079c', '0x80407a4', '0x80407ac', '0x80407b4', '0x80407bc', '0x80407c4', '0x80407cc', '0x80407d4', '0x80407dc', '0x80407e4', '0x80407ec', '0x80407f4', '0x80407fc', '0x8040804', '0x804080c', '0x8040814', '0x804081c', '0x8040824', '0x804082c', '0x8040834', '0x804083c', '0x8040844', '0x804084c', '0x8040854', '0x804085c', '0x8040864', '0x804086c', '0x8040874', '0x804087c', '0x8040884', '0x804088c', '0x8040894', '0x804089c', '0x80408a4', '0x80408ac', '0x80408b4', '0x80408bc', '0x80408c4', '0x80408cc', '0x80408d4', '0x80408dc', '0x80408e4', '0x80408ec', '0x80408f4', '0x80408fc', '0x8040904', '0x804090c', '0x8040914', '0x804091c', '0x8040924', '0x804092c', '0x8040934', '0x804093c', '0x8040944', '0x804094c', '0x8040954', '0x804095c', '0x8040964', '0x804096c', '0x8040974', '0x804097c', '0x8040984', '0x804098c', '0x8040994', '0x804099c']
type: cond
adj_instr: 0x80409bc
log_idx: 310
log_node.dest_addr: 0x80403de
 
Current node
start_addr: 0x80403de
end_addr: 0x80403e6
successors: ['0x80403ea', '0x80409a4']
parents: ['0x80409a4', '0x80409b4', '0x80409ae']
type: cond
adj_instr: 0x80403ea
log_idx: 311
log_node.dest_addr: 0x80403ea
 
Current node
start_addr: 0x80403ea
end_addr: 0x80403f4
successors: ['0x80405d8', '0x80405e0', '0x80405e8', '0x80405f0', '0x80405f8', '0x8040600', '0x8040608', '0x8040610', '0x8040618', '0x8040620', '0x8040628', '0x8040630', '0x8040638', '0x8040640', '0x8040648', '0x8040650', '0x8040658', '0x8040660', '0x8040668', '0x8040670', '0x8040678', '0x8040680', '0x8040688', '0x8040690', '0x8040698', '0x80406a0', '0x80406a8', '0x80406b0', '0x80406b8', '0x80406c0', '0x80406c8', '0x80406dc', '0x80406e4', '0x80406ec', '0x80406f4', '0x80406fc', '0x8040704', '0x804070c', '0x8040714', '0x804071c', '0x8040724', '0x804072c', '0x8040734', '0x804073c', '0x8040744', '0x804074c', '0x8040754', '0x804075c', '0x8040764', '0x804076c', '0x8040774', '0x804077c', '0x8040784', '0x804078c', '0x8040794', '0x804079c', '0x80407a4', '0x80407ac', '0x80407b4', '0x80407bc', '0x80407c4', '0x80407cc', '0x80407d4', '0x80407dc', '0x80407e4', '0x80407ec', '0x80407f4', '0x80407fc', '0x8040804', '0x804080c', '0x8040814', '0x804081c', '0x8040824', '0x804082c', '0x8040834', '0x804083c', '0x8040844', '0x804084c', '0x8040854', '0x804085c', '0x8040864', '0x804086c', '0x8040874', '0x804087c', '0x8040884', '0x804088c', '0x8040894', '0x804089c', '0x80408a4', '0x80408ac', '0x80408b4', '0x80408bc', '0x80408c4', '0x80408cc', '0x80408d4', '0x80408dc', '0x80408e4', '0x80408ec', '0x80408f4', '0x80408fc', '0x8040904', '0x804090c', '0x8040914', '0x804091c', '0x8040924', '0x804092c', '0x8040934', '0x804093c', '0x8040944', '0x804094c', '0x8040954', '0x804095c', '0x8040964', '0x804096c', '0x8040974', '0x804097c', '0x8040984', '0x804098c', '0x8040994', '0x804099c']
parents: ['0x80403de']
type: uncond
adj_instr: 0x80405d8
log_idx: 312
log_node.dest_addr: 0x804070c
 
Current node
start_addr: 0x804070c
end_addr: 0x8040712
successors: ['0x80409ae']
parents: ['0x80403ea']
type: uncond
adj_instr: 0x8040714
log_idx: 313
log_node.dest_addr: 0x80403de
-----
changed node
start_addr: 0x80409ae
end_addr: 0x80409b8
successors: ['0x80409bc', '0x80403de']
parents: ['0x80405d8', '0x80405e0', '0x80405e8', '0x80405f0', '0x80405f8', '0x8040600', '0x8040608', '0x8040610', '0x8040618', '0x8040620', '0x8040628', '0x8040630', '0x8040638', '0x8040640', '0x8040648', '0x8040650', '0x8040658', '0x8040660', '0x8040668', '0x8040670', '0x8040678', '0x8040680', '0x8040688', '0x8040690', '0x8040698', '0x80406a0', '0x80406a8', '0x80406b0', '0x80406b8', '0x80406c0', '0x80406c8', '0x80406dc', '0x80406e4', '0x80406ec', '0x80406f4', '0x80406fc', '0x8040704', '0x804070c', '0x8040714', '0x804071c', '0x8040724', '0x804072c', '0x8040734', '0x804073c', '0x8040744', '0x804074c', '0x8040754', '0x804075c', '0x8040764', '0x804076c', '0x8040774', '0x804077c', '0x8040784', '0x804078c', '0x8040794', '0x804079c', '0x80407a4', '0x80407ac', '0x80407b4', '0x80407bc', '0x80407c4', '0x80407cc', '0x80407d4', '0x80407dc', '0x80407e4', '0x80407ec', '0x80407f4', '0x80407fc', '0x8040804', '0x804080c', '0x8040814', '0x804081c', '0x8040824', '0x804082c', '0x8040834', '0x804083c', '0x8040844', '0x804084c', '0x8040854', '0x804085c', '0x8040864', '0x804086c', '0x8040874', '0x804087c', '0x8040884', '0x804088c', '0x8040894', '0x804089c', '0x80408a4', '0x80408ac', '0x80408b4', '0x80408bc', '0x80408c4', '0x80408cc', '0x80408d4', '0x80408dc', '0x80408e4', '0x80408ec', '0x80408f4', '0x80408fc', '0x8040904', '0x804090c', '0x8040914', '0x804091c', '0x8040924', '0x804092c', '0x8040934', '0x804093c', '0x8040944', '0x804094c', '0x8040954', '0x804095c', '0x8040964', '0x804096c', '0x8040974', '0x804097c', '0x8040984', '0x804098c', '0x8040994', '0x804099c']
type: cond
adj_instr: 0x80409bc
-----
 
Current node
start_addr: 0x80409ae
end_addr: 0x80409b8
successors: ['0x80409bc', '0x80403de']
parents: ['0x80405d8', '0x80405e0', '0x80405e8', '0x80405f0', '0x80405f8', '0x8040600', '0x8040608', '0x8040610', '0x8040618', '0x8040620', '0x8040628', '0x8040630', '0x8040638', '0x8040640', '0x8040648', '0x8040650', '0x8040658', '0x8040660', '0x8040668', '0x8040670', '0x8040678', '0x8040680', '0x8040688', '0x8040690', '0x8040698', '0x80406a0', '0x80406a8', '0x80406b0', '0x80406b8', '0x80406c0', '0x80406c8', '0x80406dc', '0x80406e4', '0x80406ec', '0x80406f4', '0x80406fc', '0x8040704', '0x804070c', '0x8040714', '0x804071c', '0x8040724', '0x804072c', '0x8040734', '0x804073c', '0x8040744', '0x804074c', '0x8040754', '0x804075c', '0x8040764', '0x804076c', '0x8040774', '0x804077c', '0x8040784', '0x804078c', '0x8040794', '0x804079c', '0x80407a4', '0x80407ac', '0x80407b4', '0x80407bc', '0x80407c4', '0x80407cc', '0x80407d4', '0x80407dc', '0x80407e4', '0x80407ec', '0x80407f4', '0x80407fc', '0x8040804', '0x804080c', '0x8040814', '0x804081c', '0x8040824', '0x804082c', '0x8040834', '0x804083c', '0x8040844', '0x804084c', '0x8040854', '0x804085c', '0x8040864', '0x804086c', '0x8040874', '0x804087c', '0x8040884', '0x804088c', '0x8040894', '0x804089c', '0x80408a4', '0x80408ac', '0x80408b4', '0x80408bc', '0x80408c4', '0x80408cc', '0x80408d4', '0x80408dc', '0x80408e4', '0x80408ec', '0x80408f4', '0x80408fc', '0x8040904', '0x804090c', '0x8040914', '0x804091c', '0x8040924', '0x804092c', '0x8040934', '0x804093c', '0x8040944', '0x804094c', '0x8040954', '0x804095c', '0x8040964', '0x804096c', '0x8040974', '0x804097c', '0x8040984', '0x804098c', '0x8040994', '0x804099c']
type: cond
adj_instr: 0x80409bc
log_idx: 313
log_node.dest_addr: 0x80403de
 
Current node
start_addr: 0x80403de
end_addr: 0x80403e6
successors: ['0x80403ea', '0x80409a4']
parents: ['0x80409a4', '0x80409b4', '0x80409ae']
type: cond
adj_instr: 0x80403ea
log_idx: 314
log_node.dest_addr: 0x80403ea
 
Current node
start_addr: 0x80403ea
end_addr: 0x80403f4
successors: ['0x80405d8', '0x80405e0', '0x80405e8', '0x80405f0', '0x80405f8', '0x8040600', '0x8040608', '0x8040610', '0x8040618', '0x8040620', '0x8040628', '0x8040630', '0x8040638', '0x8040640', '0x8040648', '0x8040650', '0x8040658', '0x8040660', '0x8040668', '0x8040670', '0x8040678', '0x8040680', '0x8040688', '0x8040690', '0x8040698', '0x80406a0', '0x80406a8', '0x80406b0', '0x80406b8', '0x80406c0', '0x80406c8', '0x80406dc', '0x80406e4', '0x80406ec', '0x80406f4', '0x80406fc', '0x8040704', '0x804070c', '0x8040714', '0x804071c', '0x8040724', '0x804072c', '0x8040734', '0x804073c', '0x8040744', '0x804074c', '0x8040754', '0x804075c', '0x8040764', '0x804076c', '0x8040774', '0x804077c', '0x8040784', '0x804078c', '0x8040794', '0x804079c', '0x80407a4', '0x80407ac', '0x80407b4', '0x80407bc', '0x80407c4', '0x80407cc', '0x80407d4', '0x80407dc', '0x80407e4', '0x80407ec', '0x80407f4', '0x80407fc', '0x8040804', '0x804080c', '0x8040814', '0x804081c', '0x8040824', '0x804082c', '0x8040834', '0x804083c', '0x8040844', '0x804084c', '0x8040854', '0x804085c', '0x8040864', '0x804086c', '0x8040874', '0x804087c', '0x8040884', '0x804088c', '0x8040894', '0x804089c', '0x80408a4', '0x80408ac', '0x80408b4', '0x80408bc', '0x80408c4', '0x80408cc', '0x80408d4', '0x80408dc', '0x80408e4', '0x80408ec', '0x80408f4', '0x80408fc', '0x8040904', '0x804090c', '0x8040914', '0x804091c', '0x8040924', '0x804092c', '0x8040934', '0x804093c', '0x8040944', '0x804094c', '0x8040954', '0x804095c', '0x8040964', '0x804096c', '0x8040974', '0x804097c', '0x8040984', '0x804098c', '0x8040994', '0x804099c']
parents: ['0x80403de']
type: uncond
adj_instr: 0x80405d8
log_idx: 315
log_node.dest_addr: 0x8040714
 
Current node
start_addr: 0x8040714
end_addr: 0x804071a
successors: ['0x80409ae']
parents: ['0x80403ea']
type: uncond
adj_instr: 0x804071c
log_idx: 316
log_node.dest_addr: 0x80403de
-----
changed node
start_addr: 0x80409ae
end_addr: 0x80409b8
successors: ['0x80409bc', '0x80403de']
parents: ['0x80405d8', '0x80405e0', '0x80405e8', '0x80405f0', '0x80405f8', '0x8040600', '0x8040608', '0x8040610', '0x8040618', '0x8040620', '0x8040628', '0x8040630', '0x8040638', '0x8040640', '0x8040648', '0x8040650', '0x8040658', '0x8040660', '0x8040668', '0x8040670', '0x8040678', '0x8040680', '0x8040688', '0x8040690', '0x8040698', '0x80406a0', '0x80406a8', '0x80406b0', '0x80406b8', '0x80406c0', '0x80406c8', '0x80406dc', '0x80406e4', '0x80406ec', '0x80406f4', '0x80406fc', '0x8040704', '0x804070c', '0x8040714', '0x804071c', '0x8040724', '0x804072c', '0x8040734', '0x804073c', '0x8040744', '0x804074c', '0x8040754', '0x804075c', '0x8040764', '0x804076c', '0x8040774', '0x804077c', '0x8040784', '0x804078c', '0x8040794', '0x804079c', '0x80407a4', '0x80407ac', '0x80407b4', '0x80407bc', '0x80407c4', '0x80407cc', '0x80407d4', '0x80407dc', '0x80407e4', '0x80407ec', '0x80407f4', '0x80407fc', '0x8040804', '0x804080c', '0x8040814', '0x804081c', '0x8040824', '0x804082c', '0x8040834', '0x804083c', '0x8040844', '0x804084c', '0x8040854', '0x804085c', '0x8040864', '0x804086c', '0x8040874', '0x804087c', '0x8040884', '0x804088c', '0x8040894', '0x804089c', '0x80408a4', '0x80408ac', '0x80408b4', '0x80408bc', '0x80408c4', '0x80408cc', '0x80408d4', '0x80408dc', '0x80408e4', '0x80408ec', '0x80408f4', '0x80408fc', '0x8040904', '0x804090c', '0x8040914', '0x804091c', '0x8040924', '0x804092c', '0x8040934', '0x804093c', '0x8040944', '0x804094c', '0x8040954', '0x804095c', '0x8040964', '0x804096c', '0x8040974', '0x804097c', '0x8040984', '0x804098c', '0x8040994', '0x804099c']
type: cond
adj_instr: 0x80409bc
-----
 
Current node
start_addr: 0x80409ae
end_addr: 0x80409b8
successors: ['0x80409bc', '0x80403de']
parents: ['0x80405d8', '0x80405e0', '0x80405e8', '0x80405f0', '0x80405f8', '0x8040600', '0x8040608', '0x8040610', '0x8040618', '0x8040620', '0x8040628', '0x8040630', '0x8040638', '0x8040640', '0x8040648', '0x8040650', '0x8040658', '0x8040660', '0x8040668', '0x8040670', '0x8040678', '0x8040680', '0x8040688', '0x8040690', '0x8040698', '0x80406a0', '0x80406a8', '0x80406b0', '0x80406b8', '0x80406c0', '0x80406c8', '0x80406dc', '0x80406e4', '0x80406ec', '0x80406f4', '0x80406fc', '0x8040704', '0x804070c', '0x8040714', '0x804071c', '0x8040724', '0x804072c', '0x8040734', '0x804073c', '0x8040744', '0x804074c', '0x8040754', '0x804075c', '0x8040764', '0x804076c', '0x8040774', '0x804077c', '0x8040784', '0x804078c', '0x8040794', '0x804079c', '0x80407a4', '0x80407ac', '0x80407b4', '0x80407bc', '0x80407c4', '0x80407cc', '0x80407d4', '0x80407dc', '0x80407e4', '0x80407ec', '0x80407f4', '0x80407fc', '0x8040804', '0x804080c', '0x8040814', '0x804081c', '0x8040824', '0x804082c', '0x8040834', '0x804083c', '0x8040844', '0x804084c', '0x8040854', '0x804085c', '0x8040864', '0x804086c', '0x8040874', '0x804087c', '0x8040884', '0x804088c', '0x8040894', '0x804089c', '0x80408a4', '0x80408ac', '0x80408b4', '0x80408bc', '0x80408c4', '0x80408cc', '0x80408d4', '0x80408dc', '0x80408e4', '0x80408ec', '0x80408f4', '0x80408fc', '0x8040904', '0x804090c', '0x8040914', '0x804091c', '0x8040924', '0x804092c', '0x8040934', '0x804093c', '0x8040944', '0x804094c', '0x8040954', '0x804095c', '0x8040964', '0x804096c', '0x8040974', '0x804097c', '0x8040984', '0x804098c', '0x8040994', '0x804099c']
type: cond
adj_instr: 0x80409bc
log_idx: 316
log_node.dest_addr: 0x80403de
 
Current node
start_addr: 0x80403de
end_addr: 0x80403e6
successors: ['0x80403ea', '0x80409a4']
parents: ['0x80409a4', '0x80409b4', '0x80409ae']
type: cond
adj_instr: 0x80403ea
log_idx: 317
log_node.dest_addr: 0x80403ea
 
Current node
start_addr: 0x80403ea
end_addr: 0x80403f4
successors: ['0x80405d8', '0x80405e0', '0x80405e8', '0x80405f0', '0x80405f8', '0x8040600', '0x8040608', '0x8040610', '0x8040618', '0x8040620', '0x8040628', '0x8040630', '0x8040638', '0x8040640', '0x8040648', '0x8040650', '0x8040658', '0x8040660', '0x8040668', '0x8040670', '0x8040678', '0x8040680', '0x8040688', '0x8040690', '0x8040698', '0x80406a0', '0x80406a8', '0x80406b0', '0x80406b8', '0x80406c0', '0x80406c8', '0x80406dc', '0x80406e4', '0x80406ec', '0x80406f4', '0x80406fc', '0x8040704', '0x804070c', '0x8040714', '0x804071c', '0x8040724', '0x804072c', '0x8040734', '0x804073c', '0x8040744', '0x804074c', '0x8040754', '0x804075c', '0x8040764', '0x804076c', '0x8040774', '0x804077c', '0x8040784', '0x804078c', '0x8040794', '0x804079c', '0x80407a4', '0x80407ac', '0x80407b4', '0x80407bc', '0x80407c4', '0x80407cc', '0x80407d4', '0x80407dc', '0x80407e4', '0x80407ec', '0x80407f4', '0x80407fc', '0x8040804', '0x804080c', '0x8040814', '0x804081c', '0x8040824', '0x804082c', '0x8040834', '0x804083c', '0x8040844', '0x804084c', '0x8040854', '0x804085c', '0x8040864', '0x804086c', '0x8040874', '0x804087c', '0x8040884', '0x804088c', '0x8040894', '0x804089c', '0x80408a4', '0x80408ac', '0x80408b4', '0x80408bc', '0x80408c4', '0x80408cc', '0x80408d4', '0x80408dc', '0x80408e4', '0x80408ec', '0x80408f4', '0x80408fc', '0x8040904', '0x804090c', '0x8040914', '0x804091c', '0x8040924', '0x804092c', '0x8040934', '0x804093c', '0x8040944', '0x804094c', '0x8040954', '0x804095c', '0x8040964', '0x804096c', '0x8040974', '0x804097c', '0x8040984', '0x804098c', '0x8040994', '0x804099c']
parents: ['0x80403de']
type: uncond
adj_instr: 0x80405d8
log_idx: 318
log_node.dest_addr: 0x804071c
 
Current node
start_addr: 0x804071c
end_addr: 0x8040722
successors: ['0x80409ae']
parents: ['0x80403ea']
type: uncond
adj_instr: 0x8040724
log_idx: 319
log_node.dest_addr: 0x80403de
-----
changed node
start_addr: 0x80409ae
end_addr: 0x80409b8
successors: ['0x80409bc', '0x80403de']
parents: ['0x80405d8', '0x80405e0', '0x80405e8', '0x80405f0', '0x80405f8', '0x8040600', '0x8040608', '0x8040610', '0x8040618', '0x8040620', '0x8040628', '0x8040630', '0x8040638', '0x8040640', '0x8040648', '0x8040650', '0x8040658', '0x8040660', '0x8040668', '0x8040670', '0x8040678', '0x8040680', '0x8040688', '0x8040690', '0x8040698', '0x80406a0', '0x80406a8', '0x80406b0', '0x80406b8', '0x80406c0', '0x80406c8', '0x80406dc', '0x80406e4', '0x80406ec', '0x80406f4', '0x80406fc', '0x8040704', '0x804070c', '0x8040714', '0x804071c', '0x8040724', '0x804072c', '0x8040734', '0x804073c', '0x8040744', '0x804074c', '0x8040754', '0x804075c', '0x8040764', '0x804076c', '0x8040774', '0x804077c', '0x8040784', '0x804078c', '0x8040794', '0x804079c', '0x80407a4', '0x80407ac', '0x80407b4', '0x80407bc', '0x80407c4', '0x80407cc', '0x80407d4', '0x80407dc', '0x80407e4', '0x80407ec', '0x80407f4', '0x80407fc', '0x8040804', '0x804080c', '0x8040814', '0x804081c', '0x8040824', '0x804082c', '0x8040834', '0x804083c', '0x8040844', '0x804084c', '0x8040854', '0x804085c', '0x8040864', '0x804086c', '0x8040874', '0x804087c', '0x8040884', '0x804088c', '0x8040894', '0x804089c', '0x80408a4', '0x80408ac', '0x80408b4', '0x80408bc', '0x80408c4', '0x80408cc', '0x80408d4', '0x80408dc', '0x80408e4', '0x80408ec', '0x80408f4', '0x80408fc', '0x8040904', '0x804090c', '0x8040914', '0x804091c', '0x8040924', '0x804092c', '0x8040934', '0x804093c', '0x8040944', '0x804094c', '0x8040954', '0x804095c', '0x8040964', '0x804096c', '0x8040974', '0x804097c', '0x8040984', '0x804098c', '0x8040994', '0x804099c']
type: cond
adj_instr: 0x80409bc
-----
 
Current node
start_addr: 0x80409ae
end_addr: 0x80409b8
successors: ['0x80409bc', '0x80403de']
parents: ['0x80405d8', '0x80405e0', '0x80405e8', '0x80405f0', '0x80405f8', '0x8040600', '0x8040608', '0x8040610', '0x8040618', '0x8040620', '0x8040628', '0x8040630', '0x8040638', '0x8040640', '0x8040648', '0x8040650', '0x8040658', '0x8040660', '0x8040668', '0x8040670', '0x8040678', '0x8040680', '0x8040688', '0x8040690', '0x8040698', '0x80406a0', '0x80406a8', '0x80406b0', '0x80406b8', '0x80406c0', '0x80406c8', '0x80406dc', '0x80406e4', '0x80406ec', '0x80406f4', '0x80406fc', '0x8040704', '0x804070c', '0x8040714', '0x804071c', '0x8040724', '0x804072c', '0x8040734', '0x804073c', '0x8040744', '0x804074c', '0x8040754', '0x804075c', '0x8040764', '0x804076c', '0x8040774', '0x804077c', '0x8040784', '0x804078c', '0x8040794', '0x804079c', '0x80407a4', '0x80407ac', '0x80407b4', '0x80407bc', '0x80407c4', '0x80407cc', '0x80407d4', '0x80407dc', '0x80407e4', '0x80407ec', '0x80407f4', '0x80407fc', '0x8040804', '0x804080c', '0x8040814', '0x804081c', '0x8040824', '0x804082c', '0x8040834', '0x804083c', '0x8040844', '0x804084c', '0x8040854', '0x804085c', '0x8040864', '0x804086c', '0x8040874', '0x804087c', '0x8040884', '0x804088c', '0x8040894', '0x804089c', '0x80408a4', '0x80408ac', '0x80408b4', '0x80408bc', '0x80408c4', '0x80408cc', '0x80408d4', '0x80408dc', '0x80408e4', '0x80408ec', '0x80408f4', '0x80408fc', '0x8040904', '0x804090c', '0x8040914', '0x804091c', '0x8040924', '0x804092c', '0x8040934', '0x804093c', '0x8040944', '0x804094c', '0x8040954', '0x804095c', '0x8040964', '0x804096c', '0x8040974', '0x804097c', '0x8040984', '0x804098c', '0x8040994', '0x804099c']
type: cond
adj_instr: 0x80409bc
log_idx: 319
log_node.dest_addr: 0x80403de
 
Current node
start_addr: 0x80403de
end_addr: 0x80403e6
successors: ['0x80403ea', '0x80409a4']
parents: ['0x80409a4', '0x80409b4', '0x80409ae']
type: cond
adj_instr: 0x80403ea
log_idx: 320
log_node.dest_addr: 0x80403ea
 
Current node
start_addr: 0x80403ea
end_addr: 0x80403f4
successors: ['0x80405d8', '0x80405e0', '0x80405e8', '0x80405f0', '0x80405f8', '0x8040600', '0x8040608', '0x8040610', '0x8040618', '0x8040620', '0x8040628', '0x8040630', '0x8040638', '0x8040640', '0x8040648', '0x8040650', '0x8040658', '0x8040660', '0x8040668', '0x8040670', '0x8040678', '0x8040680', '0x8040688', '0x8040690', '0x8040698', '0x80406a0', '0x80406a8', '0x80406b0', '0x80406b8', '0x80406c0', '0x80406c8', '0x80406dc', '0x80406e4', '0x80406ec', '0x80406f4', '0x80406fc', '0x8040704', '0x804070c', '0x8040714', '0x804071c', '0x8040724', '0x804072c', '0x8040734', '0x804073c', '0x8040744', '0x804074c', '0x8040754', '0x804075c', '0x8040764', '0x804076c', '0x8040774', '0x804077c', '0x8040784', '0x804078c', '0x8040794', '0x804079c', '0x80407a4', '0x80407ac', '0x80407b4', '0x80407bc', '0x80407c4', '0x80407cc', '0x80407d4', '0x80407dc', '0x80407e4', '0x80407ec', '0x80407f4', '0x80407fc', '0x8040804', '0x804080c', '0x8040814', '0x804081c', '0x8040824', '0x804082c', '0x8040834', '0x804083c', '0x8040844', '0x804084c', '0x8040854', '0x804085c', '0x8040864', '0x804086c', '0x8040874', '0x804087c', '0x8040884', '0x804088c', '0x8040894', '0x804089c', '0x80408a4', '0x80408ac', '0x80408b4', '0x80408bc', '0x80408c4', '0x80408cc', '0x80408d4', '0x80408dc', '0x80408e4', '0x80408ec', '0x80408f4', '0x80408fc', '0x8040904', '0x804090c', '0x8040914', '0x804091c', '0x8040924', '0x804092c', '0x8040934', '0x804093c', '0x8040944', '0x804094c', '0x8040954', '0x804095c', '0x8040964', '0x804096c', '0x8040974', '0x804097c', '0x8040984', '0x804098c', '0x8040994', '0x804099c']
parents: ['0x80403de']
type: uncond
adj_instr: 0x80405d8
log_idx: 321
log_node.dest_addr: 0x8040724
 
Current node
start_addr: 0x8040724
end_addr: 0x804072a
successors: ['0x80409ae']
parents: ['0x80403ea']
type: uncond
adj_instr: 0x804072c
log_idx: 322
log_node.dest_addr: 0x80403de
-----
changed node
start_addr: 0x80409ae
end_addr: 0x80409b8
successors: ['0x80409bc', '0x80403de']
parents: ['0x80405d8', '0x80405e0', '0x80405e8', '0x80405f0', '0x80405f8', '0x8040600', '0x8040608', '0x8040610', '0x8040618', '0x8040620', '0x8040628', '0x8040630', '0x8040638', '0x8040640', '0x8040648', '0x8040650', '0x8040658', '0x8040660', '0x8040668', '0x8040670', '0x8040678', '0x8040680', '0x8040688', '0x8040690', '0x8040698', '0x80406a0', '0x80406a8', '0x80406b0', '0x80406b8', '0x80406c0', '0x80406c8', '0x80406dc', '0x80406e4', '0x80406ec', '0x80406f4', '0x80406fc', '0x8040704', '0x804070c', '0x8040714', '0x804071c', '0x8040724', '0x804072c', '0x8040734', '0x804073c', '0x8040744', '0x804074c', '0x8040754', '0x804075c', '0x8040764', '0x804076c', '0x8040774', '0x804077c', '0x8040784', '0x804078c', '0x8040794', '0x804079c', '0x80407a4', '0x80407ac', '0x80407b4', '0x80407bc', '0x80407c4', '0x80407cc', '0x80407d4', '0x80407dc', '0x80407e4', '0x80407ec', '0x80407f4', '0x80407fc', '0x8040804', '0x804080c', '0x8040814', '0x804081c', '0x8040824', '0x804082c', '0x8040834', '0x804083c', '0x8040844', '0x804084c', '0x8040854', '0x804085c', '0x8040864', '0x804086c', '0x8040874', '0x804087c', '0x8040884', '0x804088c', '0x8040894', '0x804089c', '0x80408a4', '0x80408ac', '0x80408b4', '0x80408bc', '0x80408c4', '0x80408cc', '0x80408d4', '0x80408dc', '0x80408e4', '0x80408ec', '0x80408f4', '0x80408fc', '0x8040904', '0x804090c', '0x8040914', '0x804091c', '0x8040924', '0x804092c', '0x8040934', '0x804093c', '0x8040944', '0x804094c', '0x8040954', '0x804095c', '0x8040964', '0x804096c', '0x8040974', '0x804097c', '0x8040984', '0x804098c', '0x8040994', '0x804099c']
type: cond
adj_instr: 0x80409bc
-----
 
Current node
start_addr: 0x80409ae
end_addr: 0x80409b8
successors: ['0x80409bc', '0x80403de']
parents: ['0x80405d8', '0x80405e0', '0x80405e8', '0x80405f0', '0x80405f8', '0x8040600', '0x8040608', '0x8040610', '0x8040618', '0x8040620', '0x8040628', '0x8040630', '0x8040638', '0x8040640', '0x8040648', '0x8040650', '0x8040658', '0x8040660', '0x8040668', '0x8040670', '0x8040678', '0x8040680', '0x8040688', '0x8040690', '0x8040698', '0x80406a0', '0x80406a8', '0x80406b0', '0x80406b8', '0x80406c0', '0x80406c8', '0x80406dc', '0x80406e4', '0x80406ec', '0x80406f4', '0x80406fc', '0x8040704', '0x804070c', '0x8040714', '0x804071c', '0x8040724', '0x804072c', '0x8040734', '0x804073c', '0x8040744', '0x804074c', '0x8040754', '0x804075c', '0x8040764', '0x804076c', '0x8040774', '0x804077c', '0x8040784', '0x804078c', '0x8040794', '0x804079c', '0x80407a4', '0x80407ac', '0x80407b4', '0x80407bc', '0x80407c4', '0x80407cc', '0x80407d4', '0x80407dc', '0x80407e4', '0x80407ec', '0x80407f4', '0x80407fc', '0x8040804', '0x804080c', '0x8040814', '0x804081c', '0x8040824', '0x804082c', '0x8040834', '0x804083c', '0x8040844', '0x804084c', '0x8040854', '0x804085c', '0x8040864', '0x804086c', '0x8040874', '0x804087c', '0x8040884', '0x804088c', '0x8040894', '0x804089c', '0x80408a4', '0x80408ac', '0x80408b4', '0x80408bc', '0x80408c4', '0x80408cc', '0x80408d4', '0x80408dc', '0x80408e4', '0x80408ec', '0x80408f4', '0x80408fc', '0x8040904', '0x804090c', '0x8040914', '0x804091c', '0x8040924', '0x804092c', '0x8040934', '0x804093c', '0x8040944', '0x804094c', '0x8040954', '0x804095c', '0x8040964', '0x804096c', '0x8040974', '0x804097c', '0x8040984', '0x804098c', '0x8040994', '0x804099c']
type: cond
adj_instr: 0x80409bc
log_idx: 322
log_node.dest_addr: 0x80403de
 
Current node
start_addr: 0x80403de
end_addr: 0x80403e6
successors: ['0x80403ea', '0x80409a4']
parents: ['0x80409a4', '0x80409b4', '0x80409ae']
type: cond
adj_instr: 0x80403ea
log_idx: 323
log_node.dest_addr: 0x80403ea
 
Current node
start_addr: 0x80403ea
end_addr: 0x80403f4
successors: ['0x80405d8', '0x80405e0', '0x80405e8', '0x80405f0', '0x80405f8', '0x8040600', '0x8040608', '0x8040610', '0x8040618', '0x8040620', '0x8040628', '0x8040630', '0x8040638', '0x8040640', '0x8040648', '0x8040650', '0x8040658', '0x8040660', '0x8040668', '0x8040670', '0x8040678', '0x8040680', '0x8040688', '0x8040690', '0x8040698', '0x80406a0', '0x80406a8', '0x80406b0', '0x80406b8', '0x80406c0', '0x80406c8', '0x80406dc', '0x80406e4', '0x80406ec', '0x80406f4', '0x80406fc', '0x8040704', '0x804070c', '0x8040714', '0x804071c', '0x8040724', '0x804072c', '0x8040734', '0x804073c', '0x8040744', '0x804074c', '0x8040754', '0x804075c', '0x8040764', '0x804076c', '0x8040774', '0x804077c', '0x8040784', '0x804078c', '0x8040794', '0x804079c', '0x80407a4', '0x80407ac', '0x80407b4', '0x80407bc', '0x80407c4', '0x80407cc', '0x80407d4', '0x80407dc', '0x80407e4', '0x80407ec', '0x80407f4', '0x80407fc', '0x8040804', '0x804080c', '0x8040814', '0x804081c', '0x8040824', '0x804082c', '0x8040834', '0x804083c', '0x8040844', '0x804084c', '0x8040854', '0x804085c', '0x8040864', '0x804086c', '0x8040874', '0x804087c', '0x8040884', '0x804088c', '0x8040894', '0x804089c', '0x80408a4', '0x80408ac', '0x80408b4', '0x80408bc', '0x80408c4', '0x80408cc', '0x80408d4', '0x80408dc', '0x80408e4', '0x80408ec', '0x80408f4', '0x80408fc', '0x8040904', '0x804090c', '0x8040914', '0x804091c', '0x8040924', '0x804092c', '0x8040934', '0x804093c', '0x8040944', '0x804094c', '0x8040954', '0x804095c', '0x8040964', '0x804096c', '0x8040974', '0x804097c', '0x8040984', '0x804098c', '0x8040994', '0x804099c']
parents: ['0x80403de']
type: uncond
adj_instr: 0x80405d8
log_idx: 324
log_node.dest_addr: 0x804072c
 
Current node
start_addr: 0x804072c
end_addr: 0x8040732
successors: ['0x80409ae']
parents: ['0x80403ea']
type: uncond
adj_instr: 0x8040734
log_idx: 325
log_node.dest_addr: 0x80403de
-----
changed node
start_addr: 0x80409ae
end_addr: 0x80409b8
successors: ['0x80409bc', '0x80403de']
parents: ['0x80405d8', '0x80405e0', '0x80405e8', '0x80405f0', '0x80405f8', '0x8040600', '0x8040608', '0x8040610', '0x8040618', '0x8040620', '0x8040628', '0x8040630', '0x8040638', '0x8040640', '0x8040648', '0x8040650', '0x8040658', '0x8040660', '0x8040668', '0x8040670', '0x8040678', '0x8040680', '0x8040688', '0x8040690', '0x8040698', '0x80406a0', '0x80406a8', '0x80406b0', '0x80406b8', '0x80406c0', '0x80406c8', '0x80406dc', '0x80406e4', '0x80406ec', '0x80406f4', '0x80406fc', '0x8040704', '0x804070c', '0x8040714', '0x804071c', '0x8040724', '0x804072c', '0x8040734', '0x804073c', '0x8040744', '0x804074c', '0x8040754', '0x804075c', '0x8040764', '0x804076c', '0x8040774', '0x804077c', '0x8040784', '0x804078c', '0x8040794', '0x804079c', '0x80407a4', '0x80407ac', '0x80407b4', '0x80407bc', '0x80407c4', '0x80407cc', '0x80407d4', '0x80407dc', '0x80407e4', '0x80407ec', '0x80407f4', '0x80407fc', '0x8040804', '0x804080c', '0x8040814', '0x804081c', '0x8040824', '0x804082c', '0x8040834', '0x804083c', '0x8040844', '0x804084c', '0x8040854', '0x804085c', '0x8040864', '0x804086c', '0x8040874', '0x804087c', '0x8040884', '0x804088c', '0x8040894', '0x804089c', '0x80408a4', '0x80408ac', '0x80408b4', '0x80408bc', '0x80408c4', '0x80408cc', '0x80408d4', '0x80408dc', '0x80408e4', '0x80408ec', '0x80408f4', '0x80408fc', '0x8040904', '0x804090c', '0x8040914', '0x804091c', '0x8040924', '0x804092c', '0x8040934', '0x804093c', '0x8040944', '0x804094c', '0x8040954', '0x804095c', '0x8040964', '0x804096c', '0x8040974', '0x804097c', '0x8040984', '0x804098c', '0x8040994', '0x804099c']
type: cond
adj_instr: 0x80409bc
-----
 
Current node
start_addr: 0x80409ae
end_addr: 0x80409b8
successors: ['0x80409bc', '0x80403de']
parents: ['0x80405d8', '0x80405e0', '0x80405e8', '0x80405f0', '0x80405f8', '0x8040600', '0x8040608', '0x8040610', '0x8040618', '0x8040620', '0x8040628', '0x8040630', '0x8040638', '0x8040640', '0x8040648', '0x8040650', '0x8040658', '0x8040660', '0x8040668', '0x8040670', '0x8040678', '0x8040680', '0x8040688', '0x8040690', '0x8040698', '0x80406a0', '0x80406a8', '0x80406b0', '0x80406b8', '0x80406c0', '0x80406c8', '0x80406dc', '0x80406e4', '0x80406ec', '0x80406f4', '0x80406fc', '0x8040704', '0x804070c', '0x8040714', '0x804071c', '0x8040724', '0x804072c', '0x8040734', '0x804073c', '0x8040744', '0x804074c', '0x8040754', '0x804075c', '0x8040764', '0x804076c', '0x8040774', '0x804077c', '0x8040784', '0x804078c', '0x8040794', '0x804079c', '0x80407a4', '0x80407ac', '0x80407b4', '0x80407bc', '0x80407c4', '0x80407cc', '0x80407d4', '0x80407dc', '0x80407e4', '0x80407ec', '0x80407f4', '0x80407fc', '0x8040804', '0x804080c', '0x8040814', '0x804081c', '0x8040824', '0x804082c', '0x8040834', '0x804083c', '0x8040844', '0x804084c', '0x8040854', '0x804085c', '0x8040864', '0x804086c', '0x8040874', '0x804087c', '0x8040884', '0x804088c', '0x8040894', '0x804089c', '0x80408a4', '0x80408ac', '0x80408b4', '0x80408bc', '0x80408c4', '0x80408cc', '0x80408d4', '0x80408dc', '0x80408e4', '0x80408ec', '0x80408f4', '0x80408fc', '0x8040904', '0x804090c', '0x8040914', '0x804091c', '0x8040924', '0x804092c', '0x8040934', '0x804093c', '0x8040944', '0x804094c', '0x8040954', '0x804095c', '0x8040964', '0x804096c', '0x8040974', '0x804097c', '0x8040984', '0x804098c', '0x8040994', '0x804099c']
type: cond
adj_instr: 0x80409bc
log_idx: 325
log_node.dest_addr: 0x80403de
 
Current node
start_addr: 0x80403de
end_addr: 0x80403e6
successors: ['0x80403ea', '0x80409a4']
parents: ['0x80409a4', '0x80409b4', '0x80409ae']
type: cond
adj_instr: 0x80403ea
log_idx: 326
log_node.dest_addr: 0x80403ea
 
Current node
start_addr: 0x80403ea
end_addr: 0x80403f4
successors: ['0x80405d8', '0x80405e0', '0x80405e8', '0x80405f0', '0x80405f8', '0x8040600', '0x8040608', '0x8040610', '0x8040618', '0x8040620', '0x8040628', '0x8040630', '0x8040638', '0x8040640', '0x8040648', '0x8040650', '0x8040658', '0x8040660', '0x8040668', '0x8040670', '0x8040678', '0x8040680', '0x8040688', '0x8040690', '0x8040698', '0x80406a0', '0x80406a8', '0x80406b0', '0x80406b8', '0x80406c0', '0x80406c8', '0x80406dc', '0x80406e4', '0x80406ec', '0x80406f4', '0x80406fc', '0x8040704', '0x804070c', '0x8040714', '0x804071c', '0x8040724', '0x804072c', '0x8040734', '0x804073c', '0x8040744', '0x804074c', '0x8040754', '0x804075c', '0x8040764', '0x804076c', '0x8040774', '0x804077c', '0x8040784', '0x804078c', '0x8040794', '0x804079c', '0x80407a4', '0x80407ac', '0x80407b4', '0x80407bc', '0x80407c4', '0x80407cc', '0x80407d4', '0x80407dc', '0x80407e4', '0x80407ec', '0x80407f4', '0x80407fc', '0x8040804', '0x804080c', '0x8040814', '0x804081c', '0x8040824', '0x804082c', '0x8040834', '0x804083c', '0x8040844', '0x804084c', '0x8040854', '0x804085c', '0x8040864', '0x804086c', '0x8040874', '0x804087c', '0x8040884', '0x804088c', '0x8040894', '0x804089c', '0x80408a4', '0x80408ac', '0x80408b4', '0x80408bc', '0x80408c4', '0x80408cc', '0x80408d4', '0x80408dc', '0x80408e4', '0x80408ec', '0x80408f4', '0x80408fc', '0x8040904', '0x804090c', '0x8040914', '0x804091c', '0x8040924', '0x804092c', '0x8040934', '0x804093c', '0x8040944', '0x804094c', '0x8040954', '0x804095c', '0x8040964', '0x804096c', '0x8040974', '0x804097c', '0x8040984', '0x804098c', '0x8040994', '0x804099c']
parents: ['0x80403de']
type: uncond
adj_instr: 0x80405d8
log_idx: 327
log_node.dest_addr: 0x8040734
 
Current node
start_addr: 0x8040734
end_addr: 0x804073a
successors: ['0x80409ae']
parents: ['0x80403ea']
type: uncond
adj_instr: 0x804073c
log_idx: 328
log_node.dest_addr: 0x80403de
-----
changed node
start_addr: 0x80409ae
end_addr: 0x80409b8
successors: ['0x80409bc', '0x80403de']
parents: ['0x80405d8', '0x80405e0', '0x80405e8', '0x80405f0', '0x80405f8', '0x8040600', '0x8040608', '0x8040610', '0x8040618', '0x8040620', '0x8040628', '0x8040630', '0x8040638', '0x8040640', '0x8040648', '0x8040650', '0x8040658', '0x8040660', '0x8040668', '0x8040670', '0x8040678', '0x8040680', '0x8040688', '0x8040690', '0x8040698', '0x80406a0', '0x80406a8', '0x80406b0', '0x80406b8', '0x80406c0', '0x80406c8', '0x80406dc', '0x80406e4', '0x80406ec', '0x80406f4', '0x80406fc', '0x8040704', '0x804070c', '0x8040714', '0x804071c', '0x8040724', '0x804072c', '0x8040734', '0x804073c', '0x8040744', '0x804074c', '0x8040754', '0x804075c', '0x8040764', '0x804076c', '0x8040774', '0x804077c', '0x8040784', '0x804078c', '0x8040794', '0x804079c', '0x80407a4', '0x80407ac', '0x80407b4', '0x80407bc', '0x80407c4', '0x80407cc', '0x80407d4', '0x80407dc', '0x80407e4', '0x80407ec', '0x80407f4', '0x80407fc', '0x8040804', '0x804080c', '0x8040814', '0x804081c', '0x8040824', '0x804082c', '0x8040834', '0x804083c', '0x8040844', '0x804084c', '0x8040854', '0x804085c', '0x8040864', '0x804086c', '0x8040874', '0x804087c', '0x8040884', '0x804088c', '0x8040894', '0x804089c', '0x80408a4', '0x80408ac', '0x80408b4', '0x80408bc', '0x80408c4', '0x80408cc', '0x80408d4', '0x80408dc', '0x80408e4', '0x80408ec', '0x80408f4', '0x80408fc', '0x8040904', '0x804090c', '0x8040914', '0x804091c', '0x8040924', '0x804092c', '0x8040934', '0x804093c', '0x8040944', '0x804094c', '0x8040954', '0x804095c', '0x8040964', '0x804096c', '0x8040974', '0x804097c', '0x8040984', '0x804098c', '0x8040994', '0x804099c']
type: cond
adj_instr: 0x80409bc
-----
 
Current node
start_addr: 0x80409ae
end_addr: 0x80409b8
successors: ['0x80409bc', '0x80403de']
parents: ['0x80405d8', '0x80405e0', '0x80405e8', '0x80405f0', '0x80405f8', '0x8040600', '0x8040608', '0x8040610', '0x8040618', '0x8040620', '0x8040628', '0x8040630', '0x8040638', '0x8040640', '0x8040648', '0x8040650', '0x8040658', '0x8040660', '0x8040668', '0x8040670', '0x8040678', '0x8040680', '0x8040688', '0x8040690', '0x8040698', '0x80406a0', '0x80406a8', '0x80406b0', '0x80406b8', '0x80406c0', '0x80406c8', '0x80406dc', '0x80406e4', '0x80406ec', '0x80406f4', '0x80406fc', '0x8040704', '0x804070c', '0x8040714', '0x804071c', '0x8040724', '0x804072c', '0x8040734', '0x804073c', '0x8040744', '0x804074c', '0x8040754', '0x804075c', '0x8040764', '0x804076c', '0x8040774', '0x804077c', '0x8040784', '0x804078c', '0x8040794', '0x804079c', '0x80407a4', '0x80407ac', '0x80407b4', '0x80407bc', '0x80407c4', '0x80407cc', '0x80407d4', '0x80407dc', '0x80407e4', '0x80407ec', '0x80407f4', '0x80407fc', '0x8040804', '0x804080c', '0x8040814', '0x804081c', '0x8040824', '0x804082c', '0x8040834', '0x804083c', '0x8040844', '0x804084c', '0x8040854', '0x804085c', '0x8040864', '0x804086c', '0x8040874', '0x804087c', '0x8040884', '0x804088c', '0x8040894', '0x804089c', '0x80408a4', '0x80408ac', '0x80408b4', '0x80408bc', '0x80408c4', '0x80408cc', '0x80408d4', '0x80408dc', '0x80408e4', '0x80408ec', '0x80408f4', '0x80408fc', '0x8040904', '0x804090c', '0x8040914', '0x804091c', '0x8040924', '0x804092c', '0x8040934', '0x804093c', '0x8040944', '0x804094c', '0x8040954', '0x804095c', '0x8040964', '0x804096c', '0x8040974', '0x804097c', '0x8040984', '0x804098c', '0x8040994', '0x804099c']
type: cond
adj_instr: 0x80409bc
log_idx: 328
log_node.dest_addr: 0x80403de
 
Current node
start_addr: 0x80403de
end_addr: 0x80403e6
successors: ['0x80403ea', '0x80409a4']
parents: ['0x80409a4', '0x80409b4', '0x80409ae']
type: cond
adj_instr: 0x80403ea
log_idx: 329
log_node.dest_addr: 0x80403ea
 
Current node
start_addr: 0x80403ea
end_addr: 0x80403f4
successors: ['0x80405d8', '0x80405e0', '0x80405e8', '0x80405f0', '0x80405f8', '0x8040600', '0x8040608', '0x8040610', '0x8040618', '0x8040620', '0x8040628', '0x8040630', '0x8040638', '0x8040640', '0x8040648', '0x8040650', '0x8040658', '0x8040660', '0x8040668', '0x8040670', '0x8040678', '0x8040680', '0x8040688', '0x8040690', '0x8040698', '0x80406a0', '0x80406a8', '0x80406b0', '0x80406b8', '0x80406c0', '0x80406c8', '0x80406dc', '0x80406e4', '0x80406ec', '0x80406f4', '0x80406fc', '0x8040704', '0x804070c', '0x8040714', '0x804071c', '0x8040724', '0x804072c', '0x8040734', '0x804073c', '0x8040744', '0x804074c', '0x8040754', '0x804075c', '0x8040764', '0x804076c', '0x8040774', '0x804077c', '0x8040784', '0x804078c', '0x8040794', '0x804079c', '0x80407a4', '0x80407ac', '0x80407b4', '0x80407bc', '0x80407c4', '0x80407cc', '0x80407d4', '0x80407dc', '0x80407e4', '0x80407ec', '0x80407f4', '0x80407fc', '0x8040804', '0x804080c', '0x8040814', '0x804081c', '0x8040824', '0x804082c', '0x8040834', '0x804083c', '0x8040844', '0x804084c', '0x8040854', '0x804085c', '0x8040864', '0x804086c', '0x8040874', '0x804087c', '0x8040884', '0x804088c', '0x8040894', '0x804089c', '0x80408a4', '0x80408ac', '0x80408b4', '0x80408bc', '0x80408c4', '0x80408cc', '0x80408d4', '0x80408dc', '0x80408e4', '0x80408ec', '0x80408f4', '0x80408fc', '0x8040904', '0x804090c', '0x8040914', '0x804091c', '0x8040924', '0x804092c', '0x8040934', '0x804093c', '0x8040944', '0x804094c', '0x8040954', '0x804095c', '0x8040964', '0x804096c', '0x8040974', '0x804097c', '0x8040984', '0x804098c', '0x8040994', '0x804099c']
parents: ['0x80403de']
type: uncond
adj_instr: 0x80405d8
log_idx: 330
log_node.dest_addr: 0x804073c
 
Current node
start_addr: 0x804073c
end_addr: 0x8040742
successors: ['0x80409ae']
parents: ['0x80403ea']
type: uncond
adj_instr: 0x8040744
log_idx: 331
log_node.dest_addr: 0x80403de
-----
changed node
start_addr: 0x80409ae
end_addr: 0x80409b8
successors: ['0x80409bc', '0x80403de']
parents: ['0x80405d8', '0x80405e0', '0x80405e8', '0x80405f0', '0x80405f8', '0x8040600', '0x8040608', '0x8040610', '0x8040618', '0x8040620', '0x8040628', '0x8040630', '0x8040638', '0x8040640', '0x8040648', '0x8040650', '0x8040658', '0x8040660', '0x8040668', '0x8040670', '0x8040678', '0x8040680', '0x8040688', '0x8040690', '0x8040698', '0x80406a0', '0x80406a8', '0x80406b0', '0x80406b8', '0x80406c0', '0x80406c8', '0x80406dc', '0x80406e4', '0x80406ec', '0x80406f4', '0x80406fc', '0x8040704', '0x804070c', '0x8040714', '0x804071c', '0x8040724', '0x804072c', '0x8040734', '0x804073c', '0x8040744', '0x804074c', '0x8040754', '0x804075c', '0x8040764', '0x804076c', '0x8040774', '0x804077c', '0x8040784', '0x804078c', '0x8040794', '0x804079c', '0x80407a4', '0x80407ac', '0x80407b4', '0x80407bc', '0x80407c4', '0x80407cc', '0x80407d4', '0x80407dc', '0x80407e4', '0x80407ec', '0x80407f4', '0x80407fc', '0x8040804', '0x804080c', '0x8040814', '0x804081c', '0x8040824', '0x804082c', '0x8040834', '0x804083c', '0x8040844', '0x804084c', '0x8040854', '0x804085c', '0x8040864', '0x804086c', '0x8040874', '0x804087c', '0x8040884', '0x804088c', '0x8040894', '0x804089c', '0x80408a4', '0x80408ac', '0x80408b4', '0x80408bc', '0x80408c4', '0x80408cc', '0x80408d4', '0x80408dc', '0x80408e4', '0x80408ec', '0x80408f4', '0x80408fc', '0x8040904', '0x804090c', '0x8040914', '0x804091c', '0x8040924', '0x804092c', '0x8040934', '0x804093c', '0x8040944', '0x804094c', '0x8040954', '0x804095c', '0x8040964', '0x804096c', '0x8040974', '0x804097c', '0x8040984', '0x804098c', '0x8040994', '0x804099c']
type: cond
adj_instr: 0x80409bc
-----
 
Current node
start_addr: 0x80409ae
end_addr: 0x80409b8
successors: ['0x80409bc', '0x80403de']
parents: ['0x80405d8', '0x80405e0', '0x80405e8', '0x80405f0', '0x80405f8', '0x8040600', '0x8040608', '0x8040610', '0x8040618', '0x8040620', '0x8040628', '0x8040630', '0x8040638', '0x8040640', '0x8040648', '0x8040650', '0x8040658', '0x8040660', '0x8040668', '0x8040670', '0x8040678', '0x8040680', '0x8040688', '0x8040690', '0x8040698', '0x80406a0', '0x80406a8', '0x80406b0', '0x80406b8', '0x80406c0', '0x80406c8', '0x80406dc', '0x80406e4', '0x80406ec', '0x80406f4', '0x80406fc', '0x8040704', '0x804070c', '0x8040714', '0x804071c', '0x8040724', '0x804072c', '0x8040734', '0x804073c', '0x8040744', '0x804074c', '0x8040754', '0x804075c', '0x8040764', '0x804076c', '0x8040774', '0x804077c', '0x8040784', '0x804078c', '0x8040794', '0x804079c', '0x80407a4', '0x80407ac', '0x80407b4', '0x80407bc', '0x80407c4', '0x80407cc', '0x80407d4', '0x80407dc', '0x80407e4', '0x80407ec', '0x80407f4', '0x80407fc', '0x8040804', '0x804080c', '0x8040814', '0x804081c', '0x8040824', '0x804082c', '0x8040834', '0x804083c', '0x8040844', '0x804084c', '0x8040854', '0x804085c', '0x8040864', '0x804086c', '0x8040874', '0x804087c', '0x8040884', '0x804088c', '0x8040894', '0x804089c', '0x80408a4', '0x80408ac', '0x80408b4', '0x80408bc', '0x80408c4', '0x80408cc', '0x80408d4', '0x80408dc', '0x80408e4', '0x80408ec', '0x80408f4', '0x80408fc', '0x8040904', '0x804090c', '0x8040914', '0x804091c', '0x8040924', '0x804092c', '0x8040934', '0x804093c', '0x8040944', '0x804094c', '0x8040954', '0x804095c', '0x8040964', '0x804096c', '0x8040974', '0x804097c', '0x8040984', '0x804098c', '0x8040994', '0x804099c']
type: cond
adj_instr: 0x80409bc
log_idx: 331
log_node.dest_addr: 0x80403de
 
Current node
start_addr: 0x80403de
end_addr: 0x80403e6
successors: ['0x80403ea', '0x80409a4']
parents: ['0x80409a4', '0x80409b4', '0x80409ae']
type: cond
adj_instr: 0x80403ea
log_idx: 332
log_node.dest_addr: 0x80403ea
 
Current node
start_addr: 0x80403ea
end_addr: 0x80403f4
successors: ['0x80405d8', '0x80405e0', '0x80405e8', '0x80405f0', '0x80405f8', '0x8040600', '0x8040608', '0x8040610', '0x8040618', '0x8040620', '0x8040628', '0x8040630', '0x8040638', '0x8040640', '0x8040648', '0x8040650', '0x8040658', '0x8040660', '0x8040668', '0x8040670', '0x8040678', '0x8040680', '0x8040688', '0x8040690', '0x8040698', '0x80406a0', '0x80406a8', '0x80406b0', '0x80406b8', '0x80406c0', '0x80406c8', '0x80406dc', '0x80406e4', '0x80406ec', '0x80406f4', '0x80406fc', '0x8040704', '0x804070c', '0x8040714', '0x804071c', '0x8040724', '0x804072c', '0x8040734', '0x804073c', '0x8040744', '0x804074c', '0x8040754', '0x804075c', '0x8040764', '0x804076c', '0x8040774', '0x804077c', '0x8040784', '0x804078c', '0x8040794', '0x804079c', '0x80407a4', '0x80407ac', '0x80407b4', '0x80407bc', '0x80407c4', '0x80407cc', '0x80407d4', '0x80407dc', '0x80407e4', '0x80407ec', '0x80407f4', '0x80407fc', '0x8040804', '0x804080c', '0x8040814', '0x804081c', '0x8040824', '0x804082c', '0x8040834', '0x804083c', '0x8040844', '0x804084c', '0x8040854', '0x804085c', '0x8040864', '0x804086c', '0x8040874', '0x804087c', '0x8040884', '0x804088c', '0x8040894', '0x804089c', '0x80408a4', '0x80408ac', '0x80408b4', '0x80408bc', '0x80408c4', '0x80408cc', '0x80408d4', '0x80408dc', '0x80408e4', '0x80408ec', '0x80408f4', '0x80408fc', '0x8040904', '0x804090c', '0x8040914', '0x804091c', '0x8040924', '0x804092c', '0x8040934', '0x804093c', '0x8040944', '0x804094c', '0x8040954', '0x804095c', '0x8040964', '0x804096c', '0x8040974', '0x804097c', '0x8040984', '0x804098c', '0x8040994', '0x804099c']
parents: ['0x80403de']
type: uncond
adj_instr: 0x80405d8
log_idx: 333
log_node.dest_addr: 0x8040744
 
Current node
start_addr: 0x8040744
end_addr: 0x804074a
successors: ['0x80409ae']
parents: ['0x80403ea']
type: uncond
adj_instr: 0x804074c
log_idx: 334
log_node.dest_addr: 0x80403de
-----
changed node
start_addr: 0x80409ae
end_addr: 0x80409b8
successors: ['0x80409bc', '0x80403de']
parents: ['0x80405d8', '0x80405e0', '0x80405e8', '0x80405f0', '0x80405f8', '0x8040600', '0x8040608', '0x8040610', '0x8040618', '0x8040620', '0x8040628', '0x8040630', '0x8040638', '0x8040640', '0x8040648', '0x8040650', '0x8040658', '0x8040660', '0x8040668', '0x8040670', '0x8040678', '0x8040680', '0x8040688', '0x8040690', '0x8040698', '0x80406a0', '0x80406a8', '0x80406b0', '0x80406b8', '0x80406c0', '0x80406c8', '0x80406dc', '0x80406e4', '0x80406ec', '0x80406f4', '0x80406fc', '0x8040704', '0x804070c', '0x8040714', '0x804071c', '0x8040724', '0x804072c', '0x8040734', '0x804073c', '0x8040744', '0x804074c', '0x8040754', '0x804075c', '0x8040764', '0x804076c', '0x8040774', '0x804077c', '0x8040784', '0x804078c', '0x8040794', '0x804079c', '0x80407a4', '0x80407ac', '0x80407b4', '0x80407bc', '0x80407c4', '0x80407cc', '0x80407d4', '0x80407dc', '0x80407e4', '0x80407ec', '0x80407f4', '0x80407fc', '0x8040804', '0x804080c', '0x8040814', '0x804081c', '0x8040824', '0x804082c', '0x8040834', '0x804083c', '0x8040844', '0x804084c', '0x8040854', '0x804085c', '0x8040864', '0x804086c', '0x8040874', '0x804087c', '0x8040884', '0x804088c', '0x8040894', '0x804089c', '0x80408a4', '0x80408ac', '0x80408b4', '0x80408bc', '0x80408c4', '0x80408cc', '0x80408d4', '0x80408dc', '0x80408e4', '0x80408ec', '0x80408f4', '0x80408fc', '0x8040904', '0x804090c', '0x8040914', '0x804091c', '0x8040924', '0x804092c', '0x8040934', '0x804093c', '0x8040944', '0x804094c', '0x8040954', '0x804095c', '0x8040964', '0x804096c', '0x8040974', '0x804097c', '0x8040984', '0x804098c', '0x8040994', '0x804099c']
type: cond
adj_instr: 0x80409bc
-----
 
Current node
start_addr: 0x80409ae
end_addr: 0x80409b8
successors: ['0x80409bc', '0x80403de']
parents: ['0x80405d8', '0x80405e0', '0x80405e8', '0x80405f0', '0x80405f8', '0x8040600', '0x8040608', '0x8040610', '0x8040618', '0x8040620', '0x8040628', '0x8040630', '0x8040638', '0x8040640', '0x8040648', '0x8040650', '0x8040658', '0x8040660', '0x8040668', '0x8040670', '0x8040678', '0x8040680', '0x8040688', '0x8040690', '0x8040698', '0x80406a0', '0x80406a8', '0x80406b0', '0x80406b8', '0x80406c0', '0x80406c8', '0x80406dc', '0x80406e4', '0x80406ec', '0x80406f4', '0x80406fc', '0x8040704', '0x804070c', '0x8040714', '0x804071c', '0x8040724', '0x804072c', '0x8040734', '0x804073c', '0x8040744', '0x804074c', '0x8040754', '0x804075c', '0x8040764', '0x804076c', '0x8040774', '0x804077c', '0x8040784', '0x804078c', '0x8040794', '0x804079c', '0x80407a4', '0x80407ac', '0x80407b4', '0x80407bc', '0x80407c4', '0x80407cc', '0x80407d4', '0x80407dc', '0x80407e4', '0x80407ec', '0x80407f4', '0x80407fc', '0x8040804', '0x804080c', '0x8040814', '0x804081c', '0x8040824', '0x804082c', '0x8040834', '0x804083c', '0x8040844', '0x804084c', '0x8040854', '0x804085c', '0x8040864', '0x804086c', '0x8040874', '0x804087c', '0x8040884', '0x804088c', '0x8040894', '0x804089c', '0x80408a4', '0x80408ac', '0x80408b4', '0x80408bc', '0x80408c4', '0x80408cc', '0x80408d4', '0x80408dc', '0x80408e4', '0x80408ec', '0x80408f4', '0x80408fc', '0x8040904', '0x804090c', '0x8040914', '0x804091c', '0x8040924', '0x804092c', '0x8040934', '0x804093c', '0x8040944', '0x804094c', '0x8040954', '0x804095c', '0x8040964', '0x804096c', '0x8040974', '0x804097c', '0x8040984', '0x804098c', '0x8040994', '0x804099c']
type: cond
adj_instr: 0x80409bc
log_idx: 334
log_node.dest_addr: 0x80403de
 
Current node
start_addr: 0x80403de
end_addr: 0x80403e6
successors: ['0x80403ea', '0x80409a4']
parents: ['0x80409a4', '0x80409b4', '0x80409ae']
type: cond
adj_instr: 0x80403ea
log_idx: 335
log_node.dest_addr: 0x80403ea
 
Current node
start_addr: 0x80403ea
end_addr: 0x80403f4
successors: ['0x80405d8', '0x80405e0', '0x80405e8', '0x80405f0', '0x80405f8', '0x8040600', '0x8040608', '0x8040610', '0x8040618', '0x8040620', '0x8040628', '0x8040630', '0x8040638', '0x8040640', '0x8040648', '0x8040650', '0x8040658', '0x8040660', '0x8040668', '0x8040670', '0x8040678', '0x8040680', '0x8040688', '0x8040690', '0x8040698', '0x80406a0', '0x80406a8', '0x80406b0', '0x80406b8', '0x80406c0', '0x80406c8', '0x80406dc', '0x80406e4', '0x80406ec', '0x80406f4', '0x80406fc', '0x8040704', '0x804070c', '0x8040714', '0x804071c', '0x8040724', '0x804072c', '0x8040734', '0x804073c', '0x8040744', '0x804074c', '0x8040754', '0x804075c', '0x8040764', '0x804076c', '0x8040774', '0x804077c', '0x8040784', '0x804078c', '0x8040794', '0x804079c', '0x80407a4', '0x80407ac', '0x80407b4', '0x80407bc', '0x80407c4', '0x80407cc', '0x80407d4', '0x80407dc', '0x80407e4', '0x80407ec', '0x80407f4', '0x80407fc', '0x8040804', '0x804080c', '0x8040814', '0x804081c', '0x8040824', '0x804082c', '0x8040834', '0x804083c', '0x8040844', '0x804084c', '0x8040854', '0x804085c', '0x8040864', '0x804086c', '0x8040874', '0x804087c', '0x8040884', '0x804088c', '0x8040894', '0x804089c', '0x80408a4', '0x80408ac', '0x80408b4', '0x80408bc', '0x80408c4', '0x80408cc', '0x80408d4', '0x80408dc', '0x80408e4', '0x80408ec', '0x80408f4', '0x80408fc', '0x8040904', '0x804090c', '0x8040914', '0x804091c', '0x8040924', '0x804092c', '0x8040934', '0x804093c', '0x8040944', '0x804094c', '0x8040954', '0x804095c', '0x8040964', '0x804096c', '0x8040974', '0x804097c', '0x8040984', '0x804098c', '0x8040994', '0x804099c']
parents: ['0x80403de']
type: uncond
adj_instr: 0x80405d8
log_idx: 336
log_node.dest_addr: 0x804074c
 
Current node
start_addr: 0x804074c
end_addr: 0x8040752
successors: ['0x80409ae']
parents: ['0x80403ea']
type: uncond
adj_instr: 0x8040754
log_idx: 337
log_node.dest_addr: 0x80403de
-----
changed node
start_addr: 0x80409ae
end_addr: 0x80409b8
successors: ['0x80409bc', '0x80403de']
parents: ['0x80405d8', '0x80405e0', '0x80405e8', '0x80405f0', '0x80405f8', '0x8040600', '0x8040608', '0x8040610', '0x8040618', '0x8040620', '0x8040628', '0x8040630', '0x8040638', '0x8040640', '0x8040648', '0x8040650', '0x8040658', '0x8040660', '0x8040668', '0x8040670', '0x8040678', '0x8040680', '0x8040688', '0x8040690', '0x8040698', '0x80406a0', '0x80406a8', '0x80406b0', '0x80406b8', '0x80406c0', '0x80406c8', '0x80406dc', '0x80406e4', '0x80406ec', '0x80406f4', '0x80406fc', '0x8040704', '0x804070c', '0x8040714', '0x804071c', '0x8040724', '0x804072c', '0x8040734', '0x804073c', '0x8040744', '0x804074c', '0x8040754', '0x804075c', '0x8040764', '0x804076c', '0x8040774', '0x804077c', '0x8040784', '0x804078c', '0x8040794', '0x804079c', '0x80407a4', '0x80407ac', '0x80407b4', '0x80407bc', '0x80407c4', '0x80407cc', '0x80407d4', '0x80407dc', '0x80407e4', '0x80407ec', '0x80407f4', '0x80407fc', '0x8040804', '0x804080c', '0x8040814', '0x804081c', '0x8040824', '0x804082c', '0x8040834', '0x804083c', '0x8040844', '0x804084c', '0x8040854', '0x804085c', '0x8040864', '0x804086c', '0x8040874', '0x804087c', '0x8040884', '0x804088c', '0x8040894', '0x804089c', '0x80408a4', '0x80408ac', '0x80408b4', '0x80408bc', '0x80408c4', '0x80408cc', '0x80408d4', '0x80408dc', '0x80408e4', '0x80408ec', '0x80408f4', '0x80408fc', '0x8040904', '0x804090c', '0x8040914', '0x804091c', '0x8040924', '0x804092c', '0x8040934', '0x804093c', '0x8040944', '0x804094c', '0x8040954', '0x804095c', '0x8040964', '0x804096c', '0x8040974', '0x804097c', '0x8040984', '0x804098c', '0x8040994', '0x804099c']
type: cond
adj_instr: 0x80409bc
-----
 
Current node
start_addr: 0x80409ae
end_addr: 0x80409b8
successors: ['0x80409bc', '0x80403de']
parents: ['0x80405d8', '0x80405e0', '0x80405e8', '0x80405f0', '0x80405f8', '0x8040600', '0x8040608', '0x8040610', '0x8040618', '0x8040620', '0x8040628', '0x8040630', '0x8040638', '0x8040640', '0x8040648', '0x8040650', '0x8040658', '0x8040660', '0x8040668', '0x8040670', '0x8040678', '0x8040680', '0x8040688', '0x8040690', '0x8040698', '0x80406a0', '0x80406a8', '0x80406b0', '0x80406b8', '0x80406c0', '0x80406c8', '0x80406dc', '0x80406e4', '0x80406ec', '0x80406f4', '0x80406fc', '0x8040704', '0x804070c', '0x8040714', '0x804071c', '0x8040724', '0x804072c', '0x8040734', '0x804073c', '0x8040744', '0x804074c', '0x8040754', '0x804075c', '0x8040764', '0x804076c', '0x8040774', '0x804077c', '0x8040784', '0x804078c', '0x8040794', '0x804079c', '0x80407a4', '0x80407ac', '0x80407b4', '0x80407bc', '0x80407c4', '0x80407cc', '0x80407d4', '0x80407dc', '0x80407e4', '0x80407ec', '0x80407f4', '0x80407fc', '0x8040804', '0x804080c', '0x8040814', '0x804081c', '0x8040824', '0x804082c', '0x8040834', '0x804083c', '0x8040844', '0x804084c', '0x8040854', '0x804085c', '0x8040864', '0x804086c', '0x8040874', '0x804087c', '0x8040884', '0x804088c', '0x8040894', '0x804089c', '0x80408a4', '0x80408ac', '0x80408b4', '0x80408bc', '0x80408c4', '0x80408cc', '0x80408d4', '0x80408dc', '0x80408e4', '0x80408ec', '0x80408f4', '0x80408fc', '0x8040904', '0x804090c', '0x8040914', '0x804091c', '0x8040924', '0x804092c', '0x8040934', '0x804093c', '0x8040944', '0x804094c', '0x8040954', '0x804095c', '0x8040964', '0x804096c', '0x8040974', '0x804097c', '0x8040984', '0x804098c', '0x8040994', '0x804099c']
type: cond
adj_instr: 0x80409bc
log_idx: 337
log_node.dest_addr: 0x80403de
 
Current node
start_addr: 0x80403de
end_addr: 0x80403e6
successors: ['0x80403ea', '0x80409a4']
parents: ['0x80409a4', '0x80409b4', '0x80409ae']
type: cond
adj_instr: 0x80403ea
log_idx: 338
log_node.dest_addr: 0x80403ea
 
Current node
start_addr: 0x80403ea
end_addr: 0x80403f4
successors: ['0x80405d8', '0x80405e0', '0x80405e8', '0x80405f0', '0x80405f8', '0x8040600', '0x8040608', '0x8040610', '0x8040618', '0x8040620', '0x8040628', '0x8040630', '0x8040638', '0x8040640', '0x8040648', '0x8040650', '0x8040658', '0x8040660', '0x8040668', '0x8040670', '0x8040678', '0x8040680', '0x8040688', '0x8040690', '0x8040698', '0x80406a0', '0x80406a8', '0x80406b0', '0x80406b8', '0x80406c0', '0x80406c8', '0x80406dc', '0x80406e4', '0x80406ec', '0x80406f4', '0x80406fc', '0x8040704', '0x804070c', '0x8040714', '0x804071c', '0x8040724', '0x804072c', '0x8040734', '0x804073c', '0x8040744', '0x804074c', '0x8040754', '0x804075c', '0x8040764', '0x804076c', '0x8040774', '0x804077c', '0x8040784', '0x804078c', '0x8040794', '0x804079c', '0x80407a4', '0x80407ac', '0x80407b4', '0x80407bc', '0x80407c4', '0x80407cc', '0x80407d4', '0x80407dc', '0x80407e4', '0x80407ec', '0x80407f4', '0x80407fc', '0x8040804', '0x804080c', '0x8040814', '0x804081c', '0x8040824', '0x804082c', '0x8040834', '0x804083c', '0x8040844', '0x804084c', '0x8040854', '0x804085c', '0x8040864', '0x804086c', '0x8040874', '0x804087c', '0x8040884', '0x804088c', '0x8040894', '0x804089c', '0x80408a4', '0x80408ac', '0x80408b4', '0x80408bc', '0x80408c4', '0x80408cc', '0x80408d4', '0x80408dc', '0x80408e4', '0x80408ec', '0x80408f4', '0x80408fc', '0x8040904', '0x804090c', '0x8040914', '0x804091c', '0x8040924', '0x804092c', '0x8040934', '0x804093c', '0x8040944', '0x804094c', '0x8040954', '0x804095c', '0x8040964', '0x804096c', '0x8040974', '0x804097c', '0x8040984', '0x804098c', '0x8040994', '0x804099c']
parents: ['0x80403de']
type: uncond
adj_instr: 0x80405d8
log_idx: 339
log_node.dest_addr: 0x8040754
 
Current node
start_addr: 0x8040754
end_addr: 0x804075a
successors: ['0x80409ae']
parents: ['0x80403ea']
type: uncond
adj_instr: 0x804075c
log_idx: 340
log_node.dest_addr: 0x80403de
-----
changed node
start_addr: 0x80409ae
end_addr: 0x80409b8
successors: ['0x80409bc', '0x80403de']
parents: ['0x80405d8', '0x80405e0', '0x80405e8', '0x80405f0', '0x80405f8', '0x8040600', '0x8040608', '0x8040610', '0x8040618', '0x8040620', '0x8040628', '0x8040630', '0x8040638', '0x8040640', '0x8040648', '0x8040650', '0x8040658', '0x8040660', '0x8040668', '0x8040670', '0x8040678', '0x8040680', '0x8040688', '0x8040690', '0x8040698', '0x80406a0', '0x80406a8', '0x80406b0', '0x80406b8', '0x80406c0', '0x80406c8', '0x80406dc', '0x80406e4', '0x80406ec', '0x80406f4', '0x80406fc', '0x8040704', '0x804070c', '0x8040714', '0x804071c', '0x8040724', '0x804072c', '0x8040734', '0x804073c', '0x8040744', '0x804074c', '0x8040754', '0x804075c', '0x8040764', '0x804076c', '0x8040774', '0x804077c', '0x8040784', '0x804078c', '0x8040794', '0x804079c', '0x80407a4', '0x80407ac', '0x80407b4', '0x80407bc', '0x80407c4', '0x80407cc', '0x80407d4', '0x80407dc', '0x80407e4', '0x80407ec', '0x80407f4', '0x80407fc', '0x8040804', '0x804080c', '0x8040814', '0x804081c', '0x8040824', '0x804082c', '0x8040834', '0x804083c', '0x8040844', '0x804084c', '0x8040854', '0x804085c', '0x8040864', '0x804086c', '0x8040874', '0x804087c', '0x8040884', '0x804088c', '0x8040894', '0x804089c', '0x80408a4', '0x80408ac', '0x80408b4', '0x80408bc', '0x80408c4', '0x80408cc', '0x80408d4', '0x80408dc', '0x80408e4', '0x80408ec', '0x80408f4', '0x80408fc', '0x8040904', '0x804090c', '0x8040914', '0x804091c', '0x8040924', '0x804092c', '0x8040934', '0x804093c', '0x8040944', '0x804094c', '0x8040954', '0x804095c', '0x8040964', '0x804096c', '0x8040974', '0x804097c', '0x8040984', '0x804098c', '0x8040994', '0x804099c']
type: cond
adj_instr: 0x80409bc
-----
 
Current node
start_addr: 0x80409ae
end_addr: 0x80409b8
successors: ['0x80409bc', '0x80403de']
parents: ['0x80405d8', '0x80405e0', '0x80405e8', '0x80405f0', '0x80405f8', '0x8040600', '0x8040608', '0x8040610', '0x8040618', '0x8040620', '0x8040628', '0x8040630', '0x8040638', '0x8040640', '0x8040648', '0x8040650', '0x8040658', '0x8040660', '0x8040668', '0x8040670', '0x8040678', '0x8040680', '0x8040688', '0x8040690', '0x8040698', '0x80406a0', '0x80406a8', '0x80406b0', '0x80406b8', '0x80406c0', '0x80406c8', '0x80406dc', '0x80406e4', '0x80406ec', '0x80406f4', '0x80406fc', '0x8040704', '0x804070c', '0x8040714', '0x804071c', '0x8040724', '0x804072c', '0x8040734', '0x804073c', '0x8040744', '0x804074c', '0x8040754', '0x804075c', '0x8040764', '0x804076c', '0x8040774', '0x804077c', '0x8040784', '0x804078c', '0x8040794', '0x804079c', '0x80407a4', '0x80407ac', '0x80407b4', '0x80407bc', '0x80407c4', '0x80407cc', '0x80407d4', '0x80407dc', '0x80407e4', '0x80407ec', '0x80407f4', '0x80407fc', '0x8040804', '0x804080c', '0x8040814', '0x804081c', '0x8040824', '0x804082c', '0x8040834', '0x804083c', '0x8040844', '0x804084c', '0x8040854', '0x804085c', '0x8040864', '0x804086c', '0x8040874', '0x804087c', '0x8040884', '0x804088c', '0x8040894', '0x804089c', '0x80408a4', '0x80408ac', '0x80408b4', '0x80408bc', '0x80408c4', '0x80408cc', '0x80408d4', '0x80408dc', '0x80408e4', '0x80408ec', '0x80408f4', '0x80408fc', '0x8040904', '0x804090c', '0x8040914', '0x804091c', '0x8040924', '0x804092c', '0x8040934', '0x804093c', '0x8040944', '0x804094c', '0x8040954', '0x804095c', '0x8040964', '0x804096c', '0x8040974', '0x804097c', '0x8040984', '0x804098c', '0x8040994', '0x804099c']
type: cond
adj_instr: 0x80409bc
log_idx: 340
log_node.dest_addr: 0x80403de
 
Current node
start_addr: 0x80403de
end_addr: 0x80403e6
successors: ['0x80403ea', '0x80409a4']
parents: ['0x80409a4', '0x80409b4', '0x80409ae']
type: cond
adj_instr: 0x80403ea
log_idx: 341
log_node.dest_addr: 0x80403ea
 
Current node
start_addr: 0x80403ea
end_addr: 0x80403f4
successors: ['0x80405d8', '0x80405e0', '0x80405e8', '0x80405f0', '0x80405f8', '0x8040600', '0x8040608', '0x8040610', '0x8040618', '0x8040620', '0x8040628', '0x8040630', '0x8040638', '0x8040640', '0x8040648', '0x8040650', '0x8040658', '0x8040660', '0x8040668', '0x8040670', '0x8040678', '0x8040680', '0x8040688', '0x8040690', '0x8040698', '0x80406a0', '0x80406a8', '0x80406b0', '0x80406b8', '0x80406c0', '0x80406c8', '0x80406dc', '0x80406e4', '0x80406ec', '0x80406f4', '0x80406fc', '0x8040704', '0x804070c', '0x8040714', '0x804071c', '0x8040724', '0x804072c', '0x8040734', '0x804073c', '0x8040744', '0x804074c', '0x8040754', '0x804075c', '0x8040764', '0x804076c', '0x8040774', '0x804077c', '0x8040784', '0x804078c', '0x8040794', '0x804079c', '0x80407a4', '0x80407ac', '0x80407b4', '0x80407bc', '0x80407c4', '0x80407cc', '0x80407d4', '0x80407dc', '0x80407e4', '0x80407ec', '0x80407f4', '0x80407fc', '0x8040804', '0x804080c', '0x8040814', '0x804081c', '0x8040824', '0x804082c', '0x8040834', '0x804083c', '0x8040844', '0x804084c', '0x8040854', '0x804085c', '0x8040864', '0x804086c', '0x8040874', '0x804087c', '0x8040884', '0x804088c', '0x8040894', '0x804089c', '0x80408a4', '0x80408ac', '0x80408b4', '0x80408bc', '0x80408c4', '0x80408cc', '0x80408d4', '0x80408dc', '0x80408e4', '0x80408ec', '0x80408f4', '0x80408fc', '0x8040904', '0x804090c', '0x8040914', '0x804091c', '0x8040924', '0x804092c', '0x8040934', '0x804093c', '0x8040944', '0x804094c', '0x8040954', '0x804095c', '0x8040964', '0x804096c', '0x8040974', '0x804097c', '0x8040984', '0x804098c', '0x8040994', '0x804099c']
parents: ['0x80403de']
type: uncond
adj_instr: 0x80405d8
log_idx: 342
log_node.dest_addr: 0x804075c
 
Current node
start_addr: 0x804075c
end_addr: 0x8040762
successors: ['0x80409ae']
parents: ['0x80403ea']
type: uncond
adj_instr: 0x8040764
log_idx: 343
log_node.dest_addr: 0x80403de
-----
changed node
start_addr: 0x80409ae
end_addr: 0x80409b8
successors: ['0x80409bc', '0x80403de']
parents: ['0x80405d8', '0x80405e0', '0x80405e8', '0x80405f0', '0x80405f8', '0x8040600', '0x8040608', '0x8040610', '0x8040618', '0x8040620', '0x8040628', '0x8040630', '0x8040638', '0x8040640', '0x8040648', '0x8040650', '0x8040658', '0x8040660', '0x8040668', '0x8040670', '0x8040678', '0x8040680', '0x8040688', '0x8040690', '0x8040698', '0x80406a0', '0x80406a8', '0x80406b0', '0x80406b8', '0x80406c0', '0x80406c8', '0x80406dc', '0x80406e4', '0x80406ec', '0x80406f4', '0x80406fc', '0x8040704', '0x804070c', '0x8040714', '0x804071c', '0x8040724', '0x804072c', '0x8040734', '0x804073c', '0x8040744', '0x804074c', '0x8040754', '0x804075c', '0x8040764', '0x804076c', '0x8040774', '0x804077c', '0x8040784', '0x804078c', '0x8040794', '0x804079c', '0x80407a4', '0x80407ac', '0x80407b4', '0x80407bc', '0x80407c4', '0x80407cc', '0x80407d4', '0x80407dc', '0x80407e4', '0x80407ec', '0x80407f4', '0x80407fc', '0x8040804', '0x804080c', '0x8040814', '0x804081c', '0x8040824', '0x804082c', '0x8040834', '0x804083c', '0x8040844', '0x804084c', '0x8040854', '0x804085c', '0x8040864', '0x804086c', '0x8040874', '0x804087c', '0x8040884', '0x804088c', '0x8040894', '0x804089c', '0x80408a4', '0x80408ac', '0x80408b4', '0x80408bc', '0x80408c4', '0x80408cc', '0x80408d4', '0x80408dc', '0x80408e4', '0x80408ec', '0x80408f4', '0x80408fc', '0x8040904', '0x804090c', '0x8040914', '0x804091c', '0x8040924', '0x804092c', '0x8040934', '0x804093c', '0x8040944', '0x804094c', '0x8040954', '0x804095c', '0x8040964', '0x804096c', '0x8040974', '0x804097c', '0x8040984', '0x804098c', '0x8040994', '0x804099c']
type: cond
adj_instr: 0x80409bc
-----
 
Current node
start_addr: 0x80409ae
end_addr: 0x80409b8
successors: ['0x80409bc', '0x80403de']
parents: ['0x80405d8', '0x80405e0', '0x80405e8', '0x80405f0', '0x80405f8', '0x8040600', '0x8040608', '0x8040610', '0x8040618', '0x8040620', '0x8040628', '0x8040630', '0x8040638', '0x8040640', '0x8040648', '0x8040650', '0x8040658', '0x8040660', '0x8040668', '0x8040670', '0x8040678', '0x8040680', '0x8040688', '0x8040690', '0x8040698', '0x80406a0', '0x80406a8', '0x80406b0', '0x80406b8', '0x80406c0', '0x80406c8', '0x80406dc', '0x80406e4', '0x80406ec', '0x80406f4', '0x80406fc', '0x8040704', '0x804070c', '0x8040714', '0x804071c', '0x8040724', '0x804072c', '0x8040734', '0x804073c', '0x8040744', '0x804074c', '0x8040754', '0x804075c', '0x8040764', '0x804076c', '0x8040774', '0x804077c', '0x8040784', '0x804078c', '0x8040794', '0x804079c', '0x80407a4', '0x80407ac', '0x80407b4', '0x80407bc', '0x80407c4', '0x80407cc', '0x80407d4', '0x80407dc', '0x80407e4', '0x80407ec', '0x80407f4', '0x80407fc', '0x8040804', '0x804080c', '0x8040814', '0x804081c', '0x8040824', '0x804082c', '0x8040834', '0x804083c', '0x8040844', '0x804084c', '0x8040854', '0x804085c', '0x8040864', '0x804086c', '0x8040874', '0x804087c', '0x8040884', '0x804088c', '0x8040894', '0x804089c', '0x80408a4', '0x80408ac', '0x80408b4', '0x80408bc', '0x80408c4', '0x80408cc', '0x80408d4', '0x80408dc', '0x80408e4', '0x80408ec', '0x80408f4', '0x80408fc', '0x8040904', '0x804090c', '0x8040914', '0x804091c', '0x8040924', '0x804092c', '0x8040934', '0x804093c', '0x8040944', '0x804094c', '0x8040954', '0x804095c', '0x8040964', '0x804096c', '0x8040974', '0x804097c', '0x8040984', '0x804098c', '0x8040994', '0x804099c']
type: cond
adj_instr: 0x80409bc
log_idx: 343
log_node.dest_addr: 0x80403de
 
Current node
start_addr: 0x80403de
end_addr: 0x80403e6
successors: ['0x80403ea', '0x80409a4']
parents: ['0x80409a4', '0x80409b4', '0x80409ae']
type: cond
adj_instr: 0x80403ea
log_idx: 344
log_node.dest_addr: 0x80403ea
 
Current node
start_addr: 0x80403ea
end_addr: 0x80403f4
successors: ['0x80405d8', '0x80405e0', '0x80405e8', '0x80405f0', '0x80405f8', '0x8040600', '0x8040608', '0x8040610', '0x8040618', '0x8040620', '0x8040628', '0x8040630', '0x8040638', '0x8040640', '0x8040648', '0x8040650', '0x8040658', '0x8040660', '0x8040668', '0x8040670', '0x8040678', '0x8040680', '0x8040688', '0x8040690', '0x8040698', '0x80406a0', '0x80406a8', '0x80406b0', '0x80406b8', '0x80406c0', '0x80406c8', '0x80406dc', '0x80406e4', '0x80406ec', '0x80406f4', '0x80406fc', '0x8040704', '0x804070c', '0x8040714', '0x804071c', '0x8040724', '0x804072c', '0x8040734', '0x804073c', '0x8040744', '0x804074c', '0x8040754', '0x804075c', '0x8040764', '0x804076c', '0x8040774', '0x804077c', '0x8040784', '0x804078c', '0x8040794', '0x804079c', '0x80407a4', '0x80407ac', '0x80407b4', '0x80407bc', '0x80407c4', '0x80407cc', '0x80407d4', '0x80407dc', '0x80407e4', '0x80407ec', '0x80407f4', '0x80407fc', '0x8040804', '0x804080c', '0x8040814', '0x804081c', '0x8040824', '0x804082c', '0x8040834', '0x804083c', '0x8040844', '0x804084c', '0x8040854', '0x804085c', '0x8040864', '0x804086c', '0x8040874', '0x804087c', '0x8040884', '0x804088c', '0x8040894', '0x804089c', '0x80408a4', '0x80408ac', '0x80408b4', '0x80408bc', '0x80408c4', '0x80408cc', '0x80408d4', '0x80408dc', '0x80408e4', '0x80408ec', '0x80408f4', '0x80408fc', '0x8040904', '0x804090c', '0x8040914', '0x804091c', '0x8040924', '0x804092c', '0x8040934', '0x804093c', '0x8040944', '0x804094c', '0x8040954', '0x804095c', '0x8040964', '0x804096c', '0x8040974', '0x804097c', '0x8040984', '0x804098c', '0x8040994', '0x804099c']
parents: ['0x80403de']
type: uncond
adj_instr: 0x80405d8
log_idx: 345
log_node.dest_addr: 0x8040764
 
Current node
start_addr: 0x8040764
end_addr: 0x804076a
successors: ['0x80409ae']
parents: ['0x80403ea']
type: uncond
adj_instr: 0x804076c
log_idx: 346
log_node.dest_addr: 0x80403de
-----
changed node
start_addr: 0x80409ae
end_addr: 0x80409b8
successors: ['0x80409bc', '0x80403de']
parents: ['0x80405d8', '0x80405e0', '0x80405e8', '0x80405f0', '0x80405f8', '0x8040600', '0x8040608', '0x8040610', '0x8040618', '0x8040620', '0x8040628', '0x8040630', '0x8040638', '0x8040640', '0x8040648', '0x8040650', '0x8040658', '0x8040660', '0x8040668', '0x8040670', '0x8040678', '0x8040680', '0x8040688', '0x8040690', '0x8040698', '0x80406a0', '0x80406a8', '0x80406b0', '0x80406b8', '0x80406c0', '0x80406c8', '0x80406dc', '0x80406e4', '0x80406ec', '0x80406f4', '0x80406fc', '0x8040704', '0x804070c', '0x8040714', '0x804071c', '0x8040724', '0x804072c', '0x8040734', '0x804073c', '0x8040744', '0x804074c', '0x8040754', '0x804075c', '0x8040764', '0x804076c', '0x8040774', '0x804077c', '0x8040784', '0x804078c', '0x8040794', '0x804079c', '0x80407a4', '0x80407ac', '0x80407b4', '0x80407bc', '0x80407c4', '0x80407cc', '0x80407d4', '0x80407dc', '0x80407e4', '0x80407ec', '0x80407f4', '0x80407fc', '0x8040804', '0x804080c', '0x8040814', '0x804081c', '0x8040824', '0x804082c', '0x8040834', '0x804083c', '0x8040844', '0x804084c', '0x8040854', '0x804085c', '0x8040864', '0x804086c', '0x8040874', '0x804087c', '0x8040884', '0x804088c', '0x8040894', '0x804089c', '0x80408a4', '0x80408ac', '0x80408b4', '0x80408bc', '0x80408c4', '0x80408cc', '0x80408d4', '0x80408dc', '0x80408e4', '0x80408ec', '0x80408f4', '0x80408fc', '0x8040904', '0x804090c', '0x8040914', '0x804091c', '0x8040924', '0x804092c', '0x8040934', '0x804093c', '0x8040944', '0x804094c', '0x8040954', '0x804095c', '0x8040964', '0x804096c', '0x8040974', '0x804097c', '0x8040984', '0x804098c', '0x8040994', '0x804099c']
type: cond
adj_instr: 0x80409bc
-----
 
Current node
start_addr: 0x80409ae
end_addr: 0x80409b8
successors: ['0x80409bc', '0x80403de']
parents: ['0x80405d8', '0x80405e0', '0x80405e8', '0x80405f0', '0x80405f8', '0x8040600', '0x8040608', '0x8040610', '0x8040618', '0x8040620', '0x8040628', '0x8040630', '0x8040638', '0x8040640', '0x8040648', '0x8040650', '0x8040658', '0x8040660', '0x8040668', '0x8040670', '0x8040678', '0x8040680', '0x8040688', '0x8040690', '0x8040698', '0x80406a0', '0x80406a8', '0x80406b0', '0x80406b8', '0x80406c0', '0x80406c8', '0x80406dc', '0x80406e4', '0x80406ec', '0x80406f4', '0x80406fc', '0x8040704', '0x804070c', '0x8040714', '0x804071c', '0x8040724', '0x804072c', '0x8040734', '0x804073c', '0x8040744', '0x804074c', '0x8040754', '0x804075c', '0x8040764', '0x804076c', '0x8040774', '0x804077c', '0x8040784', '0x804078c', '0x8040794', '0x804079c', '0x80407a4', '0x80407ac', '0x80407b4', '0x80407bc', '0x80407c4', '0x80407cc', '0x80407d4', '0x80407dc', '0x80407e4', '0x80407ec', '0x80407f4', '0x80407fc', '0x8040804', '0x804080c', '0x8040814', '0x804081c', '0x8040824', '0x804082c', '0x8040834', '0x804083c', '0x8040844', '0x804084c', '0x8040854', '0x804085c', '0x8040864', '0x804086c', '0x8040874', '0x804087c', '0x8040884', '0x804088c', '0x8040894', '0x804089c', '0x80408a4', '0x80408ac', '0x80408b4', '0x80408bc', '0x80408c4', '0x80408cc', '0x80408d4', '0x80408dc', '0x80408e4', '0x80408ec', '0x80408f4', '0x80408fc', '0x8040904', '0x804090c', '0x8040914', '0x804091c', '0x8040924', '0x804092c', '0x8040934', '0x804093c', '0x8040944', '0x804094c', '0x8040954', '0x804095c', '0x8040964', '0x804096c', '0x8040974', '0x804097c', '0x8040984', '0x804098c', '0x8040994', '0x804099c']
type: cond
adj_instr: 0x80409bc
log_idx: 346
log_node.dest_addr: 0x80403de
 
Current node
start_addr: 0x80403de
end_addr: 0x80403e6
successors: ['0x80403ea', '0x80409a4']
parents: ['0x80409a4', '0x80409b4', '0x80409ae']
type: cond
adj_instr: 0x80403ea
log_idx: 347
log_node.dest_addr: 0x80403ea
 
Current node
start_addr: 0x80403ea
end_addr: 0x80403f4
successors: ['0x80405d8', '0x80405e0', '0x80405e8', '0x80405f0', '0x80405f8', '0x8040600', '0x8040608', '0x8040610', '0x8040618', '0x8040620', '0x8040628', '0x8040630', '0x8040638', '0x8040640', '0x8040648', '0x8040650', '0x8040658', '0x8040660', '0x8040668', '0x8040670', '0x8040678', '0x8040680', '0x8040688', '0x8040690', '0x8040698', '0x80406a0', '0x80406a8', '0x80406b0', '0x80406b8', '0x80406c0', '0x80406c8', '0x80406dc', '0x80406e4', '0x80406ec', '0x80406f4', '0x80406fc', '0x8040704', '0x804070c', '0x8040714', '0x804071c', '0x8040724', '0x804072c', '0x8040734', '0x804073c', '0x8040744', '0x804074c', '0x8040754', '0x804075c', '0x8040764', '0x804076c', '0x8040774', '0x804077c', '0x8040784', '0x804078c', '0x8040794', '0x804079c', '0x80407a4', '0x80407ac', '0x80407b4', '0x80407bc', '0x80407c4', '0x80407cc', '0x80407d4', '0x80407dc', '0x80407e4', '0x80407ec', '0x80407f4', '0x80407fc', '0x8040804', '0x804080c', '0x8040814', '0x804081c', '0x8040824', '0x804082c', '0x8040834', '0x804083c', '0x8040844', '0x804084c', '0x8040854', '0x804085c', '0x8040864', '0x804086c', '0x8040874', '0x804087c', '0x8040884', '0x804088c', '0x8040894', '0x804089c', '0x80408a4', '0x80408ac', '0x80408b4', '0x80408bc', '0x80408c4', '0x80408cc', '0x80408d4', '0x80408dc', '0x80408e4', '0x80408ec', '0x80408f4', '0x80408fc', '0x8040904', '0x804090c', '0x8040914', '0x804091c', '0x8040924', '0x804092c', '0x8040934', '0x804093c', '0x8040944', '0x804094c', '0x8040954', '0x804095c', '0x8040964', '0x804096c', '0x8040974', '0x804097c', '0x8040984', '0x804098c', '0x8040994', '0x804099c']
parents: ['0x80403de']
type: uncond
adj_instr: 0x80405d8
log_idx: 348
log_node.dest_addr: 0x804076c
 
Current node
start_addr: 0x804076c
end_addr: 0x8040772
successors: ['0x80409ae']
parents: ['0x80403ea']
type: uncond
adj_instr: 0x8040774
log_idx: 349
log_node.dest_addr: 0x80403de
-----
changed node
start_addr: 0x80409ae
end_addr: 0x80409b8
successors: ['0x80409bc', '0x80403de']
parents: ['0x80405d8', '0x80405e0', '0x80405e8', '0x80405f0', '0x80405f8', '0x8040600', '0x8040608', '0x8040610', '0x8040618', '0x8040620', '0x8040628', '0x8040630', '0x8040638', '0x8040640', '0x8040648', '0x8040650', '0x8040658', '0x8040660', '0x8040668', '0x8040670', '0x8040678', '0x8040680', '0x8040688', '0x8040690', '0x8040698', '0x80406a0', '0x80406a8', '0x80406b0', '0x80406b8', '0x80406c0', '0x80406c8', '0x80406dc', '0x80406e4', '0x80406ec', '0x80406f4', '0x80406fc', '0x8040704', '0x804070c', '0x8040714', '0x804071c', '0x8040724', '0x804072c', '0x8040734', '0x804073c', '0x8040744', '0x804074c', '0x8040754', '0x804075c', '0x8040764', '0x804076c', '0x8040774', '0x804077c', '0x8040784', '0x804078c', '0x8040794', '0x804079c', '0x80407a4', '0x80407ac', '0x80407b4', '0x80407bc', '0x80407c4', '0x80407cc', '0x80407d4', '0x80407dc', '0x80407e4', '0x80407ec', '0x80407f4', '0x80407fc', '0x8040804', '0x804080c', '0x8040814', '0x804081c', '0x8040824', '0x804082c', '0x8040834', '0x804083c', '0x8040844', '0x804084c', '0x8040854', '0x804085c', '0x8040864', '0x804086c', '0x8040874', '0x804087c', '0x8040884', '0x804088c', '0x8040894', '0x804089c', '0x80408a4', '0x80408ac', '0x80408b4', '0x80408bc', '0x80408c4', '0x80408cc', '0x80408d4', '0x80408dc', '0x80408e4', '0x80408ec', '0x80408f4', '0x80408fc', '0x8040904', '0x804090c', '0x8040914', '0x804091c', '0x8040924', '0x804092c', '0x8040934', '0x804093c', '0x8040944', '0x804094c', '0x8040954', '0x804095c', '0x8040964', '0x804096c', '0x8040974', '0x804097c', '0x8040984', '0x804098c', '0x8040994', '0x804099c']
type: cond
adj_instr: 0x80409bc
-----
 
Current node
start_addr: 0x80409ae
end_addr: 0x80409b8
successors: ['0x80409bc', '0x80403de']
parents: ['0x80405d8', '0x80405e0', '0x80405e8', '0x80405f0', '0x80405f8', '0x8040600', '0x8040608', '0x8040610', '0x8040618', '0x8040620', '0x8040628', '0x8040630', '0x8040638', '0x8040640', '0x8040648', '0x8040650', '0x8040658', '0x8040660', '0x8040668', '0x8040670', '0x8040678', '0x8040680', '0x8040688', '0x8040690', '0x8040698', '0x80406a0', '0x80406a8', '0x80406b0', '0x80406b8', '0x80406c0', '0x80406c8', '0x80406dc', '0x80406e4', '0x80406ec', '0x80406f4', '0x80406fc', '0x8040704', '0x804070c', '0x8040714', '0x804071c', '0x8040724', '0x804072c', '0x8040734', '0x804073c', '0x8040744', '0x804074c', '0x8040754', '0x804075c', '0x8040764', '0x804076c', '0x8040774', '0x804077c', '0x8040784', '0x804078c', '0x8040794', '0x804079c', '0x80407a4', '0x80407ac', '0x80407b4', '0x80407bc', '0x80407c4', '0x80407cc', '0x80407d4', '0x80407dc', '0x80407e4', '0x80407ec', '0x80407f4', '0x80407fc', '0x8040804', '0x804080c', '0x8040814', '0x804081c', '0x8040824', '0x804082c', '0x8040834', '0x804083c', '0x8040844', '0x804084c', '0x8040854', '0x804085c', '0x8040864', '0x804086c', '0x8040874', '0x804087c', '0x8040884', '0x804088c', '0x8040894', '0x804089c', '0x80408a4', '0x80408ac', '0x80408b4', '0x80408bc', '0x80408c4', '0x80408cc', '0x80408d4', '0x80408dc', '0x80408e4', '0x80408ec', '0x80408f4', '0x80408fc', '0x8040904', '0x804090c', '0x8040914', '0x804091c', '0x8040924', '0x804092c', '0x8040934', '0x804093c', '0x8040944', '0x804094c', '0x8040954', '0x804095c', '0x8040964', '0x804096c', '0x8040974', '0x804097c', '0x8040984', '0x804098c', '0x8040994', '0x804099c']
type: cond
adj_instr: 0x80409bc
log_idx: 349
log_node.dest_addr: 0x80403de
 
Current node
start_addr: 0x80403de
end_addr: 0x80403e6
successors: ['0x80403ea', '0x80409a4']
parents: ['0x80409a4', '0x80409b4', '0x80409ae']
type: cond
adj_instr: 0x80403ea
log_idx: 350
log_node.dest_addr: 0x80403ea
 
Current node
start_addr: 0x80403ea
end_addr: 0x80403f4
successors: ['0x80405d8', '0x80405e0', '0x80405e8', '0x80405f0', '0x80405f8', '0x8040600', '0x8040608', '0x8040610', '0x8040618', '0x8040620', '0x8040628', '0x8040630', '0x8040638', '0x8040640', '0x8040648', '0x8040650', '0x8040658', '0x8040660', '0x8040668', '0x8040670', '0x8040678', '0x8040680', '0x8040688', '0x8040690', '0x8040698', '0x80406a0', '0x80406a8', '0x80406b0', '0x80406b8', '0x80406c0', '0x80406c8', '0x80406dc', '0x80406e4', '0x80406ec', '0x80406f4', '0x80406fc', '0x8040704', '0x804070c', '0x8040714', '0x804071c', '0x8040724', '0x804072c', '0x8040734', '0x804073c', '0x8040744', '0x804074c', '0x8040754', '0x804075c', '0x8040764', '0x804076c', '0x8040774', '0x804077c', '0x8040784', '0x804078c', '0x8040794', '0x804079c', '0x80407a4', '0x80407ac', '0x80407b4', '0x80407bc', '0x80407c4', '0x80407cc', '0x80407d4', '0x80407dc', '0x80407e4', '0x80407ec', '0x80407f4', '0x80407fc', '0x8040804', '0x804080c', '0x8040814', '0x804081c', '0x8040824', '0x804082c', '0x8040834', '0x804083c', '0x8040844', '0x804084c', '0x8040854', '0x804085c', '0x8040864', '0x804086c', '0x8040874', '0x804087c', '0x8040884', '0x804088c', '0x8040894', '0x804089c', '0x80408a4', '0x80408ac', '0x80408b4', '0x80408bc', '0x80408c4', '0x80408cc', '0x80408d4', '0x80408dc', '0x80408e4', '0x80408ec', '0x80408f4', '0x80408fc', '0x8040904', '0x804090c', '0x8040914', '0x804091c', '0x8040924', '0x804092c', '0x8040934', '0x804093c', '0x8040944', '0x804094c', '0x8040954', '0x804095c', '0x8040964', '0x804096c', '0x8040974', '0x804097c', '0x8040984', '0x804098c', '0x8040994', '0x804099c']
parents: ['0x80403de']
type: uncond
adj_instr: 0x80405d8
log_idx: 351
log_node.dest_addr: 0x8040774
 
Current node
start_addr: 0x8040774
end_addr: 0x804077a
successors: ['0x80409ae']
parents: ['0x80403ea']
type: uncond
adj_instr: 0x804077c
log_idx: 352
log_node.dest_addr: 0x80403de
-----
changed node
start_addr: 0x80409ae
end_addr: 0x80409b8
successors: ['0x80409bc', '0x80403de']
parents: ['0x80405d8', '0x80405e0', '0x80405e8', '0x80405f0', '0x80405f8', '0x8040600', '0x8040608', '0x8040610', '0x8040618', '0x8040620', '0x8040628', '0x8040630', '0x8040638', '0x8040640', '0x8040648', '0x8040650', '0x8040658', '0x8040660', '0x8040668', '0x8040670', '0x8040678', '0x8040680', '0x8040688', '0x8040690', '0x8040698', '0x80406a0', '0x80406a8', '0x80406b0', '0x80406b8', '0x80406c0', '0x80406c8', '0x80406dc', '0x80406e4', '0x80406ec', '0x80406f4', '0x80406fc', '0x8040704', '0x804070c', '0x8040714', '0x804071c', '0x8040724', '0x804072c', '0x8040734', '0x804073c', '0x8040744', '0x804074c', '0x8040754', '0x804075c', '0x8040764', '0x804076c', '0x8040774', '0x804077c', '0x8040784', '0x804078c', '0x8040794', '0x804079c', '0x80407a4', '0x80407ac', '0x80407b4', '0x80407bc', '0x80407c4', '0x80407cc', '0x80407d4', '0x80407dc', '0x80407e4', '0x80407ec', '0x80407f4', '0x80407fc', '0x8040804', '0x804080c', '0x8040814', '0x804081c', '0x8040824', '0x804082c', '0x8040834', '0x804083c', '0x8040844', '0x804084c', '0x8040854', '0x804085c', '0x8040864', '0x804086c', '0x8040874', '0x804087c', '0x8040884', '0x804088c', '0x8040894', '0x804089c', '0x80408a4', '0x80408ac', '0x80408b4', '0x80408bc', '0x80408c4', '0x80408cc', '0x80408d4', '0x80408dc', '0x80408e4', '0x80408ec', '0x80408f4', '0x80408fc', '0x8040904', '0x804090c', '0x8040914', '0x804091c', '0x8040924', '0x804092c', '0x8040934', '0x804093c', '0x8040944', '0x804094c', '0x8040954', '0x804095c', '0x8040964', '0x804096c', '0x8040974', '0x804097c', '0x8040984', '0x804098c', '0x8040994', '0x804099c']
type: cond
adj_instr: 0x80409bc
-----
 
Current node
start_addr: 0x80409ae
end_addr: 0x80409b8
successors: ['0x80409bc', '0x80403de']
parents: ['0x80405d8', '0x80405e0', '0x80405e8', '0x80405f0', '0x80405f8', '0x8040600', '0x8040608', '0x8040610', '0x8040618', '0x8040620', '0x8040628', '0x8040630', '0x8040638', '0x8040640', '0x8040648', '0x8040650', '0x8040658', '0x8040660', '0x8040668', '0x8040670', '0x8040678', '0x8040680', '0x8040688', '0x8040690', '0x8040698', '0x80406a0', '0x80406a8', '0x80406b0', '0x80406b8', '0x80406c0', '0x80406c8', '0x80406dc', '0x80406e4', '0x80406ec', '0x80406f4', '0x80406fc', '0x8040704', '0x804070c', '0x8040714', '0x804071c', '0x8040724', '0x804072c', '0x8040734', '0x804073c', '0x8040744', '0x804074c', '0x8040754', '0x804075c', '0x8040764', '0x804076c', '0x8040774', '0x804077c', '0x8040784', '0x804078c', '0x8040794', '0x804079c', '0x80407a4', '0x80407ac', '0x80407b4', '0x80407bc', '0x80407c4', '0x80407cc', '0x80407d4', '0x80407dc', '0x80407e4', '0x80407ec', '0x80407f4', '0x80407fc', '0x8040804', '0x804080c', '0x8040814', '0x804081c', '0x8040824', '0x804082c', '0x8040834', '0x804083c', '0x8040844', '0x804084c', '0x8040854', '0x804085c', '0x8040864', '0x804086c', '0x8040874', '0x804087c', '0x8040884', '0x804088c', '0x8040894', '0x804089c', '0x80408a4', '0x80408ac', '0x80408b4', '0x80408bc', '0x80408c4', '0x80408cc', '0x80408d4', '0x80408dc', '0x80408e4', '0x80408ec', '0x80408f4', '0x80408fc', '0x8040904', '0x804090c', '0x8040914', '0x804091c', '0x8040924', '0x804092c', '0x8040934', '0x804093c', '0x8040944', '0x804094c', '0x8040954', '0x804095c', '0x8040964', '0x804096c', '0x8040974', '0x804097c', '0x8040984', '0x804098c', '0x8040994', '0x804099c']
type: cond
adj_instr: 0x80409bc
log_idx: 352
log_node.dest_addr: 0x80403de
 
Current node
start_addr: 0x80403de
end_addr: 0x80403e6
successors: ['0x80403ea', '0x80409a4']
parents: ['0x80409a4', '0x80409b4', '0x80409ae']
type: cond
adj_instr: 0x80403ea
log_idx: 353
log_node.dest_addr: 0x80403ea
 
Current node
start_addr: 0x80403ea
end_addr: 0x80403f4
successors: ['0x80405d8', '0x80405e0', '0x80405e8', '0x80405f0', '0x80405f8', '0x8040600', '0x8040608', '0x8040610', '0x8040618', '0x8040620', '0x8040628', '0x8040630', '0x8040638', '0x8040640', '0x8040648', '0x8040650', '0x8040658', '0x8040660', '0x8040668', '0x8040670', '0x8040678', '0x8040680', '0x8040688', '0x8040690', '0x8040698', '0x80406a0', '0x80406a8', '0x80406b0', '0x80406b8', '0x80406c0', '0x80406c8', '0x80406dc', '0x80406e4', '0x80406ec', '0x80406f4', '0x80406fc', '0x8040704', '0x804070c', '0x8040714', '0x804071c', '0x8040724', '0x804072c', '0x8040734', '0x804073c', '0x8040744', '0x804074c', '0x8040754', '0x804075c', '0x8040764', '0x804076c', '0x8040774', '0x804077c', '0x8040784', '0x804078c', '0x8040794', '0x804079c', '0x80407a4', '0x80407ac', '0x80407b4', '0x80407bc', '0x80407c4', '0x80407cc', '0x80407d4', '0x80407dc', '0x80407e4', '0x80407ec', '0x80407f4', '0x80407fc', '0x8040804', '0x804080c', '0x8040814', '0x804081c', '0x8040824', '0x804082c', '0x8040834', '0x804083c', '0x8040844', '0x804084c', '0x8040854', '0x804085c', '0x8040864', '0x804086c', '0x8040874', '0x804087c', '0x8040884', '0x804088c', '0x8040894', '0x804089c', '0x80408a4', '0x80408ac', '0x80408b4', '0x80408bc', '0x80408c4', '0x80408cc', '0x80408d4', '0x80408dc', '0x80408e4', '0x80408ec', '0x80408f4', '0x80408fc', '0x8040904', '0x804090c', '0x8040914', '0x804091c', '0x8040924', '0x804092c', '0x8040934', '0x804093c', '0x8040944', '0x804094c', '0x8040954', '0x804095c', '0x8040964', '0x804096c', '0x8040974', '0x804097c', '0x8040984', '0x804098c', '0x8040994', '0x804099c']
parents: ['0x80403de']
type: uncond
adj_instr: 0x80405d8
log_idx: 354
log_node.dest_addr: 0x804077c
 
Current node
start_addr: 0x804077c
end_addr: 0x8040782
successors: ['0x80409ae']
parents: ['0x80403ea']
type: uncond
adj_instr: 0x8040784
log_idx: 355
log_node.dest_addr: 0x80403de
-----
changed node
start_addr: 0x80409ae
end_addr: 0x80409b8
successors: ['0x80409bc', '0x80403de']
parents: ['0x80405d8', '0x80405e0', '0x80405e8', '0x80405f0', '0x80405f8', '0x8040600', '0x8040608', '0x8040610', '0x8040618', '0x8040620', '0x8040628', '0x8040630', '0x8040638', '0x8040640', '0x8040648', '0x8040650', '0x8040658', '0x8040660', '0x8040668', '0x8040670', '0x8040678', '0x8040680', '0x8040688', '0x8040690', '0x8040698', '0x80406a0', '0x80406a8', '0x80406b0', '0x80406b8', '0x80406c0', '0x80406c8', '0x80406dc', '0x80406e4', '0x80406ec', '0x80406f4', '0x80406fc', '0x8040704', '0x804070c', '0x8040714', '0x804071c', '0x8040724', '0x804072c', '0x8040734', '0x804073c', '0x8040744', '0x804074c', '0x8040754', '0x804075c', '0x8040764', '0x804076c', '0x8040774', '0x804077c', '0x8040784', '0x804078c', '0x8040794', '0x804079c', '0x80407a4', '0x80407ac', '0x80407b4', '0x80407bc', '0x80407c4', '0x80407cc', '0x80407d4', '0x80407dc', '0x80407e4', '0x80407ec', '0x80407f4', '0x80407fc', '0x8040804', '0x804080c', '0x8040814', '0x804081c', '0x8040824', '0x804082c', '0x8040834', '0x804083c', '0x8040844', '0x804084c', '0x8040854', '0x804085c', '0x8040864', '0x804086c', '0x8040874', '0x804087c', '0x8040884', '0x804088c', '0x8040894', '0x804089c', '0x80408a4', '0x80408ac', '0x80408b4', '0x80408bc', '0x80408c4', '0x80408cc', '0x80408d4', '0x80408dc', '0x80408e4', '0x80408ec', '0x80408f4', '0x80408fc', '0x8040904', '0x804090c', '0x8040914', '0x804091c', '0x8040924', '0x804092c', '0x8040934', '0x804093c', '0x8040944', '0x804094c', '0x8040954', '0x804095c', '0x8040964', '0x804096c', '0x8040974', '0x804097c', '0x8040984', '0x804098c', '0x8040994', '0x804099c']
type: cond
adj_instr: 0x80409bc
-----
 
Current node
start_addr: 0x80409ae
end_addr: 0x80409b8
successors: ['0x80409bc', '0x80403de']
parents: ['0x80405d8', '0x80405e0', '0x80405e8', '0x80405f0', '0x80405f8', '0x8040600', '0x8040608', '0x8040610', '0x8040618', '0x8040620', '0x8040628', '0x8040630', '0x8040638', '0x8040640', '0x8040648', '0x8040650', '0x8040658', '0x8040660', '0x8040668', '0x8040670', '0x8040678', '0x8040680', '0x8040688', '0x8040690', '0x8040698', '0x80406a0', '0x80406a8', '0x80406b0', '0x80406b8', '0x80406c0', '0x80406c8', '0x80406dc', '0x80406e4', '0x80406ec', '0x80406f4', '0x80406fc', '0x8040704', '0x804070c', '0x8040714', '0x804071c', '0x8040724', '0x804072c', '0x8040734', '0x804073c', '0x8040744', '0x804074c', '0x8040754', '0x804075c', '0x8040764', '0x804076c', '0x8040774', '0x804077c', '0x8040784', '0x804078c', '0x8040794', '0x804079c', '0x80407a4', '0x80407ac', '0x80407b4', '0x80407bc', '0x80407c4', '0x80407cc', '0x80407d4', '0x80407dc', '0x80407e4', '0x80407ec', '0x80407f4', '0x80407fc', '0x8040804', '0x804080c', '0x8040814', '0x804081c', '0x8040824', '0x804082c', '0x8040834', '0x804083c', '0x8040844', '0x804084c', '0x8040854', '0x804085c', '0x8040864', '0x804086c', '0x8040874', '0x804087c', '0x8040884', '0x804088c', '0x8040894', '0x804089c', '0x80408a4', '0x80408ac', '0x80408b4', '0x80408bc', '0x80408c4', '0x80408cc', '0x80408d4', '0x80408dc', '0x80408e4', '0x80408ec', '0x80408f4', '0x80408fc', '0x8040904', '0x804090c', '0x8040914', '0x804091c', '0x8040924', '0x804092c', '0x8040934', '0x804093c', '0x8040944', '0x804094c', '0x8040954', '0x804095c', '0x8040964', '0x804096c', '0x8040974', '0x804097c', '0x8040984', '0x804098c', '0x8040994', '0x804099c']
type: cond
adj_instr: 0x80409bc
log_idx: 355
log_node.dest_addr: 0x80403de
 
Current node
start_addr: 0x80403de
end_addr: 0x80403e6
successors: ['0x80403ea', '0x80409a4']
parents: ['0x80409a4', '0x80409b4', '0x80409ae']
type: cond
adj_instr: 0x80403ea
log_idx: 356
log_node.dest_addr: 0x80403ea
 
Current node
start_addr: 0x80403ea
end_addr: 0x80403f4
successors: ['0x80405d8', '0x80405e0', '0x80405e8', '0x80405f0', '0x80405f8', '0x8040600', '0x8040608', '0x8040610', '0x8040618', '0x8040620', '0x8040628', '0x8040630', '0x8040638', '0x8040640', '0x8040648', '0x8040650', '0x8040658', '0x8040660', '0x8040668', '0x8040670', '0x8040678', '0x8040680', '0x8040688', '0x8040690', '0x8040698', '0x80406a0', '0x80406a8', '0x80406b0', '0x80406b8', '0x80406c0', '0x80406c8', '0x80406dc', '0x80406e4', '0x80406ec', '0x80406f4', '0x80406fc', '0x8040704', '0x804070c', '0x8040714', '0x804071c', '0x8040724', '0x804072c', '0x8040734', '0x804073c', '0x8040744', '0x804074c', '0x8040754', '0x804075c', '0x8040764', '0x804076c', '0x8040774', '0x804077c', '0x8040784', '0x804078c', '0x8040794', '0x804079c', '0x80407a4', '0x80407ac', '0x80407b4', '0x80407bc', '0x80407c4', '0x80407cc', '0x80407d4', '0x80407dc', '0x80407e4', '0x80407ec', '0x80407f4', '0x80407fc', '0x8040804', '0x804080c', '0x8040814', '0x804081c', '0x8040824', '0x804082c', '0x8040834', '0x804083c', '0x8040844', '0x804084c', '0x8040854', '0x804085c', '0x8040864', '0x804086c', '0x8040874', '0x804087c', '0x8040884', '0x804088c', '0x8040894', '0x804089c', '0x80408a4', '0x80408ac', '0x80408b4', '0x80408bc', '0x80408c4', '0x80408cc', '0x80408d4', '0x80408dc', '0x80408e4', '0x80408ec', '0x80408f4', '0x80408fc', '0x8040904', '0x804090c', '0x8040914', '0x804091c', '0x8040924', '0x804092c', '0x8040934', '0x804093c', '0x8040944', '0x804094c', '0x8040954', '0x804095c', '0x8040964', '0x804096c', '0x8040974', '0x804097c', '0x8040984', '0x804098c', '0x8040994', '0x804099c']
parents: ['0x80403de']
type: uncond
adj_instr: 0x80405d8
log_idx: 357
log_node.dest_addr: 0x8040784
 
Current node
start_addr: 0x8040784
end_addr: 0x804078a
successors: ['0x80409ae']
parents: ['0x80403ea']
type: uncond
adj_instr: 0x804078c
log_idx: 358
log_node.dest_addr: 0x80403de
-----
changed node
start_addr: 0x80409ae
end_addr: 0x80409b8
successors: ['0x80409bc', '0x80403de']
parents: ['0x80405d8', '0x80405e0', '0x80405e8', '0x80405f0', '0x80405f8', '0x8040600', '0x8040608', '0x8040610', '0x8040618', '0x8040620', '0x8040628', '0x8040630', '0x8040638', '0x8040640', '0x8040648', '0x8040650', '0x8040658', '0x8040660', '0x8040668', '0x8040670', '0x8040678', '0x8040680', '0x8040688', '0x8040690', '0x8040698', '0x80406a0', '0x80406a8', '0x80406b0', '0x80406b8', '0x80406c0', '0x80406c8', '0x80406dc', '0x80406e4', '0x80406ec', '0x80406f4', '0x80406fc', '0x8040704', '0x804070c', '0x8040714', '0x804071c', '0x8040724', '0x804072c', '0x8040734', '0x804073c', '0x8040744', '0x804074c', '0x8040754', '0x804075c', '0x8040764', '0x804076c', '0x8040774', '0x804077c', '0x8040784', '0x804078c', '0x8040794', '0x804079c', '0x80407a4', '0x80407ac', '0x80407b4', '0x80407bc', '0x80407c4', '0x80407cc', '0x80407d4', '0x80407dc', '0x80407e4', '0x80407ec', '0x80407f4', '0x80407fc', '0x8040804', '0x804080c', '0x8040814', '0x804081c', '0x8040824', '0x804082c', '0x8040834', '0x804083c', '0x8040844', '0x804084c', '0x8040854', '0x804085c', '0x8040864', '0x804086c', '0x8040874', '0x804087c', '0x8040884', '0x804088c', '0x8040894', '0x804089c', '0x80408a4', '0x80408ac', '0x80408b4', '0x80408bc', '0x80408c4', '0x80408cc', '0x80408d4', '0x80408dc', '0x80408e4', '0x80408ec', '0x80408f4', '0x80408fc', '0x8040904', '0x804090c', '0x8040914', '0x804091c', '0x8040924', '0x804092c', '0x8040934', '0x804093c', '0x8040944', '0x804094c', '0x8040954', '0x804095c', '0x8040964', '0x804096c', '0x8040974', '0x804097c', '0x8040984', '0x804098c', '0x8040994', '0x804099c']
type: cond
adj_instr: 0x80409bc
-----
 
Current node
start_addr: 0x80409ae
end_addr: 0x80409b8
successors: ['0x80409bc', '0x80403de']
parents: ['0x80405d8', '0x80405e0', '0x80405e8', '0x80405f0', '0x80405f8', '0x8040600', '0x8040608', '0x8040610', '0x8040618', '0x8040620', '0x8040628', '0x8040630', '0x8040638', '0x8040640', '0x8040648', '0x8040650', '0x8040658', '0x8040660', '0x8040668', '0x8040670', '0x8040678', '0x8040680', '0x8040688', '0x8040690', '0x8040698', '0x80406a0', '0x80406a8', '0x80406b0', '0x80406b8', '0x80406c0', '0x80406c8', '0x80406dc', '0x80406e4', '0x80406ec', '0x80406f4', '0x80406fc', '0x8040704', '0x804070c', '0x8040714', '0x804071c', '0x8040724', '0x804072c', '0x8040734', '0x804073c', '0x8040744', '0x804074c', '0x8040754', '0x804075c', '0x8040764', '0x804076c', '0x8040774', '0x804077c', '0x8040784', '0x804078c', '0x8040794', '0x804079c', '0x80407a4', '0x80407ac', '0x80407b4', '0x80407bc', '0x80407c4', '0x80407cc', '0x80407d4', '0x80407dc', '0x80407e4', '0x80407ec', '0x80407f4', '0x80407fc', '0x8040804', '0x804080c', '0x8040814', '0x804081c', '0x8040824', '0x804082c', '0x8040834', '0x804083c', '0x8040844', '0x804084c', '0x8040854', '0x804085c', '0x8040864', '0x804086c', '0x8040874', '0x804087c', '0x8040884', '0x804088c', '0x8040894', '0x804089c', '0x80408a4', '0x80408ac', '0x80408b4', '0x80408bc', '0x80408c4', '0x80408cc', '0x80408d4', '0x80408dc', '0x80408e4', '0x80408ec', '0x80408f4', '0x80408fc', '0x8040904', '0x804090c', '0x8040914', '0x804091c', '0x8040924', '0x804092c', '0x8040934', '0x804093c', '0x8040944', '0x804094c', '0x8040954', '0x804095c', '0x8040964', '0x804096c', '0x8040974', '0x804097c', '0x8040984', '0x804098c', '0x8040994', '0x804099c']
type: cond
adj_instr: 0x80409bc
log_idx: 358
log_node.dest_addr: 0x80403de
 
Current node
start_addr: 0x80403de
end_addr: 0x80403e6
successors: ['0x80403ea', '0x80409a4']
parents: ['0x80409a4', '0x80409b4', '0x80409ae']
type: cond
adj_instr: 0x80403ea
log_idx: 359
log_node.dest_addr: 0x80403ea
 
Current node
start_addr: 0x80403ea
end_addr: 0x80403f4
successors: ['0x80405d8', '0x80405e0', '0x80405e8', '0x80405f0', '0x80405f8', '0x8040600', '0x8040608', '0x8040610', '0x8040618', '0x8040620', '0x8040628', '0x8040630', '0x8040638', '0x8040640', '0x8040648', '0x8040650', '0x8040658', '0x8040660', '0x8040668', '0x8040670', '0x8040678', '0x8040680', '0x8040688', '0x8040690', '0x8040698', '0x80406a0', '0x80406a8', '0x80406b0', '0x80406b8', '0x80406c0', '0x80406c8', '0x80406dc', '0x80406e4', '0x80406ec', '0x80406f4', '0x80406fc', '0x8040704', '0x804070c', '0x8040714', '0x804071c', '0x8040724', '0x804072c', '0x8040734', '0x804073c', '0x8040744', '0x804074c', '0x8040754', '0x804075c', '0x8040764', '0x804076c', '0x8040774', '0x804077c', '0x8040784', '0x804078c', '0x8040794', '0x804079c', '0x80407a4', '0x80407ac', '0x80407b4', '0x80407bc', '0x80407c4', '0x80407cc', '0x80407d4', '0x80407dc', '0x80407e4', '0x80407ec', '0x80407f4', '0x80407fc', '0x8040804', '0x804080c', '0x8040814', '0x804081c', '0x8040824', '0x804082c', '0x8040834', '0x804083c', '0x8040844', '0x804084c', '0x8040854', '0x804085c', '0x8040864', '0x804086c', '0x8040874', '0x804087c', '0x8040884', '0x804088c', '0x8040894', '0x804089c', '0x80408a4', '0x80408ac', '0x80408b4', '0x80408bc', '0x80408c4', '0x80408cc', '0x80408d4', '0x80408dc', '0x80408e4', '0x80408ec', '0x80408f4', '0x80408fc', '0x8040904', '0x804090c', '0x8040914', '0x804091c', '0x8040924', '0x804092c', '0x8040934', '0x804093c', '0x8040944', '0x804094c', '0x8040954', '0x804095c', '0x8040964', '0x804096c', '0x8040974', '0x804097c', '0x8040984', '0x804098c', '0x8040994', '0x804099c']
parents: ['0x80403de']
type: uncond
adj_instr: 0x80405d8
log_idx: 360
log_node.dest_addr: 0x804078c
 
Current node
start_addr: 0x804078c
end_addr: 0x8040792
successors: ['0x80409ae']
parents: ['0x80403ea']
type: uncond
adj_instr: 0x8040794
log_idx: 361
log_node.dest_addr: 0x80403de
-----
changed node
start_addr: 0x80409ae
end_addr: 0x80409b8
successors: ['0x80409bc', '0x80403de']
parents: ['0x80405d8', '0x80405e0', '0x80405e8', '0x80405f0', '0x80405f8', '0x8040600', '0x8040608', '0x8040610', '0x8040618', '0x8040620', '0x8040628', '0x8040630', '0x8040638', '0x8040640', '0x8040648', '0x8040650', '0x8040658', '0x8040660', '0x8040668', '0x8040670', '0x8040678', '0x8040680', '0x8040688', '0x8040690', '0x8040698', '0x80406a0', '0x80406a8', '0x80406b0', '0x80406b8', '0x80406c0', '0x80406c8', '0x80406dc', '0x80406e4', '0x80406ec', '0x80406f4', '0x80406fc', '0x8040704', '0x804070c', '0x8040714', '0x804071c', '0x8040724', '0x804072c', '0x8040734', '0x804073c', '0x8040744', '0x804074c', '0x8040754', '0x804075c', '0x8040764', '0x804076c', '0x8040774', '0x804077c', '0x8040784', '0x804078c', '0x8040794', '0x804079c', '0x80407a4', '0x80407ac', '0x80407b4', '0x80407bc', '0x80407c4', '0x80407cc', '0x80407d4', '0x80407dc', '0x80407e4', '0x80407ec', '0x80407f4', '0x80407fc', '0x8040804', '0x804080c', '0x8040814', '0x804081c', '0x8040824', '0x804082c', '0x8040834', '0x804083c', '0x8040844', '0x804084c', '0x8040854', '0x804085c', '0x8040864', '0x804086c', '0x8040874', '0x804087c', '0x8040884', '0x804088c', '0x8040894', '0x804089c', '0x80408a4', '0x80408ac', '0x80408b4', '0x80408bc', '0x80408c4', '0x80408cc', '0x80408d4', '0x80408dc', '0x80408e4', '0x80408ec', '0x80408f4', '0x80408fc', '0x8040904', '0x804090c', '0x8040914', '0x804091c', '0x8040924', '0x804092c', '0x8040934', '0x804093c', '0x8040944', '0x804094c', '0x8040954', '0x804095c', '0x8040964', '0x804096c', '0x8040974', '0x804097c', '0x8040984', '0x804098c', '0x8040994', '0x804099c']
type: cond
adj_instr: 0x80409bc
-----
 
Current node
start_addr: 0x80409ae
end_addr: 0x80409b8
successors: ['0x80409bc', '0x80403de']
parents: ['0x80405d8', '0x80405e0', '0x80405e8', '0x80405f0', '0x80405f8', '0x8040600', '0x8040608', '0x8040610', '0x8040618', '0x8040620', '0x8040628', '0x8040630', '0x8040638', '0x8040640', '0x8040648', '0x8040650', '0x8040658', '0x8040660', '0x8040668', '0x8040670', '0x8040678', '0x8040680', '0x8040688', '0x8040690', '0x8040698', '0x80406a0', '0x80406a8', '0x80406b0', '0x80406b8', '0x80406c0', '0x80406c8', '0x80406dc', '0x80406e4', '0x80406ec', '0x80406f4', '0x80406fc', '0x8040704', '0x804070c', '0x8040714', '0x804071c', '0x8040724', '0x804072c', '0x8040734', '0x804073c', '0x8040744', '0x804074c', '0x8040754', '0x804075c', '0x8040764', '0x804076c', '0x8040774', '0x804077c', '0x8040784', '0x804078c', '0x8040794', '0x804079c', '0x80407a4', '0x80407ac', '0x80407b4', '0x80407bc', '0x80407c4', '0x80407cc', '0x80407d4', '0x80407dc', '0x80407e4', '0x80407ec', '0x80407f4', '0x80407fc', '0x8040804', '0x804080c', '0x8040814', '0x804081c', '0x8040824', '0x804082c', '0x8040834', '0x804083c', '0x8040844', '0x804084c', '0x8040854', '0x804085c', '0x8040864', '0x804086c', '0x8040874', '0x804087c', '0x8040884', '0x804088c', '0x8040894', '0x804089c', '0x80408a4', '0x80408ac', '0x80408b4', '0x80408bc', '0x80408c4', '0x80408cc', '0x80408d4', '0x80408dc', '0x80408e4', '0x80408ec', '0x80408f4', '0x80408fc', '0x8040904', '0x804090c', '0x8040914', '0x804091c', '0x8040924', '0x804092c', '0x8040934', '0x804093c', '0x8040944', '0x804094c', '0x8040954', '0x804095c', '0x8040964', '0x804096c', '0x8040974', '0x804097c', '0x8040984', '0x804098c', '0x8040994', '0x804099c']
type: cond
adj_instr: 0x80409bc
log_idx: 361
log_node.dest_addr: 0x80403de
 
Current node
start_addr: 0x80403de
end_addr: 0x80403e6
successors: ['0x80403ea', '0x80409a4']
parents: ['0x80409a4', '0x80409b4', '0x80409ae']
type: cond
adj_instr: 0x80403ea
log_idx: 362
log_node.dest_addr: 0x80403ea
 
Current node
start_addr: 0x80403ea
end_addr: 0x80403f4
successors: ['0x80405d8', '0x80405e0', '0x80405e8', '0x80405f0', '0x80405f8', '0x8040600', '0x8040608', '0x8040610', '0x8040618', '0x8040620', '0x8040628', '0x8040630', '0x8040638', '0x8040640', '0x8040648', '0x8040650', '0x8040658', '0x8040660', '0x8040668', '0x8040670', '0x8040678', '0x8040680', '0x8040688', '0x8040690', '0x8040698', '0x80406a0', '0x80406a8', '0x80406b0', '0x80406b8', '0x80406c0', '0x80406c8', '0x80406dc', '0x80406e4', '0x80406ec', '0x80406f4', '0x80406fc', '0x8040704', '0x804070c', '0x8040714', '0x804071c', '0x8040724', '0x804072c', '0x8040734', '0x804073c', '0x8040744', '0x804074c', '0x8040754', '0x804075c', '0x8040764', '0x804076c', '0x8040774', '0x804077c', '0x8040784', '0x804078c', '0x8040794', '0x804079c', '0x80407a4', '0x80407ac', '0x80407b4', '0x80407bc', '0x80407c4', '0x80407cc', '0x80407d4', '0x80407dc', '0x80407e4', '0x80407ec', '0x80407f4', '0x80407fc', '0x8040804', '0x804080c', '0x8040814', '0x804081c', '0x8040824', '0x804082c', '0x8040834', '0x804083c', '0x8040844', '0x804084c', '0x8040854', '0x804085c', '0x8040864', '0x804086c', '0x8040874', '0x804087c', '0x8040884', '0x804088c', '0x8040894', '0x804089c', '0x80408a4', '0x80408ac', '0x80408b4', '0x80408bc', '0x80408c4', '0x80408cc', '0x80408d4', '0x80408dc', '0x80408e4', '0x80408ec', '0x80408f4', '0x80408fc', '0x8040904', '0x804090c', '0x8040914', '0x804091c', '0x8040924', '0x804092c', '0x8040934', '0x804093c', '0x8040944', '0x804094c', '0x8040954', '0x804095c', '0x8040964', '0x804096c', '0x8040974', '0x804097c', '0x8040984', '0x804098c', '0x8040994', '0x804099c']
parents: ['0x80403de']
type: uncond
adj_instr: 0x80405d8
log_idx: 363
log_node.dest_addr: 0x8040794
 
Current node
start_addr: 0x8040794
end_addr: 0x804079a
successors: ['0x80409ae']
parents: ['0x80403ea']
type: uncond
adj_instr: 0x804079c
log_idx: 364
log_node.dest_addr: 0x80403de
-----
changed node
start_addr: 0x80409ae
end_addr: 0x80409b8
successors: ['0x80409bc', '0x80403de']
parents: ['0x80405d8', '0x80405e0', '0x80405e8', '0x80405f0', '0x80405f8', '0x8040600', '0x8040608', '0x8040610', '0x8040618', '0x8040620', '0x8040628', '0x8040630', '0x8040638', '0x8040640', '0x8040648', '0x8040650', '0x8040658', '0x8040660', '0x8040668', '0x8040670', '0x8040678', '0x8040680', '0x8040688', '0x8040690', '0x8040698', '0x80406a0', '0x80406a8', '0x80406b0', '0x80406b8', '0x80406c0', '0x80406c8', '0x80406dc', '0x80406e4', '0x80406ec', '0x80406f4', '0x80406fc', '0x8040704', '0x804070c', '0x8040714', '0x804071c', '0x8040724', '0x804072c', '0x8040734', '0x804073c', '0x8040744', '0x804074c', '0x8040754', '0x804075c', '0x8040764', '0x804076c', '0x8040774', '0x804077c', '0x8040784', '0x804078c', '0x8040794', '0x804079c', '0x80407a4', '0x80407ac', '0x80407b4', '0x80407bc', '0x80407c4', '0x80407cc', '0x80407d4', '0x80407dc', '0x80407e4', '0x80407ec', '0x80407f4', '0x80407fc', '0x8040804', '0x804080c', '0x8040814', '0x804081c', '0x8040824', '0x804082c', '0x8040834', '0x804083c', '0x8040844', '0x804084c', '0x8040854', '0x804085c', '0x8040864', '0x804086c', '0x8040874', '0x804087c', '0x8040884', '0x804088c', '0x8040894', '0x804089c', '0x80408a4', '0x80408ac', '0x80408b4', '0x80408bc', '0x80408c4', '0x80408cc', '0x80408d4', '0x80408dc', '0x80408e4', '0x80408ec', '0x80408f4', '0x80408fc', '0x8040904', '0x804090c', '0x8040914', '0x804091c', '0x8040924', '0x804092c', '0x8040934', '0x804093c', '0x8040944', '0x804094c', '0x8040954', '0x804095c', '0x8040964', '0x804096c', '0x8040974', '0x804097c', '0x8040984', '0x804098c', '0x8040994', '0x804099c']
type: cond
adj_instr: 0x80409bc
-----
 
Current node
start_addr: 0x80409ae
end_addr: 0x80409b8
successors: ['0x80409bc', '0x80403de']
parents: ['0x80405d8', '0x80405e0', '0x80405e8', '0x80405f0', '0x80405f8', '0x8040600', '0x8040608', '0x8040610', '0x8040618', '0x8040620', '0x8040628', '0x8040630', '0x8040638', '0x8040640', '0x8040648', '0x8040650', '0x8040658', '0x8040660', '0x8040668', '0x8040670', '0x8040678', '0x8040680', '0x8040688', '0x8040690', '0x8040698', '0x80406a0', '0x80406a8', '0x80406b0', '0x80406b8', '0x80406c0', '0x80406c8', '0x80406dc', '0x80406e4', '0x80406ec', '0x80406f4', '0x80406fc', '0x8040704', '0x804070c', '0x8040714', '0x804071c', '0x8040724', '0x804072c', '0x8040734', '0x804073c', '0x8040744', '0x804074c', '0x8040754', '0x804075c', '0x8040764', '0x804076c', '0x8040774', '0x804077c', '0x8040784', '0x804078c', '0x8040794', '0x804079c', '0x80407a4', '0x80407ac', '0x80407b4', '0x80407bc', '0x80407c4', '0x80407cc', '0x80407d4', '0x80407dc', '0x80407e4', '0x80407ec', '0x80407f4', '0x80407fc', '0x8040804', '0x804080c', '0x8040814', '0x804081c', '0x8040824', '0x804082c', '0x8040834', '0x804083c', '0x8040844', '0x804084c', '0x8040854', '0x804085c', '0x8040864', '0x804086c', '0x8040874', '0x804087c', '0x8040884', '0x804088c', '0x8040894', '0x804089c', '0x80408a4', '0x80408ac', '0x80408b4', '0x80408bc', '0x80408c4', '0x80408cc', '0x80408d4', '0x80408dc', '0x80408e4', '0x80408ec', '0x80408f4', '0x80408fc', '0x8040904', '0x804090c', '0x8040914', '0x804091c', '0x8040924', '0x804092c', '0x8040934', '0x804093c', '0x8040944', '0x804094c', '0x8040954', '0x804095c', '0x8040964', '0x804096c', '0x8040974', '0x804097c', '0x8040984', '0x804098c', '0x8040994', '0x804099c']
type: cond
adj_instr: 0x80409bc
log_idx: 364
log_node.dest_addr: 0x80403de
 
Current node
start_addr: 0x80403de
end_addr: 0x80403e6
successors: ['0x80403ea', '0x80409a4']
parents: ['0x80409a4', '0x80409b4', '0x80409ae']
type: cond
adj_instr: 0x80403ea
log_idx: 365
log_node.dest_addr: 0x80403ea
 
Current node
start_addr: 0x80403ea
end_addr: 0x80403f4
successors: ['0x80405d8', '0x80405e0', '0x80405e8', '0x80405f0', '0x80405f8', '0x8040600', '0x8040608', '0x8040610', '0x8040618', '0x8040620', '0x8040628', '0x8040630', '0x8040638', '0x8040640', '0x8040648', '0x8040650', '0x8040658', '0x8040660', '0x8040668', '0x8040670', '0x8040678', '0x8040680', '0x8040688', '0x8040690', '0x8040698', '0x80406a0', '0x80406a8', '0x80406b0', '0x80406b8', '0x80406c0', '0x80406c8', '0x80406dc', '0x80406e4', '0x80406ec', '0x80406f4', '0x80406fc', '0x8040704', '0x804070c', '0x8040714', '0x804071c', '0x8040724', '0x804072c', '0x8040734', '0x804073c', '0x8040744', '0x804074c', '0x8040754', '0x804075c', '0x8040764', '0x804076c', '0x8040774', '0x804077c', '0x8040784', '0x804078c', '0x8040794', '0x804079c', '0x80407a4', '0x80407ac', '0x80407b4', '0x80407bc', '0x80407c4', '0x80407cc', '0x80407d4', '0x80407dc', '0x80407e4', '0x80407ec', '0x80407f4', '0x80407fc', '0x8040804', '0x804080c', '0x8040814', '0x804081c', '0x8040824', '0x804082c', '0x8040834', '0x804083c', '0x8040844', '0x804084c', '0x8040854', '0x804085c', '0x8040864', '0x804086c', '0x8040874', '0x804087c', '0x8040884', '0x804088c', '0x8040894', '0x804089c', '0x80408a4', '0x80408ac', '0x80408b4', '0x80408bc', '0x80408c4', '0x80408cc', '0x80408d4', '0x80408dc', '0x80408e4', '0x80408ec', '0x80408f4', '0x80408fc', '0x8040904', '0x804090c', '0x8040914', '0x804091c', '0x8040924', '0x804092c', '0x8040934', '0x804093c', '0x8040944', '0x804094c', '0x8040954', '0x804095c', '0x8040964', '0x804096c', '0x8040974', '0x804097c', '0x8040984', '0x804098c', '0x8040994', '0x804099c']
parents: ['0x80403de']
type: uncond
adj_instr: 0x80405d8
log_idx: 366
log_node.dest_addr: 0x804079c
 
Current node
start_addr: 0x804079c
end_addr: 0x80407a2
successors: ['0x80409ae']
parents: ['0x80403ea']
type: uncond
adj_instr: 0x80407a4
log_idx: 367
log_node.dest_addr: 0x80403de
-----
changed node
start_addr: 0x80409ae
end_addr: 0x80409b8
successors: ['0x80409bc', '0x80403de']
parents: ['0x80405d8', '0x80405e0', '0x80405e8', '0x80405f0', '0x80405f8', '0x8040600', '0x8040608', '0x8040610', '0x8040618', '0x8040620', '0x8040628', '0x8040630', '0x8040638', '0x8040640', '0x8040648', '0x8040650', '0x8040658', '0x8040660', '0x8040668', '0x8040670', '0x8040678', '0x8040680', '0x8040688', '0x8040690', '0x8040698', '0x80406a0', '0x80406a8', '0x80406b0', '0x80406b8', '0x80406c0', '0x80406c8', '0x80406dc', '0x80406e4', '0x80406ec', '0x80406f4', '0x80406fc', '0x8040704', '0x804070c', '0x8040714', '0x804071c', '0x8040724', '0x804072c', '0x8040734', '0x804073c', '0x8040744', '0x804074c', '0x8040754', '0x804075c', '0x8040764', '0x804076c', '0x8040774', '0x804077c', '0x8040784', '0x804078c', '0x8040794', '0x804079c', '0x80407a4', '0x80407ac', '0x80407b4', '0x80407bc', '0x80407c4', '0x80407cc', '0x80407d4', '0x80407dc', '0x80407e4', '0x80407ec', '0x80407f4', '0x80407fc', '0x8040804', '0x804080c', '0x8040814', '0x804081c', '0x8040824', '0x804082c', '0x8040834', '0x804083c', '0x8040844', '0x804084c', '0x8040854', '0x804085c', '0x8040864', '0x804086c', '0x8040874', '0x804087c', '0x8040884', '0x804088c', '0x8040894', '0x804089c', '0x80408a4', '0x80408ac', '0x80408b4', '0x80408bc', '0x80408c4', '0x80408cc', '0x80408d4', '0x80408dc', '0x80408e4', '0x80408ec', '0x80408f4', '0x80408fc', '0x8040904', '0x804090c', '0x8040914', '0x804091c', '0x8040924', '0x804092c', '0x8040934', '0x804093c', '0x8040944', '0x804094c', '0x8040954', '0x804095c', '0x8040964', '0x804096c', '0x8040974', '0x804097c', '0x8040984', '0x804098c', '0x8040994', '0x804099c']
type: cond
adj_instr: 0x80409bc
-----
 
Current node
start_addr: 0x80409ae
end_addr: 0x80409b8
successors: ['0x80409bc', '0x80403de']
parents: ['0x80405d8', '0x80405e0', '0x80405e8', '0x80405f0', '0x80405f8', '0x8040600', '0x8040608', '0x8040610', '0x8040618', '0x8040620', '0x8040628', '0x8040630', '0x8040638', '0x8040640', '0x8040648', '0x8040650', '0x8040658', '0x8040660', '0x8040668', '0x8040670', '0x8040678', '0x8040680', '0x8040688', '0x8040690', '0x8040698', '0x80406a0', '0x80406a8', '0x80406b0', '0x80406b8', '0x80406c0', '0x80406c8', '0x80406dc', '0x80406e4', '0x80406ec', '0x80406f4', '0x80406fc', '0x8040704', '0x804070c', '0x8040714', '0x804071c', '0x8040724', '0x804072c', '0x8040734', '0x804073c', '0x8040744', '0x804074c', '0x8040754', '0x804075c', '0x8040764', '0x804076c', '0x8040774', '0x804077c', '0x8040784', '0x804078c', '0x8040794', '0x804079c', '0x80407a4', '0x80407ac', '0x80407b4', '0x80407bc', '0x80407c4', '0x80407cc', '0x80407d4', '0x80407dc', '0x80407e4', '0x80407ec', '0x80407f4', '0x80407fc', '0x8040804', '0x804080c', '0x8040814', '0x804081c', '0x8040824', '0x804082c', '0x8040834', '0x804083c', '0x8040844', '0x804084c', '0x8040854', '0x804085c', '0x8040864', '0x804086c', '0x8040874', '0x804087c', '0x8040884', '0x804088c', '0x8040894', '0x804089c', '0x80408a4', '0x80408ac', '0x80408b4', '0x80408bc', '0x80408c4', '0x80408cc', '0x80408d4', '0x80408dc', '0x80408e4', '0x80408ec', '0x80408f4', '0x80408fc', '0x8040904', '0x804090c', '0x8040914', '0x804091c', '0x8040924', '0x804092c', '0x8040934', '0x804093c', '0x8040944', '0x804094c', '0x8040954', '0x804095c', '0x8040964', '0x804096c', '0x8040974', '0x804097c', '0x8040984', '0x804098c', '0x8040994', '0x804099c']
type: cond
adj_instr: 0x80409bc
log_idx: 367
log_node.dest_addr: 0x80403de
 
Current node
start_addr: 0x80403de
end_addr: 0x80403e6
successors: ['0x80403ea', '0x80409a4']
parents: ['0x80409a4', '0x80409b4', '0x80409ae']
type: cond
adj_instr: 0x80403ea
log_idx: 368
log_node.dest_addr: 0x80403ea
 
Current node
start_addr: 0x80403ea
end_addr: 0x80403f4
successors: ['0x80405d8', '0x80405e0', '0x80405e8', '0x80405f0', '0x80405f8', '0x8040600', '0x8040608', '0x8040610', '0x8040618', '0x8040620', '0x8040628', '0x8040630', '0x8040638', '0x8040640', '0x8040648', '0x8040650', '0x8040658', '0x8040660', '0x8040668', '0x8040670', '0x8040678', '0x8040680', '0x8040688', '0x8040690', '0x8040698', '0x80406a0', '0x80406a8', '0x80406b0', '0x80406b8', '0x80406c0', '0x80406c8', '0x80406dc', '0x80406e4', '0x80406ec', '0x80406f4', '0x80406fc', '0x8040704', '0x804070c', '0x8040714', '0x804071c', '0x8040724', '0x804072c', '0x8040734', '0x804073c', '0x8040744', '0x804074c', '0x8040754', '0x804075c', '0x8040764', '0x804076c', '0x8040774', '0x804077c', '0x8040784', '0x804078c', '0x8040794', '0x804079c', '0x80407a4', '0x80407ac', '0x80407b4', '0x80407bc', '0x80407c4', '0x80407cc', '0x80407d4', '0x80407dc', '0x80407e4', '0x80407ec', '0x80407f4', '0x80407fc', '0x8040804', '0x804080c', '0x8040814', '0x804081c', '0x8040824', '0x804082c', '0x8040834', '0x804083c', '0x8040844', '0x804084c', '0x8040854', '0x804085c', '0x8040864', '0x804086c', '0x8040874', '0x804087c', '0x8040884', '0x804088c', '0x8040894', '0x804089c', '0x80408a4', '0x80408ac', '0x80408b4', '0x80408bc', '0x80408c4', '0x80408cc', '0x80408d4', '0x80408dc', '0x80408e4', '0x80408ec', '0x80408f4', '0x80408fc', '0x8040904', '0x804090c', '0x8040914', '0x804091c', '0x8040924', '0x804092c', '0x8040934', '0x804093c', '0x8040944', '0x804094c', '0x8040954', '0x804095c', '0x8040964', '0x804096c', '0x8040974', '0x804097c', '0x8040984', '0x804098c', '0x8040994', '0x804099c']
parents: ['0x80403de']
type: uncond
adj_instr: 0x80405d8
log_idx: 369
log_node.dest_addr: 0x80407a4
 
Current node
start_addr: 0x80407a4
end_addr: 0x80407aa
successors: ['0x80409ae']
parents: ['0x80403ea']
type: uncond
adj_instr: 0x80407ac
log_idx: 370
log_node.dest_addr: 0x80403de
-----
changed node
start_addr: 0x80409ae
end_addr: 0x80409b8
successors: ['0x80409bc', '0x80403de']
parents: ['0x80405d8', '0x80405e0', '0x80405e8', '0x80405f0', '0x80405f8', '0x8040600', '0x8040608', '0x8040610', '0x8040618', '0x8040620', '0x8040628', '0x8040630', '0x8040638', '0x8040640', '0x8040648', '0x8040650', '0x8040658', '0x8040660', '0x8040668', '0x8040670', '0x8040678', '0x8040680', '0x8040688', '0x8040690', '0x8040698', '0x80406a0', '0x80406a8', '0x80406b0', '0x80406b8', '0x80406c0', '0x80406c8', '0x80406dc', '0x80406e4', '0x80406ec', '0x80406f4', '0x80406fc', '0x8040704', '0x804070c', '0x8040714', '0x804071c', '0x8040724', '0x804072c', '0x8040734', '0x804073c', '0x8040744', '0x804074c', '0x8040754', '0x804075c', '0x8040764', '0x804076c', '0x8040774', '0x804077c', '0x8040784', '0x804078c', '0x8040794', '0x804079c', '0x80407a4', '0x80407ac', '0x80407b4', '0x80407bc', '0x80407c4', '0x80407cc', '0x80407d4', '0x80407dc', '0x80407e4', '0x80407ec', '0x80407f4', '0x80407fc', '0x8040804', '0x804080c', '0x8040814', '0x804081c', '0x8040824', '0x804082c', '0x8040834', '0x804083c', '0x8040844', '0x804084c', '0x8040854', '0x804085c', '0x8040864', '0x804086c', '0x8040874', '0x804087c', '0x8040884', '0x804088c', '0x8040894', '0x804089c', '0x80408a4', '0x80408ac', '0x80408b4', '0x80408bc', '0x80408c4', '0x80408cc', '0x80408d4', '0x80408dc', '0x80408e4', '0x80408ec', '0x80408f4', '0x80408fc', '0x8040904', '0x804090c', '0x8040914', '0x804091c', '0x8040924', '0x804092c', '0x8040934', '0x804093c', '0x8040944', '0x804094c', '0x8040954', '0x804095c', '0x8040964', '0x804096c', '0x8040974', '0x804097c', '0x8040984', '0x804098c', '0x8040994', '0x804099c']
type: cond
adj_instr: 0x80409bc
-----
 
Current node
start_addr: 0x80409ae
end_addr: 0x80409b8
successors: ['0x80409bc', '0x80403de']
parents: ['0x80405d8', '0x80405e0', '0x80405e8', '0x80405f0', '0x80405f8', '0x8040600', '0x8040608', '0x8040610', '0x8040618', '0x8040620', '0x8040628', '0x8040630', '0x8040638', '0x8040640', '0x8040648', '0x8040650', '0x8040658', '0x8040660', '0x8040668', '0x8040670', '0x8040678', '0x8040680', '0x8040688', '0x8040690', '0x8040698', '0x80406a0', '0x80406a8', '0x80406b0', '0x80406b8', '0x80406c0', '0x80406c8', '0x80406dc', '0x80406e4', '0x80406ec', '0x80406f4', '0x80406fc', '0x8040704', '0x804070c', '0x8040714', '0x804071c', '0x8040724', '0x804072c', '0x8040734', '0x804073c', '0x8040744', '0x804074c', '0x8040754', '0x804075c', '0x8040764', '0x804076c', '0x8040774', '0x804077c', '0x8040784', '0x804078c', '0x8040794', '0x804079c', '0x80407a4', '0x80407ac', '0x80407b4', '0x80407bc', '0x80407c4', '0x80407cc', '0x80407d4', '0x80407dc', '0x80407e4', '0x80407ec', '0x80407f4', '0x80407fc', '0x8040804', '0x804080c', '0x8040814', '0x804081c', '0x8040824', '0x804082c', '0x8040834', '0x804083c', '0x8040844', '0x804084c', '0x8040854', '0x804085c', '0x8040864', '0x804086c', '0x8040874', '0x804087c', '0x8040884', '0x804088c', '0x8040894', '0x804089c', '0x80408a4', '0x80408ac', '0x80408b4', '0x80408bc', '0x80408c4', '0x80408cc', '0x80408d4', '0x80408dc', '0x80408e4', '0x80408ec', '0x80408f4', '0x80408fc', '0x8040904', '0x804090c', '0x8040914', '0x804091c', '0x8040924', '0x804092c', '0x8040934', '0x804093c', '0x8040944', '0x804094c', '0x8040954', '0x804095c', '0x8040964', '0x804096c', '0x8040974', '0x804097c', '0x8040984', '0x804098c', '0x8040994', '0x804099c']
type: cond
adj_instr: 0x80409bc
log_idx: 370
log_node.dest_addr: 0x80403de
 
Current node
start_addr: 0x80403de
end_addr: 0x80403e6
successors: ['0x80403ea', '0x80409a4']
parents: ['0x80409a4', '0x80409b4', '0x80409ae']
type: cond
adj_instr: 0x80403ea
log_idx: 371
log_node.dest_addr: 0x80403ea
 
Current node
start_addr: 0x80403ea
end_addr: 0x80403f4
successors: ['0x80405d8', '0x80405e0', '0x80405e8', '0x80405f0', '0x80405f8', '0x8040600', '0x8040608', '0x8040610', '0x8040618', '0x8040620', '0x8040628', '0x8040630', '0x8040638', '0x8040640', '0x8040648', '0x8040650', '0x8040658', '0x8040660', '0x8040668', '0x8040670', '0x8040678', '0x8040680', '0x8040688', '0x8040690', '0x8040698', '0x80406a0', '0x80406a8', '0x80406b0', '0x80406b8', '0x80406c0', '0x80406c8', '0x80406dc', '0x80406e4', '0x80406ec', '0x80406f4', '0x80406fc', '0x8040704', '0x804070c', '0x8040714', '0x804071c', '0x8040724', '0x804072c', '0x8040734', '0x804073c', '0x8040744', '0x804074c', '0x8040754', '0x804075c', '0x8040764', '0x804076c', '0x8040774', '0x804077c', '0x8040784', '0x804078c', '0x8040794', '0x804079c', '0x80407a4', '0x80407ac', '0x80407b4', '0x80407bc', '0x80407c4', '0x80407cc', '0x80407d4', '0x80407dc', '0x80407e4', '0x80407ec', '0x80407f4', '0x80407fc', '0x8040804', '0x804080c', '0x8040814', '0x804081c', '0x8040824', '0x804082c', '0x8040834', '0x804083c', '0x8040844', '0x804084c', '0x8040854', '0x804085c', '0x8040864', '0x804086c', '0x8040874', '0x804087c', '0x8040884', '0x804088c', '0x8040894', '0x804089c', '0x80408a4', '0x80408ac', '0x80408b4', '0x80408bc', '0x80408c4', '0x80408cc', '0x80408d4', '0x80408dc', '0x80408e4', '0x80408ec', '0x80408f4', '0x80408fc', '0x8040904', '0x804090c', '0x8040914', '0x804091c', '0x8040924', '0x804092c', '0x8040934', '0x804093c', '0x8040944', '0x804094c', '0x8040954', '0x804095c', '0x8040964', '0x804096c', '0x8040974', '0x804097c', '0x8040984', '0x804098c', '0x8040994', '0x804099c']
parents: ['0x80403de']
type: uncond
adj_instr: 0x80405d8
log_idx: 372
log_node.dest_addr: 0x80407ac
 
Current node
start_addr: 0x80407ac
end_addr: 0x80407b2
successors: ['0x80409ae']
parents: ['0x80403ea']
type: uncond
adj_instr: 0x80407b4
log_idx: 373
log_node.dest_addr: 0x80403de
-----
changed node
start_addr: 0x80409ae
end_addr: 0x80409b8
successors: ['0x80409bc', '0x80403de']
parents: ['0x80405d8', '0x80405e0', '0x80405e8', '0x80405f0', '0x80405f8', '0x8040600', '0x8040608', '0x8040610', '0x8040618', '0x8040620', '0x8040628', '0x8040630', '0x8040638', '0x8040640', '0x8040648', '0x8040650', '0x8040658', '0x8040660', '0x8040668', '0x8040670', '0x8040678', '0x8040680', '0x8040688', '0x8040690', '0x8040698', '0x80406a0', '0x80406a8', '0x80406b0', '0x80406b8', '0x80406c0', '0x80406c8', '0x80406dc', '0x80406e4', '0x80406ec', '0x80406f4', '0x80406fc', '0x8040704', '0x804070c', '0x8040714', '0x804071c', '0x8040724', '0x804072c', '0x8040734', '0x804073c', '0x8040744', '0x804074c', '0x8040754', '0x804075c', '0x8040764', '0x804076c', '0x8040774', '0x804077c', '0x8040784', '0x804078c', '0x8040794', '0x804079c', '0x80407a4', '0x80407ac', '0x80407b4', '0x80407bc', '0x80407c4', '0x80407cc', '0x80407d4', '0x80407dc', '0x80407e4', '0x80407ec', '0x80407f4', '0x80407fc', '0x8040804', '0x804080c', '0x8040814', '0x804081c', '0x8040824', '0x804082c', '0x8040834', '0x804083c', '0x8040844', '0x804084c', '0x8040854', '0x804085c', '0x8040864', '0x804086c', '0x8040874', '0x804087c', '0x8040884', '0x804088c', '0x8040894', '0x804089c', '0x80408a4', '0x80408ac', '0x80408b4', '0x80408bc', '0x80408c4', '0x80408cc', '0x80408d4', '0x80408dc', '0x80408e4', '0x80408ec', '0x80408f4', '0x80408fc', '0x8040904', '0x804090c', '0x8040914', '0x804091c', '0x8040924', '0x804092c', '0x8040934', '0x804093c', '0x8040944', '0x804094c', '0x8040954', '0x804095c', '0x8040964', '0x804096c', '0x8040974', '0x804097c', '0x8040984', '0x804098c', '0x8040994', '0x804099c']
type: cond
adj_instr: 0x80409bc
-----
 
Current node
start_addr: 0x80409ae
end_addr: 0x80409b8
successors: ['0x80409bc', '0x80403de']
parents: ['0x80405d8', '0x80405e0', '0x80405e8', '0x80405f0', '0x80405f8', '0x8040600', '0x8040608', '0x8040610', '0x8040618', '0x8040620', '0x8040628', '0x8040630', '0x8040638', '0x8040640', '0x8040648', '0x8040650', '0x8040658', '0x8040660', '0x8040668', '0x8040670', '0x8040678', '0x8040680', '0x8040688', '0x8040690', '0x8040698', '0x80406a0', '0x80406a8', '0x80406b0', '0x80406b8', '0x80406c0', '0x80406c8', '0x80406dc', '0x80406e4', '0x80406ec', '0x80406f4', '0x80406fc', '0x8040704', '0x804070c', '0x8040714', '0x804071c', '0x8040724', '0x804072c', '0x8040734', '0x804073c', '0x8040744', '0x804074c', '0x8040754', '0x804075c', '0x8040764', '0x804076c', '0x8040774', '0x804077c', '0x8040784', '0x804078c', '0x8040794', '0x804079c', '0x80407a4', '0x80407ac', '0x80407b4', '0x80407bc', '0x80407c4', '0x80407cc', '0x80407d4', '0x80407dc', '0x80407e4', '0x80407ec', '0x80407f4', '0x80407fc', '0x8040804', '0x804080c', '0x8040814', '0x804081c', '0x8040824', '0x804082c', '0x8040834', '0x804083c', '0x8040844', '0x804084c', '0x8040854', '0x804085c', '0x8040864', '0x804086c', '0x8040874', '0x804087c', '0x8040884', '0x804088c', '0x8040894', '0x804089c', '0x80408a4', '0x80408ac', '0x80408b4', '0x80408bc', '0x80408c4', '0x80408cc', '0x80408d4', '0x80408dc', '0x80408e4', '0x80408ec', '0x80408f4', '0x80408fc', '0x8040904', '0x804090c', '0x8040914', '0x804091c', '0x8040924', '0x804092c', '0x8040934', '0x804093c', '0x8040944', '0x804094c', '0x8040954', '0x804095c', '0x8040964', '0x804096c', '0x8040974', '0x804097c', '0x8040984', '0x804098c', '0x8040994', '0x804099c']
type: cond
adj_instr: 0x80409bc
log_idx: 373
log_node.dest_addr: 0x80403de
 
Current node
start_addr: 0x80403de
end_addr: 0x80403e6
successors: ['0x80403ea', '0x80409a4']
parents: ['0x80409a4', '0x80409b4', '0x80409ae']
type: cond
adj_instr: 0x80403ea
log_idx: 374
log_node.dest_addr: 0x80403ea
 
Current node
start_addr: 0x80403ea
end_addr: 0x80403f4
successors: ['0x80405d8', '0x80405e0', '0x80405e8', '0x80405f0', '0x80405f8', '0x8040600', '0x8040608', '0x8040610', '0x8040618', '0x8040620', '0x8040628', '0x8040630', '0x8040638', '0x8040640', '0x8040648', '0x8040650', '0x8040658', '0x8040660', '0x8040668', '0x8040670', '0x8040678', '0x8040680', '0x8040688', '0x8040690', '0x8040698', '0x80406a0', '0x80406a8', '0x80406b0', '0x80406b8', '0x80406c0', '0x80406c8', '0x80406dc', '0x80406e4', '0x80406ec', '0x80406f4', '0x80406fc', '0x8040704', '0x804070c', '0x8040714', '0x804071c', '0x8040724', '0x804072c', '0x8040734', '0x804073c', '0x8040744', '0x804074c', '0x8040754', '0x804075c', '0x8040764', '0x804076c', '0x8040774', '0x804077c', '0x8040784', '0x804078c', '0x8040794', '0x804079c', '0x80407a4', '0x80407ac', '0x80407b4', '0x80407bc', '0x80407c4', '0x80407cc', '0x80407d4', '0x80407dc', '0x80407e4', '0x80407ec', '0x80407f4', '0x80407fc', '0x8040804', '0x804080c', '0x8040814', '0x804081c', '0x8040824', '0x804082c', '0x8040834', '0x804083c', '0x8040844', '0x804084c', '0x8040854', '0x804085c', '0x8040864', '0x804086c', '0x8040874', '0x804087c', '0x8040884', '0x804088c', '0x8040894', '0x804089c', '0x80408a4', '0x80408ac', '0x80408b4', '0x80408bc', '0x80408c4', '0x80408cc', '0x80408d4', '0x80408dc', '0x80408e4', '0x80408ec', '0x80408f4', '0x80408fc', '0x8040904', '0x804090c', '0x8040914', '0x804091c', '0x8040924', '0x804092c', '0x8040934', '0x804093c', '0x8040944', '0x804094c', '0x8040954', '0x804095c', '0x8040964', '0x804096c', '0x8040974', '0x804097c', '0x8040984', '0x804098c', '0x8040994', '0x804099c']
parents: ['0x80403de']
type: uncond
adj_instr: 0x80405d8
log_idx: 375
log_node.dest_addr: 0x80407b4
 
Current node
start_addr: 0x80407b4
end_addr: 0x80407ba
successors: ['0x80409ae']
parents: ['0x80403ea']
type: uncond
adj_instr: 0x80407bc
log_idx: 376
log_node.dest_addr: 0x80403de
-----
changed node
start_addr: 0x80409ae
end_addr: 0x80409b8
successors: ['0x80409bc', '0x80403de']
parents: ['0x80405d8', '0x80405e0', '0x80405e8', '0x80405f0', '0x80405f8', '0x8040600', '0x8040608', '0x8040610', '0x8040618', '0x8040620', '0x8040628', '0x8040630', '0x8040638', '0x8040640', '0x8040648', '0x8040650', '0x8040658', '0x8040660', '0x8040668', '0x8040670', '0x8040678', '0x8040680', '0x8040688', '0x8040690', '0x8040698', '0x80406a0', '0x80406a8', '0x80406b0', '0x80406b8', '0x80406c0', '0x80406c8', '0x80406dc', '0x80406e4', '0x80406ec', '0x80406f4', '0x80406fc', '0x8040704', '0x804070c', '0x8040714', '0x804071c', '0x8040724', '0x804072c', '0x8040734', '0x804073c', '0x8040744', '0x804074c', '0x8040754', '0x804075c', '0x8040764', '0x804076c', '0x8040774', '0x804077c', '0x8040784', '0x804078c', '0x8040794', '0x804079c', '0x80407a4', '0x80407ac', '0x80407b4', '0x80407bc', '0x80407c4', '0x80407cc', '0x80407d4', '0x80407dc', '0x80407e4', '0x80407ec', '0x80407f4', '0x80407fc', '0x8040804', '0x804080c', '0x8040814', '0x804081c', '0x8040824', '0x804082c', '0x8040834', '0x804083c', '0x8040844', '0x804084c', '0x8040854', '0x804085c', '0x8040864', '0x804086c', '0x8040874', '0x804087c', '0x8040884', '0x804088c', '0x8040894', '0x804089c', '0x80408a4', '0x80408ac', '0x80408b4', '0x80408bc', '0x80408c4', '0x80408cc', '0x80408d4', '0x80408dc', '0x80408e4', '0x80408ec', '0x80408f4', '0x80408fc', '0x8040904', '0x804090c', '0x8040914', '0x804091c', '0x8040924', '0x804092c', '0x8040934', '0x804093c', '0x8040944', '0x804094c', '0x8040954', '0x804095c', '0x8040964', '0x804096c', '0x8040974', '0x804097c', '0x8040984', '0x804098c', '0x8040994', '0x804099c']
type: cond
adj_instr: 0x80409bc
-----
 
Current node
start_addr: 0x80409ae
end_addr: 0x80409b8
successors: ['0x80409bc', '0x80403de']
parents: ['0x80405d8', '0x80405e0', '0x80405e8', '0x80405f0', '0x80405f8', '0x8040600', '0x8040608', '0x8040610', '0x8040618', '0x8040620', '0x8040628', '0x8040630', '0x8040638', '0x8040640', '0x8040648', '0x8040650', '0x8040658', '0x8040660', '0x8040668', '0x8040670', '0x8040678', '0x8040680', '0x8040688', '0x8040690', '0x8040698', '0x80406a0', '0x80406a8', '0x80406b0', '0x80406b8', '0x80406c0', '0x80406c8', '0x80406dc', '0x80406e4', '0x80406ec', '0x80406f4', '0x80406fc', '0x8040704', '0x804070c', '0x8040714', '0x804071c', '0x8040724', '0x804072c', '0x8040734', '0x804073c', '0x8040744', '0x804074c', '0x8040754', '0x804075c', '0x8040764', '0x804076c', '0x8040774', '0x804077c', '0x8040784', '0x804078c', '0x8040794', '0x804079c', '0x80407a4', '0x80407ac', '0x80407b4', '0x80407bc', '0x80407c4', '0x80407cc', '0x80407d4', '0x80407dc', '0x80407e4', '0x80407ec', '0x80407f4', '0x80407fc', '0x8040804', '0x804080c', '0x8040814', '0x804081c', '0x8040824', '0x804082c', '0x8040834', '0x804083c', '0x8040844', '0x804084c', '0x8040854', '0x804085c', '0x8040864', '0x804086c', '0x8040874', '0x804087c', '0x8040884', '0x804088c', '0x8040894', '0x804089c', '0x80408a4', '0x80408ac', '0x80408b4', '0x80408bc', '0x80408c4', '0x80408cc', '0x80408d4', '0x80408dc', '0x80408e4', '0x80408ec', '0x80408f4', '0x80408fc', '0x8040904', '0x804090c', '0x8040914', '0x804091c', '0x8040924', '0x804092c', '0x8040934', '0x804093c', '0x8040944', '0x804094c', '0x8040954', '0x804095c', '0x8040964', '0x804096c', '0x8040974', '0x804097c', '0x8040984', '0x804098c', '0x8040994', '0x804099c']
type: cond
adj_instr: 0x80409bc
log_idx: 376
log_node.dest_addr: 0x80403de
 
Current node
start_addr: 0x80403de
end_addr: 0x80403e6
successors: ['0x80403ea', '0x80409a4']
parents: ['0x80409a4', '0x80409b4', '0x80409ae']
type: cond
adj_instr: 0x80403ea
log_idx: 377
log_node.dest_addr: 0x80403ea
 
Current node
start_addr: 0x80403ea
end_addr: 0x80403f4
successors: ['0x80405d8', '0x80405e0', '0x80405e8', '0x80405f0', '0x80405f8', '0x8040600', '0x8040608', '0x8040610', '0x8040618', '0x8040620', '0x8040628', '0x8040630', '0x8040638', '0x8040640', '0x8040648', '0x8040650', '0x8040658', '0x8040660', '0x8040668', '0x8040670', '0x8040678', '0x8040680', '0x8040688', '0x8040690', '0x8040698', '0x80406a0', '0x80406a8', '0x80406b0', '0x80406b8', '0x80406c0', '0x80406c8', '0x80406dc', '0x80406e4', '0x80406ec', '0x80406f4', '0x80406fc', '0x8040704', '0x804070c', '0x8040714', '0x804071c', '0x8040724', '0x804072c', '0x8040734', '0x804073c', '0x8040744', '0x804074c', '0x8040754', '0x804075c', '0x8040764', '0x804076c', '0x8040774', '0x804077c', '0x8040784', '0x804078c', '0x8040794', '0x804079c', '0x80407a4', '0x80407ac', '0x80407b4', '0x80407bc', '0x80407c4', '0x80407cc', '0x80407d4', '0x80407dc', '0x80407e4', '0x80407ec', '0x80407f4', '0x80407fc', '0x8040804', '0x804080c', '0x8040814', '0x804081c', '0x8040824', '0x804082c', '0x8040834', '0x804083c', '0x8040844', '0x804084c', '0x8040854', '0x804085c', '0x8040864', '0x804086c', '0x8040874', '0x804087c', '0x8040884', '0x804088c', '0x8040894', '0x804089c', '0x80408a4', '0x80408ac', '0x80408b4', '0x80408bc', '0x80408c4', '0x80408cc', '0x80408d4', '0x80408dc', '0x80408e4', '0x80408ec', '0x80408f4', '0x80408fc', '0x8040904', '0x804090c', '0x8040914', '0x804091c', '0x8040924', '0x804092c', '0x8040934', '0x804093c', '0x8040944', '0x804094c', '0x8040954', '0x804095c', '0x8040964', '0x804096c', '0x8040974', '0x804097c', '0x8040984', '0x804098c', '0x8040994', '0x804099c']
parents: ['0x80403de']
type: uncond
adj_instr: 0x80405d8
log_idx: 378
log_node.dest_addr: 0x80407bc
 
Current node
start_addr: 0x80407bc
end_addr: 0x80407c2
successors: ['0x80409ae']
parents: ['0x80403ea']
type: uncond
adj_instr: 0x80407c4
log_idx: 379
log_node.dest_addr: 0x80403de
-----
changed node
start_addr: 0x80409ae
end_addr: 0x80409b8
successors: ['0x80409bc', '0x80403de']
parents: ['0x80405d8', '0x80405e0', '0x80405e8', '0x80405f0', '0x80405f8', '0x8040600', '0x8040608', '0x8040610', '0x8040618', '0x8040620', '0x8040628', '0x8040630', '0x8040638', '0x8040640', '0x8040648', '0x8040650', '0x8040658', '0x8040660', '0x8040668', '0x8040670', '0x8040678', '0x8040680', '0x8040688', '0x8040690', '0x8040698', '0x80406a0', '0x80406a8', '0x80406b0', '0x80406b8', '0x80406c0', '0x80406c8', '0x80406dc', '0x80406e4', '0x80406ec', '0x80406f4', '0x80406fc', '0x8040704', '0x804070c', '0x8040714', '0x804071c', '0x8040724', '0x804072c', '0x8040734', '0x804073c', '0x8040744', '0x804074c', '0x8040754', '0x804075c', '0x8040764', '0x804076c', '0x8040774', '0x804077c', '0x8040784', '0x804078c', '0x8040794', '0x804079c', '0x80407a4', '0x80407ac', '0x80407b4', '0x80407bc', '0x80407c4', '0x80407cc', '0x80407d4', '0x80407dc', '0x80407e4', '0x80407ec', '0x80407f4', '0x80407fc', '0x8040804', '0x804080c', '0x8040814', '0x804081c', '0x8040824', '0x804082c', '0x8040834', '0x804083c', '0x8040844', '0x804084c', '0x8040854', '0x804085c', '0x8040864', '0x804086c', '0x8040874', '0x804087c', '0x8040884', '0x804088c', '0x8040894', '0x804089c', '0x80408a4', '0x80408ac', '0x80408b4', '0x80408bc', '0x80408c4', '0x80408cc', '0x80408d4', '0x80408dc', '0x80408e4', '0x80408ec', '0x80408f4', '0x80408fc', '0x8040904', '0x804090c', '0x8040914', '0x804091c', '0x8040924', '0x804092c', '0x8040934', '0x804093c', '0x8040944', '0x804094c', '0x8040954', '0x804095c', '0x8040964', '0x804096c', '0x8040974', '0x804097c', '0x8040984', '0x804098c', '0x8040994', '0x804099c']
type: cond
adj_instr: 0x80409bc
-----
 
Current node
start_addr: 0x80409ae
end_addr: 0x80409b8
successors: ['0x80409bc', '0x80403de']
parents: ['0x80405d8', '0x80405e0', '0x80405e8', '0x80405f0', '0x80405f8', '0x8040600', '0x8040608', '0x8040610', '0x8040618', '0x8040620', '0x8040628', '0x8040630', '0x8040638', '0x8040640', '0x8040648', '0x8040650', '0x8040658', '0x8040660', '0x8040668', '0x8040670', '0x8040678', '0x8040680', '0x8040688', '0x8040690', '0x8040698', '0x80406a0', '0x80406a8', '0x80406b0', '0x80406b8', '0x80406c0', '0x80406c8', '0x80406dc', '0x80406e4', '0x80406ec', '0x80406f4', '0x80406fc', '0x8040704', '0x804070c', '0x8040714', '0x804071c', '0x8040724', '0x804072c', '0x8040734', '0x804073c', '0x8040744', '0x804074c', '0x8040754', '0x804075c', '0x8040764', '0x804076c', '0x8040774', '0x804077c', '0x8040784', '0x804078c', '0x8040794', '0x804079c', '0x80407a4', '0x80407ac', '0x80407b4', '0x80407bc', '0x80407c4', '0x80407cc', '0x80407d4', '0x80407dc', '0x80407e4', '0x80407ec', '0x80407f4', '0x80407fc', '0x8040804', '0x804080c', '0x8040814', '0x804081c', '0x8040824', '0x804082c', '0x8040834', '0x804083c', '0x8040844', '0x804084c', '0x8040854', '0x804085c', '0x8040864', '0x804086c', '0x8040874', '0x804087c', '0x8040884', '0x804088c', '0x8040894', '0x804089c', '0x80408a4', '0x80408ac', '0x80408b4', '0x80408bc', '0x80408c4', '0x80408cc', '0x80408d4', '0x80408dc', '0x80408e4', '0x80408ec', '0x80408f4', '0x80408fc', '0x8040904', '0x804090c', '0x8040914', '0x804091c', '0x8040924', '0x804092c', '0x8040934', '0x804093c', '0x8040944', '0x804094c', '0x8040954', '0x804095c', '0x8040964', '0x804096c', '0x8040974', '0x804097c', '0x8040984', '0x804098c', '0x8040994', '0x804099c']
type: cond
adj_instr: 0x80409bc
log_idx: 379
log_node.dest_addr: 0x80403de
 
Current node
start_addr: 0x80403de
end_addr: 0x80403e6
successors: ['0x80403ea', '0x80409a4']
parents: ['0x80409a4', '0x80409b4', '0x80409ae']
type: cond
adj_instr: 0x80403ea
log_idx: 380
log_node.dest_addr: 0x80403ea
 
Current node
start_addr: 0x80403ea
end_addr: 0x80403f4
successors: ['0x80405d8', '0x80405e0', '0x80405e8', '0x80405f0', '0x80405f8', '0x8040600', '0x8040608', '0x8040610', '0x8040618', '0x8040620', '0x8040628', '0x8040630', '0x8040638', '0x8040640', '0x8040648', '0x8040650', '0x8040658', '0x8040660', '0x8040668', '0x8040670', '0x8040678', '0x8040680', '0x8040688', '0x8040690', '0x8040698', '0x80406a0', '0x80406a8', '0x80406b0', '0x80406b8', '0x80406c0', '0x80406c8', '0x80406dc', '0x80406e4', '0x80406ec', '0x80406f4', '0x80406fc', '0x8040704', '0x804070c', '0x8040714', '0x804071c', '0x8040724', '0x804072c', '0x8040734', '0x804073c', '0x8040744', '0x804074c', '0x8040754', '0x804075c', '0x8040764', '0x804076c', '0x8040774', '0x804077c', '0x8040784', '0x804078c', '0x8040794', '0x804079c', '0x80407a4', '0x80407ac', '0x80407b4', '0x80407bc', '0x80407c4', '0x80407cc', '0x80407d4', '0x80407dc', '0x80407e4', '0x80407ec', '0x80407f4', '0x80407fc', '0x8040804', '0x804080c', '0x8040814', '0x804081c', '0x8040824', '0x804082c', '0x8040834', '0x804083c', '0x8040844', '0x804084c', '0x8040854', '0x804085c', '0x8040864', '0x804086c', '0x8040874', '0x804087c', '0x8040884', '0x804088c', '0x8040894', '0x804089c', '0x80408a4', '0x80408ac', '0x80408b4', '0x80408bc', '0x80408c4', '0x80408cc', '0x80408d4', '0x80408dc', '0x80408e4', '0x80408ec', '0x80408f4', '0x80408fc', '0x8040904', '0x804090c', '0x8040914', '0x804091c', '0x8040924', '0x804092c', '0x8040934', '0x804093c', '0x8040944', '0x804094c', '0x8040954', '0x804095c', '0x8040964', '0x804096c', '0x8040974', '0x804097c', '0x8040984', '0x804098c', '0x8040994', '0x804099c']
parents: ['0x80403de']
type: uncond
adj_instr: 0x80405d8
log_idx: 381
log_node.dest_addr: 0x80407c4
 
Current node
start_addr: 0x80407c4
end_addr: 0x80407ca
successors: ['0x80409ae']
parents: ['0x80403ea']
type: uncond
adj_instr: 0x80407cc
log_idx: 382
log_node.dest_addr: 0x80403de
-----
changed node
start_addr: 0x80409ae
end_addr: 0x80409b8
successors: ['0x80409bc', '0x80403de']
parents: ['0x80405d8', '0x80405e0', '0x80405e8', '0x80405f0', '0x80405f8', '0x8040600', '0x8040608', '0x8040610', '0x8040618', '0x8040620', '0x8040628', '0x8040630', '0x8040638', '0x8040640', '0x8040648', '0x8040650', '0x8040658', '0x8040660', '0x8040668', '0x8040670', '0x8040678', '0x8040680', '0x8040688', '0x8040690', '0x8040698', '0x80406a0', '0x80406a8', '0x80406b0', '0x80406b8', '0x80406c0', '0x80406c8', '0x80406dc', '0x80406e4', '0x80406ec', '0x80406f4', '0x80406fc', '0x8040704', '0x804070c', '0x8040714', '0x804071c', '0x8040724', '0x804072c', '0x8040734', '0x804073c', '0x8040744', '0x804074c', '0x8040754', '0x804075c', '0x8040764', '0x804076c', '0x8040774', '0x804077c', '0x8040784', '0x804078c', '0x8040794', '0x804079c', '0x80407a4', '0x80407ac', '0x80407b4', '0x80407bc', '0x80407c4', '0x80407cc', '0x80407d4', '0x80407dc', '0x80407e4', '0x80407ec', '0x80407f4', '0x80407fc', '0x8040804', '0x804080c', '0x8040814', '0x804081c', '0x8040824', '0x804082c', '0x8040834', '0x804083c', '0x8040844', '0x804084c', '0x8040854', '0x804085c', '0x8040864', '0x804086c', '0x8040874', '0x804087c', '0x8040884', '0x804088c', '0x8040894', '0x804089c', '0x80408a4', '0x80408ac', '0x80408b4', '0x80408bc', '0x80408c4', '0x80408cc', '0x80408d4', '0x80408dc', '0x80408e4', '0x80408ec', '0x80408f4', '0x80408fc', '0x8040904', '0x804090c', '0x8040914', '0x804091c', '0x8040924', '0x804092c', '0x8040934', '0x804093c', '0x8040944', '0x804094c', '0x8040954', '0x804095c', '0x8040964', '0x804096c', '0x8040974', '0x804097c', '0x8040984', '0x804098c', '0x8040994', '0x804099c']
type: cond
adj_instr: 0x80409bc
-----
 
Current node
start_addr: 0x80409ae
end_addr: 0x80409b8
successors: ['0x80409bc', '0x80403de']
parents: ['0x80405d8', '0x80405e0', '0x80405e8', '0x80405f0', '0x80405f8', '0x8040600', '0x8040608', '0x8040610', '0x8040618', '0x8040620', '0x8040628', '0x8040630', '0x8040638', '0x8040640', '0x8040648', '0x8040650', '0x8040658', '0x8040660', '0x8040668', '0x8040670', '0x8040678', '0x8040680', '0x8040688', '0x8040690', '0x8040698', '0x80406a0', '0x80406a8', '0x80406b0', '0x80406b8', '0x80406c0', '0x80406c8', '0x80406dc', '0x80406e4', '0x80406ec', '0x80406f4', '0x80406fc', '0x8040704', '0x804070c', '0x8040714', '0x804071c', '0x8040724', '0x804072c', '0x8040734', '0x804073c', '0x8040744', '0x804074c', '0x8040754', '0x804075c', '0x8040764', '0x804076c', '0x8040774', '0x804077c', '0x8040784', '0x804078c', '0x8040794', '0x804079c', '0x80407a4', '0x80407ac', '0x80407b4', '0x80407bc', '0x80407c4', '0x80407cc', '0x80407d4', '0x80407dc', '0x80407e4', '0x80407ec', '0x80407f4', '0x80407fc', '0x8040804', '0x804080c', '0x8040814', '0x804081c', '0x8040824', '0x804082c', '0x8040834', '0x804083c', '0x8040844', '0x804084c', '0x8040854', '0x804085c', '0x8040864', '0x804086c', '0x8040874', '0x804087c', '0x8040884', '0x804088c', '0x8040894', '0x804089c', '0x80408a4', '0x80408ac', '0x80408b4', '0x80408bc', '0x80408c4', '0x80408cc', '0x80408d4', '0x80408dc', '0x80408e4', '0x80408ec', '0x80408f4', '0x80408fc', '0x8040904', '0x804090c', '0x8040914', '0x804091c', '0x8040924', '0x804092c', '0x8040934', '0x804093c', '0x8040944', '0x804094c', '0x8040954', '0x804095c', '0x8040964', '0x804096c', '0x8040974', '0x804097c', '0x8040984', '0x804098c', '0x8040994', '0x804099c']
type: cond
adj_instr: 0x80409bc
log_idx: 382
log_node.dest_addr: 0x80403de
 
Current node
start_addr: 0x80403de
end_addr: 0x80403e6
successors: ['0x80403ea', '0x80409a4']
parents: ['0x80409a4', '0x80409b4', '0x80409ae']
type: cond
adj_instr: 0x80403ea
log_idx: 383
log_node.dest_addr: 0x80403ea
 
Current node
start_addr: 0x80403ea
end_addr: 0x80403f4
successors: ['0x80405d8', '0x80405e0', '0x80405e8', '0x80405f0', '0x80405f8', '0x8040600', '0x8040608', '0x8040610', '0x8040618', '0x8040620', '0x8040628', '0x8040630', '0x8040638', '0x8040640', '0x8040648', '0x8040650', '0x8040658', '0x8040660', '0x8040668', '0x8040670', '0x8040678', '0x8040680', '0x8040688', '0x8040690', '0x8040698', '0x80406a0', '0x80406a8', '0x80406b0', '0x80406b8', '0x80406c0', '0x80406c8', '0x80406dc', '0x80406e4', '0x80406ec', '0x80406f4', '0x80406fc', '0x8040704', '0x804070c', '0x8040714', '0x804071c', '0x8040724', '0x804072c', '0x8040734', '0x804073c', '0x8040744', '0x804074c', '0x8040754', '0x804075c', '0x8040764', '0x804076c', '0x8040774', '0x804077c', '0x8040784', '0x804078c', '0x8040794', '0x804079c', '0x80407a4', '0x80407ac', '0x80407b4', '0x80407bc', '0x80407c4', '0x80407cc', '0x80407d4', '0x80407dc', '0x80407e4', '0x80407ec', '0x80407f4', '0x80407fc', '0x8040804', '0x804080c', '0x8040814', '0x804081c', '0x8040824', '0x804082c', '0x8040834', '0x804083c', '0x8040844', '0x804084c', '0x8040854', '0x804085c', '0x8040864', '0x804086c', '0x8040874', '0x804087c', '0x8040884', '0x804088c', '0x8040894', '0x804089c', '0x80408a4', '0x80408ac', '0x80408b4', '0x80408bc', '0x80408c4', '0x80408cc', '0x80408d4', '0x80408dc', '0x80408e4', '0x80408ec', '0x80408f4', '0x80408fc', '0x8040904', '0x804090c', '0x8040914', '0x804091c', '0x8040924', '0x804092c', '0x8040934', '0x804093c', '0x8040944', '0x804094c', '0x8040954', '0x804095c', '0x8040964', '0x804096c', '0x8040974', '0x804097c', '0x8040984', '0x804098c', '0x8040994', '0x804099c']
parents: ['0x80403de']
type: uncond
adj_instr: 0x80405d8
log_idx: 384
log_node.dest_addr: 0x80407cc
 
Current node
start_addr: 0x80407cc
end_addr: 0x80407d2
successors: ['0x80409ae']
parents: ['0x80403ea']
type: uncond
adj_instr: 0x80407d4
log_idx: 385
log_node.dest_addr: 0x80403de
-----
changed node
start_addr: 0x80409ae
end_addr: 0x80409b8
successors: ['0x80409bc', '0x80403de']
parents: ['0x80405d8', '0x80405e0', '0x80405e8', '0x80405f0', '0x80405f8', '0x8040600', '0x8040608', '0x8040610', '0x8040618', '0x8040620', '0x8040628', '0x8040630', '0x8040638', '0x8040640', '0x8040648', '0x8040650', '0x8040658', '0x8040660', '0x8040668', '0x8040670', '0x8040678', '0x8040680', '0x8040688', '0x8040690', '0x8040698', '0x80406a0', '0x80406a8', '0x80406b0', '0x80406b8', '0x80406c0', '0x80406c8', '0x80406dc', '0x80406e4', '0x80406ec', '0x80406f4', '0x80406fc', '0x8040704', '0x804070c', '0x8040714', '0x804071c', '0x8040724', '0x804072c', '0x8040734', '0x804073c', '0x8040744', '0x804074c', '0x8040754', '0x804075c', '0x8040764', '0x804076c', '0x8040774', '0x804077c', '0x8040784', '0x804078c', '0x8040794', '0x804079c', '0x80407a4', '0x80407ac', '0x80407b4', '0x80407bc', '0x80407c4', '0x80407cc', '0x80407d4', '0x80407dc', '0x80407e4', '0x80407ec', '0x80407f4', '0x80407fc', '0x8040804', '0x804080c', '0x8040814', '0x804081c', '0x8040824', '0x804082c', '0x8040834', '0x804083c', '0x8040844', '0x804084c', '0x8040854', '0x804085c', '0x8040864', '0x804086c', '0x8040874', '0x804087c', '0x8040884', '0x804088c', '0x8040894', '0x804089c', '0x80408a4', '0x80408ac', '0x80408b4', '0x80408bc', '0x80408c4', '0x80408cc', '0x80408d4', '0x80408dc', '0x80408e4', '0x80408ec', '0x80408f4', '0x80408fc', '0x8040904', '0x804090c', '0x8040914', '0x804091c', '0x8040924', '0x804092c', '0x8040934', '0x804093c', '0x8040944', '0x804094c', '0x8040954', '0x804095c', '0x8040964', '0x804096c', '0x8040974', '0x804097c', '0x8040984', '0x804098c', '0x8040994', '0x804099c']
type: cond
adj_instr: 0x80409bc
-----
 
Current node
start_addr: 0x80409ae
end_addr: 0x80409b8
successors: ['0x80409bc', '0x80403de']
parents: ['0x80405d8', '0x80405e0', '0x80405e8', '0x80405f0', '0x80405f8', '0x8040600', '0x8040608', '0x8040610', '0x8040618', '0x8040620', '0x8040628', '0x8040630', '0x8040638', '0x8040640', '0x8040648', '0x8040650', '0x8040658', '0x8040660', '0x8040668', '0x8040670', '0x8040678', '0x8040680', '0x8040688', '0x8040690', '0x8040698', '0x80406a0', '0x80406a8', '0x80406b0', '0x80406b8', '0x80406c0', '0x80406c8', '0x80406dc', '0x80406e4', '0x80406ec', '0x80406f4', '0x80406fc', '0x8040704', '0x804070c', '0x8040714', '0x804071c', '0x8040724', '0x804072c', '0x8040734', '0x804073c', '0x8040744', '0x804074c', '0x8040754', '0x804075c', '0x8040764', '0x804076c', '0x8040774', '0x804077c', '0x8040784', '0x804078c', '0x8040794', '0x804079c', '0x80407a4', '0x80407ac', '0x80407b4', '0x80407bc', '0x80407c4', '0x80407cc', '0x80407d4', '0x80407dc', '0x80407e4', '0x80407ec', '0x80407f4', '0x80407fc', '0x8040804', '0x804080c', '0x8040814', '0x804081c', '0x8040824', '0x804082c', '0x8040834', '0x804083c', '0x8040844', '0x804084c', '0x8040854', '0x804085c', '0x8040864', '0x804086c', '0x8040874', '0x804087c', '0x8040884', '0x804088c', '0x8040894', '0x804089c', '0x80408a4', '0x80408ac', '0x80408b4', '0x80408bc', '0x80408c4', '0x80408cc', '0x80408d4', '0x80408dc', '0x80408e4', '0x80408ec', '0x80408f4', '0x80408fc', '0x8040904', '0x804090c', '0x8040914', '0x804091c', '0x8040924', '0x804092c', '0x8040934', '0x804093c', '0x8040944', '0x804094c', '0x8040954', '0x804095c', '0x8040964', '0x804096c', '0x8040974', '0x804097c', '0x8040984', '0x804098c', '0x8040994', '0x804099c']
type: cond
adj_instr: 0x80409bc
log_idx: 385
log_node.dest_addr: 0x80403de
 
Current node
start_addr: 0x80403de
end_addr: 0x80403e6
successors: ['0x80403ea', '0x80409a4']
parents: ['0x80409a4', '0x80409b4', '0x80409ae']
type: cond
adj_instr: 0x80403ea
log_idx: 386
log_node.dest_addr: 0x80403ea
 
Current node
start_addr: 0x80403ea
end_addr: 0x80403f4
successors: ['0x80405d8', '0x80405e0', '0x80405e8', '0x80405f0', '0x80405f8', '0x8040600', '0x8040608', '0x8040610', '0x8040618', '0x8040620', '0x8040628', '0x8040630', '0x8040638', '0x8040640', '0x8040648', '0x8040650', '0x8040658', '0x8040660', '0x8040668', '0x8040670', '0x8040678', '0x8040680', '0x8040688', '0x8040690', '0x8040698', '0x80406a0', '0x80406a8', '0x80406b0', '0x80406b8', '0x80406c0', '0x80406c8', '0x80406dc', '0x80406e4', '0x80406ec', '0x80406f4', '0x80406fc', '0x8040704', '0x804070c', '0x8040714', '0x804071c', '0x8040724', '0x804072c', '0x8040734', '0x804073c', '0x8040744', '0x804074c', '0x8040754', '0x804075c', '0x8040764', '0x804076c', '0x8040774', '0x804077c', '0x8040784', '0x804078c', '0x8040794', '0x804079c', '0x80407a4', '0x80407ac', '0x80407b4', '0x80407bc', '0x80407c4', '0x80407cc', '0x80407d4', '0x80407dc', '0x80407e4', '0x80407ec', '0x80407f4', '0x80407fc', '0x8040804', '0x804080c', '0x8040814', '0x804081c', '0x8040824', '0x804082c', '0x8040834', '0x804083c', '0x8040844', '0x804084c', '0x8040854', '0x804085c', '0x8040864', '0x804086c', '0x8040874', '0x804087c', '0x8040884', '0x804088c', '0x8040894', '0x804089c', '0x80408a4', '0x80408ac', '0x80408b4', '0x80408bc', '0x80408c4', '0x80408cc', '0x80408d4', '0x80408dc', '0x80408e4', '0x80408ec', '0x80408f4', '0x80408fc', '0x8040904', '0x804090c', '0x8040914', '0x804091c', '0x8040924', '0x804092c', '0x8040934', '0x804093c', '0x8040944', '0x804094c', '0x8040954', '0x804095c', '0x8040964', '0x804096c', '0x8040974', '0x804097c', '0x8040984', '0x804098c', '0x8040994', '0x804099c']
parents: ['0x80403de']
type: uncond
adj_instr: 0x80405d8
log_idx: 387
log_node.dest_addr: 0x80407d4
 
Current node
start_addr: 0x80407d4
end_addr: 0x80407da
successors: ['0x80409ae']
parents: ['0x80403ea']
type: uncond
adj_instr: 0x80407dc
log_idx: 388
log_node.dest_addr: 0x80403de
-----
changed node
start_addr: 0x80409ae
end_addr: 0x80409b8
successors: ['0x80409bc', '0x80403de']
parents: ['0x80405d8', '0x80405e0', '0x80405e8', '0x80405f0', '0x80405f8', '0x8040600', '0x8040608', '0x8040610', '0x8040618', '0x8040620', '0x8040628', '0x8040630', '0x8040638', '0x8040640', '0x8040648', '0x8040650', '0x8040658', '0x8040660', '0x8040668', '0x8040670', '0x8040678', '0x8040680', '0x8040688', '0x8040690', '0x8040698', '0x80406a0', '0x80406a8', '0x80406b0', '0x80406b8', '0x80406c0', '0x80406c8', '0x80406dc', '0x80406e4', '0x80406ec', '0x80406f4', '0x80406fc', '0x8040704', '0x804070c', '0x8040714', '0x804071c', '0x8040724', '0x804072c', '0x8040734', '0x804073c', '0x8040744', '0x804074c', '0x8040754', '0x804075c', '0x8040764', '0x804076c', '0x8040774', '0x804077c', '0x8040784', '0x804078c', '0x8040794', '0x804079c', '0x80407a4', '0x80407ac', '0x80407b4', '0x80407bc', '0x80407c4', '0x80407cc', '0x80407d4', '0x80407dc', '0x80407e4', '0x80407ec', '0x80407f4', '0x80407fc', '0x8040804', '0x804080c', '0x8040814', '0x804081c', '0x8040824', '0x804082c', '0x8040834', '0x804083c', '0x8040844', '0x804084c', '0x8040854', '0x804085c', '0x8040864', '0x804086c', '0x8040874', '0x804087c', '0x8040884', '0x804088c', '0x8040894', '0x804089c', '0x80408a4', '0x80408ac', '0x80408b4', '0x80408bc', '0x80408c4', '0x80408cc', '0x80408d4', '0x80408dc', '0x80408e4', '0x80408ec', '0x80408f4', '0x80408fc', '0x8040904', '0x804090c', '0x8040914', '0x804091c', '0x8040924', '0x804092c', '0x8040934', '0x804093c', '0x8040944', '0x804094c', '0x8040954', '0x804095c', '0x8040964', '0x804096c', '0x8040974', '0x804097c', '0x8040984', '0x804098c', '0x8040994', '0x804099c']
type: cond
adj_instr: 0x80409bc
-----
 
Current node
start_addr: 0x80409ae
end_addr: 0x80409b8
successors: ['0x80409bc', '0x80403de']
parents: ['0x80405d8', '0x80405e0', '0x80405e8', '0x80405f0', '0x80405f8', '0x8040600', '0x8040608', '0x8040610', '0x8040618', '0x8040620', '0x8040628', '0x8040630', '0x8040638', '0x8040640', '0x8040648', '0x8040650', '0x8040658', '0x8040660', '0x8040668', '0x8040670', '0x8040678', '0x8040680', '0x8040688', '0x8040690', '0x8040698', '0x80406a0', '0x80406a8', '0x80406b0', '0x80406b8', '0x80406c0', '0x80406c8', '0x80406dc', '0x80406e4', '0x80406ec', '0x80406f4', '0x80406fc', '0x8040704', '0x804070c', '0x8040714', '0x804071c', '0x8040724', '0x804072c', '0x8040734', '0x804073c', '0x8040744', '0x804074c', '0x8040754', '0x804075c', '0x8040764', '0x804076c', '0x8040774', '0x804077c', '0x8040784', '0x804078c', '0x8040794', '0x804079c', '0x80407a4', '0x80407ac', '0x80407b4', '0x80407bc', '0x80407c4', '0x80407cc', '0x80407d4', '0x80407dc', '0x80407e4', '0x80407ec', '0x80407f4', '0x80407fc', '0x8040804', '0x804080c', '0x8040814', '0x804081c', '0x8040824', '0x804082c', '0x8040834', '0x804083c', '0x8040844', '0x804084c', '0x8040854', '0x804085c', '0x8040864', '0x804086c', '0x8040874', '0x804087c', '0x8040884', '0x804088c', '0x8040894', '0x804089c', '0x80408a4', '0x80408ac', '0x80408b4', '0x80408bc', '0x80408c4', '0x80408cc', '0x80408d4', '0x80408dc', '0x80408e4', '0x80408ec', '0x80408f4', '0x80408fc', '0x8040904', '0x804090c', '0x8040914', '0x804091c', '0x8040924', '0x804092c', '0x8040934', '0x804093c', '0x8040944', '0x804094c', '0x8040954', '0x804095c', '0x8040964', '0x804096c', '0x8040974', '0x804097c', '0x8040984', '0x804098c', '0x8040994', '0x804099c']
type: cond
adj_instr: 0x80409bc
log_idx: 388
log_node.dest_addr: 0x80403de
 
Current node
start_addr: 0x80403de
end_addr: 0x80403e6
successors: ['0x80403ea', '0x80409a4']
parents: ['0x80409a4', '0x80409b4', '0x80409ae']
type: cond
adj_instr: 0x80403ea
log_idx: 389
log_node.dest_addr: 0x80403ea
 
Current node
start_addr: 0x80403ea
end_addr: 0x80403f4
successors: ['0x80405d8', '0x80405e0', '0x80405e8', '0x80405f0', '0x80405f8', '0x8040600', '0x8040608', '0x8040610', '0x8040618', '0x8040620', '0x8040628', '0x8040630', '0x8040638', '0x8040640', '0x8040648', '0x8040650', '0x8040658', '0x8040660', '0x8040668', '0x8040670', '0x8040678', '0x8040680', '0x8040688', '0x8040690', '0x8040698', '0x80406a0', '0x80406a8', '0x80406b0', '0x80406b8', '0x80406c0', '0x80406c8', '0x80406dc', '0x80406e4', '0x80406ec', '0x80406f4', '0x80406fc', '0x8040704', '0x804070c', '0x8040714', '0x804071c', '0x8040724', '0x804072c', '0x8040734', '0x804073c', '0x8040744', '0x804074c', '0x8040754', '0x804075c', '0x8040764', '0x804076c', '0x8040774', '0x804077c', '0x8040784', '0x804078c', '0x8040794', '0x804079c', '0x80407a4', '0x80407ac', '0x80407b4', '0x80407bc', '0x80407c4', '0x80407cc', '0x80407d4', '0x80407dc', '0x80407e4', '0x80407ec', '0x80407f4', '0x80407fc', '0x8040804', '0x804080c', '0x8040814', '0x804081c', '0x8040824', '0x804082c', '0x8040834', '0x804083c', '0x8040844', '0x804084c', '0x8040854', '0x804085c', '0x8040864', '0x804086c', '0x8040874', '0x804087c', '0x8040884', '0x804088c', '0x8040894', '0x804089c', '0x80408a4', '0x80408ac', '0x80408b4', '0x80408bc', '0x80408c4', '0x80408cc', '0x80408d4', '0x80408dc', '0x80408e4', '0x80408ec', '0x80408f4', '0x80408fc', '0x8040904', '0x804090c', '0x8040914', '0x804091c', '0x8040924', '0x804092c', '0x8040934', '0x804093c', '0x8040944', '0x804094c', '0x8040954', '0x804095c', '0x8040964', '0x804096c', '0x8040974', '0x804097c', '0x8040984', '0x804098c', '0x8040994', '0x804099c']
parents: ['0x80403de']
type: uncond
adj_instr: 0x80405d8
log_idx: 390
log_node.dest_addr: 0x80407dc
 
Current node
start_addr: 0x80407dc
end_addr: 0x80407e2
successors: ['0x80409ae']
parents: ['0x80403ea']
type: uncond
adj_instr: 0x80407e4
log_idx: 391
log_node.dest_addr: 0x80403de
-----
changed node
start_addr: 0x80409ae
end_addr: 0x80409b8
successors: ['0x80409bc', '0x80403de']
parents: ['0x80405d8', '0x80405e0', '0x80405e8', '0x80405f0', '0x80405f8', '0x8040600', '0x8040608', '0x8040610', '0x8040618', '0x8040620', '0x8040628', '0x8040630', '0x8040638', '0x8040640', '0x8040648', '0x8040650', '0x8040658', '0x8040660', '0x8040668', '0x8040670', '0x8040678', '0x8040680', '0x8040688', '0x8040690', '0x8040698', '0x80406a0', '0x80406a8', '0x80406b0', '0x80406b8', '0x80406c0', '0x80406c8', '0x80406dc', '0x80406e4', '0x80406ec', '0x80406f4', '0x80406fc', '0x8040704', '0x804070c', '0x8040714', '0x804071c', '0x8040724', '0x804072c', '0x8040734', '0x804073c', '0x8040744', '0x804074c', '0x8040754', '0x804075c', '0x8040764', '0x804076c', '0x8040774', '0x804077c', '0x8040784', '0x804078c', '0x8040794', '0x804079c', '0x80407a4', '0x80407ac', '0x80407b4', '0x80407bc', '0x80407c4', '0x80407cc', '0x80407d4', '0x80407dc', '0x80407e4', '0x80407ec', '0x80407f4', '0x80407fc', '0x8040804', '0x804080c', '0x8040814', '0x804081c', '0x8040824', '0x804082c', '0x8040834', '0x804083c', '0x8040844', '0x804084c', '0x8040854', '0x804085c', '0x8040864', '0x804086c', '0x8040874', '0x804087c', '0x8040884', '0x804088c', '0x8040894', '0x804089c', '0x80408a4', '0x80408ac', '0x80408b4', '0x80408bc', '0x80408c4', '0x80408cc', '0x80408d4', '0x80408dc', '0x80408e4', '0x80408ec', '0x80408f4', '0x80408fc', '0x8040904', '0x804090c', '0x8040914', '0x804091c', '0x8040924', '0x804092c', '0x8040934', '0x804093c', '0x8040944', '0x804094c', '0x8040954', '0x804095c', '0x8040964', '0x804096c', '0x8040974', '0x804097c', '0x8040984', '0x804098c', '0x8040994', '0x804099c']
type: cond
adj_instr: 0x80409bc
-----
 
Current node
start_addr: 0x80409ae
end_addr: 0x80409b8
successors: ['0x80409bc', '0x80403de']
parents: ['0x80405d8', '0x80405e0', '0x80405e8', '0x80405f0', '0x80405f8', '0x8040600', '0x8040608', '0x8040610', '0x8040618', '0x8040620', '0x8040628', '0x8040630', '0x8040638', '0x8040640', '0x8040648', '0x8040650', '0x8040658', '0x8040660', '0x8040668', '0x8040670', '0x8040678', '0x8040680', '0x8040688', '0x8040690', '0x8040698', '0x80406a0', '0x80406a8', '0x80406b0', '0x80406b8', '0x80406c0', '0x80406c8', '0x80406dc', '0x80406e4', '0x80406ec', '0x80406f4', '0x80406fc', '0x8040704', '0x804070c', '0x8040714', '0x804071c', '0x8040724', '0x804072c', '0x8040734', '0x804073c', '0x8040744', '0x804074c', '0x8040754', '0x804075c', '0x8040764', '0x804076c', '0x8040774', '0x804077c', '0x8040784', '0x804078c', '0x8040794', '0x804079c', '0x80407a4', '0x80407ac', '0x80407b4', '0x80407bc', '0x80407c4', '0x80407cc', '0x80407d4', '0x80407dc', '0x80407e4', '0x80407ec', '0x80407f4', '0x80407fc', '0x8040804', '0x804080c', '0x8040814', '0x804081c', '0x8040824', '0x804082c', '0x8040834', '0x804083c', '0x8040844', '0x804084c', '0x8040854', '0x804085c', '0x8040864', '0x804086c', '0x8040874', '0x804087c', '0x8040884', '0x804088c', '0x8040894', '0x804089c', '0x80408a4', '0x80408ac', '0x80408b4', '0x80408bc', '0x80408c4', '0x80408cc', '0x80408d4', '0x80408dc', '0x80408e4', '0x80408ec', '0x80408f4', '0x80408fc', '0x8040904', '0x804090c', '0x8040914', '0x804091c', '0x8040924', '0x804092c', '0x8040934', '0x804093c', '0x8040944', '0x804094c', '0x8040954', '0x804095c', '0x8040964', '0x804096c', '0x8040974', '0x804097c', '0x8040984', '0x804098c', '0x8040994', '0x804099c']
type: cond
adj_instr: 0x80409bc
log_idx: 391
log_node.dest_addr: 0x80403de
 
Current node
start_addr: 0x80403de
end_addr: 0x80403e6
successors: ['0x80403ea', '0x80409a4']
parents: ['0x80409a4', '0x80409b4', '0x80409ae']
type: cond
adj_instr: 0x80403ea
log_idx: 392
log_node.dest_addr: 0x80403ea
 
Current node
start_addr: 0x80403ea
end_addr: 0x80403f4
successors: ['0x80405d8', '0x80405e0', '0x80405e8', '0x80405f0', '0x80405f8', '0x8040600', '0x8040608', '0x8040610', '0x8040618', '0x8040620', '0x8040628', '0x8040630', '0x8040638', '0x8040640', '0x8040648', '0x8040650', '0x8040658', '0x8040660', '0x8040668', '0x8040670', '0x8040678', '0x8040680', '0x8040688', '0x8040690', '0x8040698', '0x80406a0', '0x80406a8', '0x80406b0', '0x80406b8', '0x80406c0', '0x80406c8', '0x80406dc', '0x80406e4', '0x80406ec', '0x80406f4', '0x80406fc', '0x8040704', '0x804070c', '0x8040714', '0x804071c', '0x8040724', '0x804072c', '0x8040734', '0x804073c', '0x8040744', '0x804074c', '0x8040754', '0x804075c', '0x8040764', '0x804076c', '0x8040774', '0x804077c', '0x8040784', '0x804078c', '0x8040794', '0x804079c', '0x80407a4', '0x80407ac', '0x80407b4', '0x80407bc', '0x80407c4', '0x80407cc', '0x80407d4', '0x80407dc', '0x80407e4', '0x80407ec', '0x80407f4', '0x80407fc', '0x8040804', '0x804080c', '0x8040814', '0x804081c', '0x8040824', '0x804082c', '0x8040834', '0x804083c', '0x8040844', '0x804084c', '0x8040854', '0x804085c', '0x8040864', '0x804086c', '0x8040874', '0x804087c', '0x8040884', '0x804088c', '0x8040894', '0x804089c', '0x80408a4', '0x80408ac', '0x80408b4', '0x80408bc', '0x80408c4', '0x80408cc', '0x80408d4', '0x80408dc', '0x80408e4', '0x80408ec', '0x80408f4', '0x80408fc', '0x8040904', '0x804090c', '0x8040914', '0x804091c', '0x8040924', '0x804092c', '0x8040934', '0x804093c', '0x8040944', '0x804094c', '0x8040954', '0x804095c', '0x8040964', '0x804096c', '0x8040974', '0x804097c', '0x8040984', '0x804098c', '0x8040994', '0x804099c']
parents: ['0x80403de']
type: uncond
adj_instr: 0x80405d8
log_idx: 393
log_node.dest_addr: 0x80407e4
 
Current node
start_addr: 0x80407e4
end_addr: 0x80407ea
successors: ['0x80409ae']
parents: ['0x80403ea']
type: uncond
adj_instr: 0x80407ec
log_idx: 394
log_node.dest_addr: 0x80403de
-----
changed node
start_addr: 0x80409ae
end_addr: 0x80409b8
successors: ['0x80409bc', '0x80403de']
parents: ['0x80405d8', '0x80405e0', '0x80405e8', '0x80405f0', '0x80405f8', '0x8040600', '0x8040608', '0x8040610', '0x8040618', '0x8040620', '0x8040628', '0x8040630', '0x8040638', '0x8040640', '0x8040648', '0x8040650', '0x8040658', '0x8040660', '0x8040668', '0x8040670', '0x8040678', '0x8040680', '0x8040688', '0x8040690', '0x8040698', '0x80406a0', '0x80406a8', '0x80406b0', '0x80406b8', '0x80406c0', '0x80406c8', '0x80406dc', '0x80406e4', '0x80406ec', '0x80406f4', '0x80406fc', '0x8040704', '0x804070c', '0x8040714', '0x804071c', '0x8040724', '0x804072c', '0x8040734', '0x804073c', '0x8040744', '0x804074c', '0x8040754', '0x804075c', '0x8040764', '0x804076c', '0x8040774', '0x804077c', '0x8040784', '0x804078c', '0x8040794', '0x804079c', '0x80407a4', '0x80407ac', '0x80407b4', '0x80407bc', '0x80407c4', '0x80407cc', '0x80407d4', '0x80407dc', '0x80407e4', '0x80407ec', '0x80407f4', '0x80407fc', '0x8040804', '0x804080c', '0x8040814', '0x804081c', '0x8040824', '0x804082c', '0x8040834', '0x804083c', '0x8040844', '0x804084c', '0x8040854', '0x804085c', '0x8040864', '0x804086c', '0x8040874', '0x804087c', '0x8040884', '0x804088c', '0x8040894', '0x804089c', '0x80408a4', '0x80408ac', '0x80408b4', '0x80408bc', '0x80408c4', '0x80408cc', '0x80408d4', '0x80408dc', '0x80408e4', '0x80408ec', '0x80408f4', '0x80408fc', '0x8040904', '0x804090c', '0x8040914', '0x804091c', '0x8040924', '0x804092c', '0x8040934', '0x804093c', '0x8040944', '0x804094c', '0x8040954', '0x804095c', '0x8040964', '0x804096c', '0x8040974', '0x804097c', '0x8040984', '0x804098c', '0x8040994', '0x804099c']
type: cond
adj_instr: 0x80409bc
-----
 
Current node
start_addr: 0x80409ae
end_addr: 0x80409b8
successors: ['0x80409bc', '0x80403de']
parents: ['0x80405d8', '0x80405e0', '0x80405e8', '0x80405f0', '0x80405f8', '0x8040600', '0x8040608', '0x8040610', '0x8040618', '0x8040620', '0x8040628', '0x8040630', '0x8040638', '0x8040640', '0x8040648', '0x8040650', '0x8040658', '0x8040660', '0x8040668', '0x8040670', '0x8040678', '0x8040680', '0x8040688', '0x8040690', '0x8040698', '0x80406a0', '0x80406a8', '0x80406b0', '0x80406b8', '0x80406c0', '0x80406c8', '0x80406dc', '0x80406e4', '0x80406ec', '0x80406f4', '0x80406fc', '0x8040704', '0x804070c', '0x8040714', '0x804071c', '0x8040724', '0x804072c', '0x8040734', '0x804073c', '0x8040744', '0x804074c', '0x8040754', '0x804075c', '0x8040764', '0x804076c', '0x8040774', '0x804077c', '0x8040784', '0x804078c', '0x8040794', '0x804079c', '0x80407a4', '0x80407ac', '0x80407b4', '0x80407bc', '0x80407c4', '0x80407cc', '0x80407d4', '0x80407dc', '0x80407e4', '0x80407ec', '0x80407f4', '0x80407fc', '0x8040804', '0x804080c', '0x8040814', '0x804081c', '0x8040824', '0x804082c', '0x8040834', '0x804083c', '0x8040844', '0x804084c', '0x8040854', '0x804085c', '0x8040864', '0x804086c', '0x8040874', '0x804087c', '0x8040884', '0x804088c', '0x8040894', '0x804089c', '0x80408a4', '0x80408ac', '0x80408b4', '0x80408bc', '0x80408c4', '0x80408cc', '0x80408d4', '0x80408dc', '0x80408e4', '0x80408ec', '0x80408f4', '0x80408fc', '0x8040904', '0x804090c', '0x8040914', '0x804091c', '0x8040924', '0x804092c', '0x8040934', '0x804093c', '0x8040944', '0x804094c', '0x8040954', '0x804095c', '0x8040964', '0x804096c', '0x8040974', '0x804097c', '0x8040984', '0x804098c', '0x8040994', '0x804099c']
type: cond
adj_instr: 0x80409bc
log_idx: 394
log_node.dest_addr: 0x80403de
 
Current node
start_addr: 0x80403de
end_addr: 0x80403e6
successors: ['0x80403ea', '0x80409a4']
parents: ['0x80409a4', '0x80409b4', '0x80409ae']
type: cond
adj_instr: 0x80403ea
log_idx: 395
log_node.dest_addr: 0x80403ea
 
Current node
start_addr: 0x80403ea
end_addr: 0x80403f4
successors: ['0x80405d8', '0x80405e0', '0x80405e8', '0x80405f0', '0x80405f8', '0x8040600', '0x8040608', '0x8040610', '0x8040618', '0x8040620', '0x8040628', '0x8040630', '0x8040638', '0x8040640', '0x8040648', '0x8040650', '0x8040658', '0x8040660', '0x8040668', '0x8040670', '0x8040678', '0x8040680', '0x8040688', '0x8040690', '0x8040698', '0x80406a0', '0x80406a8', '0x80406b0', '0x80406b8', '0x80406c0', '0x80406c8', '0x80406dc', '0x80406e4', '0x80406ec', '0x80406f4', '0x80406fc', '0x8040704', '0x804070c', '0x8040714', '0x804071c', '0x8040724', '0x804072c', '0x8040734', '0x804073c', '0x8040744', '0x804074c', '0x8040754', '0x804075c', '0x8040764', '0x804076c', '0x8040774', '0x804077c', '0x8040784', '0x804078c', '0x8040794', '0x804079c', '0x80407a4', '0x80407ac', '0x80407b4', '0x80407bc', '0x80407c4', '0x80407cc', '0x80407d4', '0x80407dc', '0x80407e4', '0x80407ec', '0x80407f4', '0x80407fc', '0x8040804', '0x804080c', '0x8040814', '0x804081c', '0x8040824', '0x804082c', '0x8040834', '0x804083c', '0x8040844', '0x804084c', '0x8040854', '0x804085c', '0x8040864', '0x804086c', '0x8040874', '0x804087c', '0x8040884', '0x804088c', '0x8040894', '0x804089c', '0x80408a4', '0x80408ac', '0x80408b4', '0x80408bc', '0x80408c4', '0x80408cc', '0x80408d4', '0x80408dc', '0x80408e4', '0x80408ec', '0x80408f4', '0x80408fc', '0x8040904', '0x804090c', '0x8040914', '0x804091c', '0x8040924', '0x804092c', '0x8040934', '0x804093c', '0x8040944', '0x804094c', '0x8040954', '0x804095c', '0x8040964', '0x804096c', '0x8040974', '0x804097c', '0x8040984', '0x804098c', '0x8040994', '0x804099c']
parents: ['0x80403de']
type: uncond
adj_instr: 0x80405d8
log_idx: 396
log_node.dest_addr: 0x80407ec
 
Current node
start_addr: 0x80407ec
end_addr: 0x80407f2
successors: ['0x80409ae']
parents: ['0x80403ea']
type: uncond
adj_instr: 0x80407f4
log_idx: 397
log_node.dest_addr: 0x80403de
-----
changed node
start_addr: 0x80409ae
end_addr: 0x80409b8
successors: ['0x80409bc', '0x80403de']
parents: ['0x80405d8', '0x80405e0', '0x80405e8', '0x80405f0', '0x80405f8', '0x8040600', '0x8040608', '0x8040610', '0x8040618', '0x8040620', '0x8040628', '0x8040630', '0x8040638', '0x8040640', '0x8040648', '0x8040650', '0x8040658', '0x8040660', '0x8040668', '0x8040670', '0x8040678', '0x8040680', '0x8040688', '0x8040690', '0x8040698', '0x80406a0', '0x80406a8', '0x80406b0', '0x80406b8', '0x80406c0', '0x80406c8', '0x80406dc', '0x80406e4', '0x80406ec', '0x80406f4', '0x80406fc', '0x8040704', '0x804070c', '0x8040714', '0x804071c', '0x8040724', '0x804072c', '0x8040734', '0x804073c', '0x8040744', '0x804074c', '0x8040754', '0x804075c', '0x8040764', '0x804076c', '0x8040774', '0x804077c', '0x8040784', '0x804078c', '0x8040794', '0x804079c', '0x80407a4', '0x80407ac', '0x80407b4', '0x80407bc', '0x80407c4', '0x80407cc', '0x80407d4', '0x80407dc', '0x80407e4', '0x80407ec', '0x80407f4', '0x80407fc', '0x8040804', '0x804080c', '0x8040814', '0x804081c', '0x8040824', '0x804082c', '0x8040834', '0x804083c', '0x8040844', '0x804084c', '0x8040854', '0x804085c', '0x8040864', '0x804086c', '0x8040874', '0x804087c', '0x8040884', '0x804088c', '0x8040894', '0x804089c', '0x80408a4', '0x80408ac', '0x80408b4', '0x80408bc', '0x80408c4', '0x80408cc', '0x80408d4', '0x80408dc', '0x80408e4', '0x80408ec', '0x80408f4', '0x80408fc', '0x8040904', '0x804090c', '0x8040914', '0x804091c', '0x8040924', '0x804092c', '0x8040934', '0x804093c', '0x8040944', '0x804094c', '0x8040954', '0x804095c', '0x8040964', '0x804096c', '0x8040974', '0x804097c', '0x8040984', '0x804098c', '0x8040994', '0x804099c']
type: cond
adj_instr: 0x80409bc
-----
 
Current node
start_addr: 0x80409ae
end_addr: 0x80409b8
successors: ['0x80409bc', '0x80403de']
parents: ['0x80405d8', '0x80405e0', '0x80405e8', '0x80405f0', '0x80405f8', '0x8040600', '0x8040608', '0x8040610', '0x8040618', '0x8040620', '0x8040628', '0x8040630', '0x8040638', '0x8040640', '0x8040648', '0x8040650', '0x8040658', '0x8040660', '0x8040668', '0x8040670', '0x8040678', '0x8040680', '0x8040688', '0x8040690', '0x8040698', '0x80406a0', '0x80406a8', '0x80406b0', '0x80406b8', '0x80406c0', '0x80406c8', '0x80406dc', '0x80406e4', '0x80406ec', '0x80406f4', '0x80406fc', '0x8040704', '0x804070c', '0x8040714', '0x804071c', '0x8040724', '0x804072c', '0x8040734', '0x804073c', '0x8040744', '0x804074c', '0x8040754', '0x804075c', '0x8040764', '0x804076c', '0x8040774', '0x804077c', '0x8040784', '0x804078c', '0x8040794', '0x804079c', '0x80407a4', '0x80407ac', '0x80407b4', '0x80407bc', '0x80407c4', '0x80407cc', '0x80407d4', '0x80407dc', '0x80407e4', '0x80407ec', '0x80407f4', '0x80407fc', '0x8040804', '0x804080c', '0x8040814', '0x804081c', '0x8040824', '0x804082c', '0x8040834', '0x804083c', '0x8040844', '0x804084c', '0x8040854', '0x804085c', '0x8040864', '0x804086c', '0x8040874', '0x804087c', '0x8040884', '0x804088c', '0x8040894', '0x804089c', '0x80408a4', '0x80408ac', '0x80408b4', '0x80408bc', '0x80408c4', '0x80408cc', '0x80408d4', '0x80408dc', '0x80408e4', '0x80408ec', '0x80408f4', '0x80408fc', '0x8040904', '0x804090c', '0x8040914', '0x804091c', '0x8040924', '0x804092c', '0x8040934', '0x804093c', '0x8040944', '0x804094c', '0x8040954', '0x804095c', '0x8040964', '0x804096c', '0x8040974', '0x804097c', '0x8040984', '0x804098c', '0x8040994', '0x804099c']
type: cond
adj_instr: 0x80409bc
log_idx: 397
log_node.dest_addr: 0x80403de
 
Current node
start_addr: 0x80403de
end_addr: 0x80403e6
successors: ['0x80403ea', '0x80409a4']
parents: ['0x80409a4', '0x80409b4', '0x80409ae']
type: cond
adj_instr: 0x80403ea
log_idx: 398
log_node.dest_addr: 0x80403ea
 
Current node
start_addr: 0x80403ea
end_addr: 0x80403f4
successors: ['0x80405d8', '0x80405e0', '0x80405e8', '0x80405f0', '0x80405f8', '0x8040600', '0x8040608', '0x8040610', '0x8040618', '0x8040620', '0x8040628', '0x8040630', '0x8040638', '0x8040640', '0x8040648', '0x8040650', '0x8040658', '0x8040660', '0x8040668', '0x8040670', '0x8040678', '0x8040680', '0x8040688', '0x8040690', '0x8040698', '0x80406a0', '0x80406a8', '0x80406b0', '0x80406b8', '0x80406c0', '0x80406c8', '0x80406dc', '0x80406e4', '0x80406ec', '0x80406f4', '0x80406fc', '0x8040704', '0x804070c', '0x8040714', '0x804071c', '0x8040724', '0x804072c', '0x8040734', '0x804073c', '0x8040744', '0x804074c', '0x8040754', '0x804075c', '0x8040764', '0x804076c', '0x8040774', '0x804077c', '0x8040784', '0x804078c', '0x8040794', '0x804079c', '0x80407a4', '0x80407ac', '0x80407b4', '0x80407bc', '0x80407c4', '0x80407cc', '0x80407d4', '0x80407dc', '0x80407e4', '0x80407ec', '0x80407f4', '0x80407fc', '0x8040804', '0x804080c', '0x8040814', '0x804081c', '0x8040824', '0x804082c', '0x8040834', '0x804083c', '0x8040844', '0x804084c', '0x8040854', '0x804085c', '0x8040864', '0x804086c', '0x8040874', '0x804087c', '0x8040884', '0x804088c', '0x8040894', '0x804089c', '0x80408a4', '0x80408ac', '0x80408b4', '0x80408bc', '0x80408c4', '0x80408cc', '0x80408d4', '0x80408dc', '0x80408e4', '0x80408ec', '0x80408f4', '0x80408fc', '0x8040904', '0x804090c', '0x8040914', '0x804091c', '0x8040924', '0x804092c', '0x8040934', '0x804093c', '0x8040944', '0x804094c', '0x8040954', '0x804095c', '0x8040964', '0x804096c', '0x8040974', '0x804097c', '0x8040984', '0x804098c', '0x8040994', '0x804099c']
parents: ['0x80403de']
type: uncond
adj_instr: 0x80405d8
log_idx: 399
log_node.dest_addr: 0x80407f4
 
Current node
start_addr: 0x80407f4
end_addr: 0x80407fa
successors: ['0x80409ae']
parents: ['0x80403ea']
type: uncond
adj_instr: 0x80407fc
log_idx: 400
log_node.dest_addr: 0x80403de
-----
changed node
start_addr: 0x80409ae
end_addr: 0x80409b8
successors: ['0x80409bc', '0x80403de']
parents: ['0x80405d8', '0x80405e0', '0x80405e8', '0x80405f0', '0x80405f8', '0x8040600', '0x8040608', '0x8040610', '0x8040618', '0x8040620', '0x8040628', '0x8040630', '0x8040638', '0x8040640', '0x8040648', '0x8040650', '0x8040658', '0x8040660', '0x8040668', '0x8040670', '0x8040678', '0x8040680', '0x8040688', '0x8040690', '0x8040698', '0x80406a0', '0x80406a8', '0x80406b0', '0x80406b8', '0x80406c0', '0x80406c8', '0x80406dc', '0x80406e4', '0x80406ec', '0x80406f4', '0x80406fc', '0x8040704', '0x804070c', '0x8040714', '0x804071c', '0x8040724', '0x804072c', '0x8040734', '0x804073c', '0x8040744', '0x804074c', '0x8040754', '0x804075c', '0x8040764', '0x804076c', '0x8040774', '0x804077c', '0x8040784', '0x804078c', '0x8040794', '0x804079c', '0x80407a4', '0x80407ac', '0x80407b4', '0x80407bc', '0x80407c4', '0x80407cc', '0x80407d4', '0x80407dc', '0x80407e4', '0x80407ec', '0x80407f4', '0x80407fc', '0x8040804', '0x804080c', '0x8040814', '0x804081c', '0x8040824', '0x804082c', '0x8040834', '0x804083c', '0x8040844', '0x804084c', '0x8040854', '0x804085c', '0x8040864', '0x804086c', '0x8040874', '0x804087c', '0x8040884', '0x804088c', '0x8040894', '0x804089c', '0x80408a4', '0x80408ac', '0x80408b4', '0x80408bc', '0x80408c4', '0x80408cc', '0x80408d4', '0x80408dc', '0x80408e4', '0x80408ec', '0x80408f4', '0x80408fc', '0x8040904', '0x804090c', '0x8040914', '0x804091c', '0x8040924', '0x804092c', '0x8040934', '0x804093c', '0x8040944', '0x804094c', '0x8040954', '0x804095c', '0x8040964', '0x804096c', '0x8040974', '0x804097c', '0x8040984', '0x804098c', '0x8040994', '0x804099c']
type: cond
adj_instr: 0x80409bc
-----
 
Current node
start_addr: 0x80409ae
end_addr: 0x80409b8
successors: ['0x80409bc', '0x80403de']
parents: ['0x80405d8', '0x80405e0', '0x80405e8', '0x80405f0', '0x80405f8', '0x8040600', '0x8040608', '0x8040610', '0x8040618', '0x8040620', '0x8040628', '0x8040630', '0x8040638', '0x8040640', '0x8040648', '0x8040650', '0x8040658', '0x8040660', '0x8040668', '0x8040670', '0x8040678', '0x8040680', '0x8040688', '0x8040690', '0x8040698', '0x80406a0', '0x80406a8', '0x80406b0', '0x80406b8', '0x80406c0', '0x80406c8', '0x80406dc', '0x80406e4', '0x80406ec', '0x80406f4', '0x80406fc', '0x8040704', '0x804070c', '0x8040714', '0x804071c', '0x8040724', '0x804072c', '0x8040734', '0x804073c', '0x8040744', '0x804074c', '0x8040754', '0x804075c', '0x8040764', '0x804076c', '0x8040774', '0x804077c', '0x8040784', '0x804078c', '0x8040794', '0x804079c', '0x80407a4', '0x80407ac', '0x80407b4', '0x80407bc', '0x80407c4', '0x80407cc', '0x80407d4', '0x80407dc', '0x80407e4', '0x80407ec', '0x80407f4', '0x80407fc', '0x8040804', '0x804080c', '0x8040814', '0x804081c', '0x8040824', '0x804082c', '0x8040834', '0x804083c', '0x8040844', '0x804084c', '0x8040854', '0x804085c', '0x8040864', '0x804086c', '0x8040874', '0x804087c', '0x8040884', '0x804088c', '0x8040894', '0x804089c', '0x80408a4', '0x80408ac', '0x80408b4', '0x80408bc', '0x80408c4', '0x80408cc', '0x80408d4', '0x80408dc', '0x80408e4', '0x80408ec', '0x80408f4', '0x80408fc', '0x8040904', '0x804090c', '0x8040914', '0x804091c', '0x8040924', '0x804092c', '0x8040934', '0x804093c', '0x8040944', '0x804094c', '0x8040954', '0x804095c', '0x8040964', '0x804096c', '0x8040974', '0x804097c', '0x8040984', '0x804098c', '0x8040994', '0x804099c']
type: cond
adj_instr: 0x80409bc
log_idx: 400
log_node.dest_addr: 0x80403de
 
Current node
start_addr: 0x80403de
end_addr: 0x80403e6
successors: ['0x80403ea', '0x80409a4']
parents: ['0x80409a4', '0x80409b4', '0x80409ae']
type: cond
adj_instr: 0x80403ea
log_idx: 401
log_node.dest_addr: 0x80403ea
 
Current node
start_addr: 0x80403ea
end_addr: 0x80403f4
successors: ['0x80405d8', '0x80405e0', '0x80405e8', '0x80405f0', '0x80405f8', '0x8040600', '0x8040608', '0x8040610', '0x8040618', '0x8040620', '0x8040628', '0x8040630', '0x8040638', '0x8040640', '0x8040648', '0x8040650', '0x8040658', '0x8040660', '0x8040668', '0x8040670', '0x8040678', '0x8040680', '0x8040688', '0x8040690', '0x8040698', '0x80406a0', '0x80406a8', '0x80406b0', '0x80406b8', '0x80406c0', '0x80406c8', '0x80406dc', '0x80406e4', '0x80406ec', '0x80406f4', '0x80406fc', '0x8040704', '0x804070c', '0x8040714', '0x804071c', '0x8040724', '0x804072c', '0x8040734', '0x804073c', '0x8040744', '0x804074c', '0x8040754', '0x804075c', '0x8040764', '0x804076c', '0x8040774', '0x804077c', '0x8040784', '0x804078c', '0x8040794', '0x804079c', '0x80407a4', '0x80407ac', '0x80407b4', '0x80407bc', '0x80407c4', '0x80407cc', '0x80407d4', '0x80407dc', '0x80407e4', '0x80407ec', '0x80407f4', '0x80407fc', '0x8040804', '0x804080c', '0x8040814', '0x804081c', '0x8040824', '0x804082c', '0x8040834', '0x804083c', '0x8040844', '0x804084c', '0x8040854', '0x804085c', '0x8040864', '0x804086c', '0x8040874', '0x804087c', '0x8040884', '0x804088c', '0x8040894', '0x804089c', '0x80408a4', '0x80408ac', '0x80408b4', '0x80408bc', '0x80408c4', '0x80408cc', '0x80408d4', '0x80408dc', '0x80408e4', '0x80408ec', '0x80408f4', '0x80408fc', '0x8040904', '0x804090c', '0x8040914', '0x804091c', '0x8040924', '0x804092c', '0x8040934', '0x804093c', '0x8040944', '0x804094c', '0x8040954', '0x804095c', '0x8040964', '0x804096c', '0x8040974', '0x804097c', '0x8040984', '0x804098c', '0x8040994', '0x804099c']
parents: ['0x80403de']
type: uncond
adj_instr: 0x80405d8
log_idx: 402
log_node.dest_addr: 0x80407fc
 
Current node
start_addr: 0x80407fc
end_addr: 0x8040802
successors: ['0x80409ae']
parents: ['0x80403ea']
type: uncond
adj_instr: 0x8040804
log_idx: 403
log_node.dest_addr: 0x80403de
-----
changed node
start_addr: 0x80409ae
end_addr: 0x80409b8
successors: ['0x80409bc', '0x80403de']
parents: ['0x80405d8', '0x80405e0', '0x80405e8', '0x80405f0', '0x80405f8', '0x8040600', '0x8040608', '0x8040610', '0x8040618', '0x8040620', '0x8040628', '0x8040630', '0x8040638', '0x8040640', '0x8040648', '0x8040650', '0x8040658', '0x8040660', '0x8040668', '0x8040670', '0x8040678', '0x8040680', '0x8040688', '0x8040690', '0x8040698', '0x80406a0', '0x80406a8', '0x80406b0', '0x80406b8', '0x80406c0', '0x80406c8', '0x80406dc', '0x80406e4', '0x80406ec', '0x80406f4', '0x80406fc', '0x8040704', '0x804070c', '0x8040714', '0x804071c', '0x8040724', '0x804072c', '0x8040734', '0x804073c', '0x8040744', '0x804074c', '0x8040754', '0x804075c', '0x8040764', '0x804076c', '0x8040774', '0x804077c', '0x8040784', '0x804078c', '0x8040794', '0x804079c', '0x80407a4', '0x80407ac', '0x80407b4', '0x80407bc', '0x80407c4', '0x80407cc', '0x80407d4', '0x80407dc', '0x80407e4', '0x80407ec', '0x80407f4', '0x80407fc', '0x8040804', '0x804080c', '0x8040814', '0x804081c', '0x8040824', '0x804082c', '0x8040834', '0x804083c', '0x8040844', '0x804084c', '0x8040854', '0x804085c', '0x8040864', '0x804086c', '0x8040874', '0x804087c', '0x8040884', '0x804088c', '0x8040894', '0x804089c', '0x80408a4', '0x80408ac', '0x80408b4', '0x80408bc', '0x80408c4', '0x80408cc', '0x80408d4', '0x80408dc', '0x80408e4', '0x80408ec', '0x80408f4', '0x80408fc', '0x8040904', '0x804090c', '0x8040914', '0x804091c', '0x8040924', '0x804092c', '0x8040934', '0x804093c', '0x8040944', '0x804094c', '0x8040954', '0x804095c', '0x8040964', '0x804096c', '0x8040974', '0x804097c', '0x8040984', '0x804098c', '0x8040994', '0x804099c']
type: cond
adj_instr: 0x80409bc
-----
 
Current node
start_addr: 0x80409ae
end_addr: 0x80409b8
successors: ['0x80409bc', '0x80403de']
parents: ['0x80405d8', '0x80405e0', '0x80405e8', '0x80405f0', '0x80405f8', '0x8040600', '0x8040608', '0x8040610', '0x8040618', '0x8040620', '0x8040628', '0x8040630', '0x8040638', '0x8040640', '0x8040648', '0x8040650', '0x8040658', '0x8040660', '0x8040668', '0x8040670', '0x8040678', '0x8040680', '0x8040688', '0x8040690', '0x8040698', '0x80406a0', '0x80406a8', '0x80406b0', '0x80406b8', '0x80406c0', '0x80406c8', '0x80406dc', '0x80406e4', '0x80406ec', '0x80406f4', '0x80406fc', '0x8040704', '0x804070c', '0x8040714', '0x804071c', '0x8040724', '0x804072c', '0x8040734', '0x804073c', '0x8040744', '0x804074c', '0x8040754', '0x804075c', '0x8040764', '0x804076c', '0x8040774', '0x804077c', '0x8040784', '0x804078c', '0x8040794', '0x804079c', '0x80407a4', '0x80407ac', '0x80407b4', '0x80407bc', '0x80407c4', '0x80407cc', '0x80407d4', '0x80407dc', '0x80407e4', '0x80407ec', '0x80407f4', '0x80407fc', '0x8040804', '0x804080c', '0x8040814', '0x804081c', '0x8040824', '0x804082c', '0x8040834', '0x804083c', '0x8040844', '0x804084c', '0x8040854', '0x804085c', '0x8040864', '0x804086c', '0x8040874', '0x804087c', '0x8040884', '0x804088c', '0x8040894', '0x804089c', '0x80408a4', '0x80408ac', '0x80408b4', '0x80408bc', '0x80408c4', '0x80408cc', '0x80408d4', '0x80408dc', '0x80408e4', '0x80408ec', '0x80408f4', '0x80408fc', '0x8040904', '0x804090c', '0x8040914', '0x804091c', '0x8040924', '0x804092c', '0x8040934', '0x804093c', '0x8040944', '0x804094c', '0x8040954', '0x804095c', '0x8040964', '0x804096c', '0x8040974', '0x804097c', '0x8040984', '0x804098c', '0x8040994', '0x804099c']
type: cond
adj_instr: 0x80409bc
log_idx: 403
log_node.dest_addr: 0x80403de
 
Current node
start_addr: 0x80403de
end_addr: 0x80403e6
successors: ['0x80403ea', '0x80409a4']
parents: ['0x80409a4', '0x80409b4', '0x80409ae']
type: cond
adj_instr: 0x80403ea
log_idx: 404
log_node.dest_addr: 0x80403ea
 
Current node
start_addr: 0x80403ea
end_addr: 0x80403f4
successors: ['0x80405d8', '0x80405e0', '0x80405e8', '0x80405f0', '0x80405f8', '0x8040600', '0x8040608', '0x8040610', '0x8040618', '0x8040620', '0x8040628', '0x8040630', '0x8040638', '0x8040640', '0x8040648', '0x8040650', '0x8040658', '0x8040660', '0x8040668', '0x8040670', '0x8040678', '0x8040680', '0x8040688', '0x8040690', '0x8040698', '0x80406a0', '0x80406a8', '0x80406b0', '0x80406b8', '0x80406c0', '0x80406c8', '0x80406dc', '0x80406e4', '0x80406ec', '0x80406f4', '0x80406fc', '0x8040704', '0x804070c', '0x8040714', '0x804071c', '0x8040724', '0x804072c', '0x8040734', '0x804073c', '0x8040744', '0x804074c', '0x8040754', '0x804075c', '0x8040764', '0x804076c', '0x8040774', '0x804077c', '0x8040784', '0x804078c', '0x8040794', '0x804079c', '0x80407a4', '0x80407ac', '0x80407b4', '0x80407bc', '0x80407c4', '0x80407cc', '0x80407d4', '0x80407dc', '0x80407e4', '0x80407ec', '0x80407f4', '0x80407fc', '0x8040804', '0x804080c', '0x8040814', '0x804081c', '0x8040824', '0x804082c', '0x8040834', '0x804083c', '0x8040844', '0x804084c', '0x8040854', '0x804085c', '0x8040864', '0x804086c', '0x8040874', '0x804087c', '0x8040884', '0x804088c', '0x8040894', '0x804089c', '0x80408a4', '0x80408ac', '0x80408b4', '0x80408bc', '0x80408c4', '0x80408cc', '0x80408d4', '0x80408dc', '0x80408e4', '0x80408ec', '0x80408f4', '0x80408fc', '0x8040904', '0x804090c', '0x8040914', '0x804091c', '0x8040924', '0x804092c', '0x8040934', '0x804093c', '0x8040944', '0x804094c', '0x8040954', '0x804095c', '0x8040964', '0x804096c', '0x8040974', '0x804097c', '0x8040984', '0x804098c', '0x8040994', '0x804099c']
parents: ['0x80403de']
type: uncond
adj_instr: 0x80405d8
log_idx: 405
log_node.dest_addr: 0x8040804
 
Current node
start_addr: 0x8040804
end_addr: 0x804080a
successors: ['0x80409ae']
parents: ['0x80403ea']
type: uncond
adj_instr: 0x804080c
log_idx: 406
log_node.dest_addr: 0x80403de
-----
changed node
start_addr: 0x80409ae
end_addr: 0x80409b8
successors: ['0x80409bc', '0x80403de']
parents: ['0x80405d8', '0x80405e0', '0x80405e8', '0x80405f0', '0x80405f8', '0x8040600', '0x8040608', '0x8040610', '0x8040618', '0x8040620', '0x8040628', '0x8040630', '0x8040638', '0x8040640', '0x8040648', '0x8040650', '0x8040658', '0x8040660', '0x8040668', '0x8040670', '0x8040678', '0x8040680', '0x8040688', '0x8040690', '0x8040698', '0x80406a0', '0x80406a8', '0x80406b0', '0x80406b8', '0x80406c0', '0x80406c8', '0x80406dc', '0x80406e4', '0x80406ec', '0x80406f4', '0x80406fc', '0x8040704', '0x804070c', '0x8040714', '0x804071c', '0x8040724', '0x804072c', '0x8040734', '0x804073c', '0x8040744', '0x804074c', '0x8040754', '0x804075c', '0x8040764', '0x804076c', '0x8040774', '0x804077c', '0x8040784', '0x804078c', '0x8040794', '0x804079c', '0x80407a4', '0x80407ac', '0x80407b4', '0x80407bc', '0x80407c4', '0x80407cc', '0x80407d4', '0x80407dc', '0x80407e4', '0x80407ec', '0x80407f4', '0x80407fc', '0x8040804', '0x804080c', '0x8040814', '0x804081c', '0x8040824', '0x804082c', '0x8040834', '0x804083c', '0x8040844', '0x804084c', '0x8040854', '0x804085c', '0x8040864', '0x804086c', '0x8040874', '0x804087c', '0x8040884', '0x804088c', '0x8040894', '0x804089c', '0x80408a4', '0x80408ac', '0x80408b4', '0x80408bc', '0x80408c4', '0x80408cc', '0x80408d4', '0x80408dc', '0x80408e4', '0x80408ec', '0x80408f4', '0x80408fc', '0x8040904', '0x804090c', '0x8040914', '0x804091c', '0x8040924', '0x804092c', '0x8040934', '0x804093c', '0x8040944', '0x804094c', '0x8040954', '0x804095c', '0x8040964', '0x804096c', '0x8040974', '0x804097c', '0x8040984', '0x804098c', '0x8040994', '0x804099c']
type: cond
adj_instr: 0x80409bc
-----
 
Current node
start_addr: 0x80409ae
end_addr: 0x80409b8
successors: ['0x80409bc', '0x80403de']
parents: ['0x80405d8', '0x80405e0', '0x80405e8', '0x80405f0', '0x80405f8', '0x8040600', '0x8040608', '0x8040610', '0x8040618', '0x8040620', '0x8040628', '0x8040630', '0x8040638', '0x8040640', '0x8040648', '0x8040650', '0x8040658', '0x8040660', '0x8040668', '0x8040670', '0x8040678', '0x8040680', '0x8040688', '0x8040690', '0x8040698', '0x80406a0', '0x80406a8', '0x80406b0', '0x80406b8', '0x80406c0', '0x80406c8', '0x80406dc', '0x80406e4', '0x80406ec', '0x80406f4', '0x80406fc', '0x8040704', '0x804070c', '0x8040714', '0x804071c', '0x8040724', '0x804072c', '0x8040734', '0x804073c', '0x8040744', '0x804074c', '0x8040754', '0x804075c', '0x8040764', '0x804076c', '0x8040774', '0x804077c', '0x8040784', '0x804078c', '0x8040794', '0x804079c', '0x80407a4', '0x80407ac', '0x80407b4', '0x80407bc', '0x80407c4', '0x80407cc', '0x80407d4', '0x80407dc', '0x80407e4', '0x80407ec', '0x80407f4', '0x80407fc', '0x8040804', '0x804080c', '0x8040814', '0x804081c', '0x8040824', '0x804082c', '0x8040834', '0x804083c', '0x8040844', '0x804084c', '0x8040854', '0x804085c', '0x8040864', '0x804086c', '0x8040874', '0x804087c', '0x8040884', '0x804088c', '0x8040894', '0x804089c', '0x80408a4', '0x80408ac', '0x80408b4', '0x80408bc', '0x80408c4', '0x80408cc', '0x80408d4', '0x80408dc', '0x80408e4', '0x80408ec', '0x80408f4', '0x80408fc', '0x8040904', '0x804090c', '0x8040914', '0x804091c', '0x8040924', '0x804092c', '0x8040934', '0x804093c', '0x8040944', '0x804094c', '0x8040954', '0x804095c', '0x8040964', '0x804096c', '0x8040974', '0x804097c', '0x8040984', '0x804098c', '0x8040994', '0x804099c']
type: cond
adj_instr: 0x80409bc
log_idx: 406
log_node.dest_addr: 0x80403de
 
Current node
start_addr: 0x80403de
end_addr: 0x80403e6
successors: ['0x80403ea', '0x80409a4']
parents: ['0x80409a4', '0x80409b4', '0x80409ae']
type: cond
adj_instr: 0x80403ea
log_idx: 407
log_node.dest_addr: 0x80403ea
 
Current node
start_addr: 0x80403ea
end_addr: 0x80403f4
successors: ['0x80405d8', '0x80405e0', '0x80405e8', '0x80405f0', '0x80405f8', '0x8040600', '0x8040608', '0x8040610', '0x8040618', '0x8040620', '0x8040628', '0x8040630', '0x8040638', '0x8040640', '0x8040648', '0x8040650', '0x8040658', '0x8040660', '0x8040668', '0x8040670', '0x8040678', '0x8040680', '0x8040688', '0x8040690', '0x8040698', '0x80406a0', '0x80406a8', '0x80406b0', '0x80406b8', '0x80406c0', '0x80406c8', '0x80406dc', '0x80406e4', '0x80406ec', '0x80406f4', '0x80406fc', '0x8040704', '0x804070c', '0x8040714', '0x804071c', '0x8040724', '0x804072c', '0x8040734', '0x804073c', '0x8040744', '0x804074c', '0x8040754', '0x804075c', '0x8040764', '0x804076c', '0x8040774', '0x804077c', '0x8040784', '0x804078c', '0x8040794', '0x804079c', '0x80407a4', '0x80407ac', '0x80407b4', '0x80407bc', '0x80407c4', '0x80407cc', '0x80407d4', '0x80407dc', '0x80407e4', '0x80407ec', '0x80407f4', '0x80407fc', '0x8040804', '0x804080c', '0x8040814', '0x804081c', '0x8040824', '0x804082c', '0x8040834', '0x804083c', '0x8040844', '0x804084c', '0x8040854', '0x804085c', '0x8040864', '0x804086c', '0x8040874', '0x804087c', '0x8040884', '0x804088c', '0x8040894', '0x804089c', '0x80408a4', '0x80408ac', '0x80408b4', '0x80408bc', '0x80408c4', '0x80408cc', '0x80408d4', '0x80408dc', '0x80408e4', '0x80408ec', '0x80408f4', '0x80408fc', '0x8040904', '0x804090c', '0x8040914', '0x804091c', '0x8040924', '0x804092c', '0x8040934', '0x804093c', '0x8040944', '0x804094c', '0x8040954', '0x804095c', '0x8040964', '0x804096c', '0x8040974', '0x804097c', '0x8040984', '0x804098c', '0x8040994', '0x804099c']
parents: ['0x80403de']
type: uncond
adj_instr: 0x80405d8
log_idx: 408
log_node.dest_addr: 0x804080c
 
Current node
start_addr: 0x804080c
end_addr: 0x8040812
successors: ['0x80409ae']
parents: ['0x80403ea']
type: uncond
adj_instr: 0x8040814
log_idx: 409
log_node.dest_addr: 0x80403de
-----
changed node
start_addr: 0x80409ae
end_addr: 0x80409b8
successors: ['0x80409bc', '0x80403de']
parents: ['0x80405d8', '0x80405e0', '0x80405e8', '0x80405f0', '0x80405f8', '0x8040600', '0x8040608', '0x8040610', '0x8040618', '0x8040620', '0x8040628', '0x8040630', '0x8040638', '0x8040640', '0x8040648', '0x8040650', '0x8040658', '0x8040660', '0x8040668', '0x8040670', '0x8040678', '0x8040680', '0x8040688', '0x8040690', '0x8040698', '0x80406a0', '0x80406a8', '0x80406b0', '0x80406b8', '0x80406c0', '0x80406c8', '0x80406dc', '0x80406e4', '0x80406ec', '0x80406f4', '0x80406fc', '0x8040704', '0x804070c', '0x8040714', '0x804071c', '0x8040724', '0x804072c', '0x8040734', '0x804073c', '0x8040744', '0x804074c', '0x8040754', '0x804075c', '0x8040764', '0x804076c', '0x8040774', '0x804077c', '0x8040784', '0x804078c', '0x8040794', '0x804079c', '0x80407a4', '0x80407ac', '0x80407b4', '0x80407bc', '0x80407c4', '0x80407cc', '0x80407d4', '0x80407dc', '0x80407e4', '0x80407ec', '0x80407f4', '0x80407fc', '0x8040804', '0x804080c', '0x8040814', '0x804081c', '0x8040824', '0x804082c', '0x8040834', '0x804083c', '0x8040844', '0x804084c', '0x8040854', '0x804085c', '0x8040864', '0x804086c', '0x8040874', '0x804087c', '0x8040884', '0x804088c', '0x8040894', '0x804089c', '0x80408a4', '0x80408ac', '0x80408b4', '0x80408bc', '0x80408c4', '0x80408cc', '0x80408d4', '0x80408dc', '0x80408e4', '0x80408ec', '0x80408f4', '0x80408fc', '0x8040904', '0x804090c', '0x8040914', '0x804091c', '0x8040924', '0x804092c', '0x8040934', '0x804093c', '0x8040944', '0x804094c', '0x8040954', '0x804095c', '0x8040964', '0x804096c', '0x8040974', '0x804097c', '0x8040984', '0x804098c', '0x8040994', '0x804099c']
type: cond
adj_instr: 0x80409bc
-----
 
Current node
start_addr: 0x80409ae
end_addr: 0x80409b8
successors: ['0x80409bc', '0x80403de']
parents: ['0x80405d8', '0x80405e0', '0x80405e8', '0x80405f0', '0x80405f8', '0x8040600', '0x8040608', '0x8040610', '0x8040618', '0x8040620', '0x8040628', '0x8040630', '0x8040638', '0x8040640', '0x8040648', '0x8040650', '0x8040658', '0x8040660', '0x8040668', '0x8040670', '0x8040678', '0x8040680', '0x8040688', '0x8040690', '0x8040698', '0x80406a0', '0x80406a8', '0x80406b0', '0x80406b8', '0x80406c0', '0x80406c8', '0x80406dc', '0x80406e4', '0x80406ec', '0x80406f4', '0x80406fc', '0x8040704', '0x804070c', '0x8040714', '0x804071c', '0x8040724', '0x804072c', '0x8040734', '0x804073c', '0x8040744', '0x804074c', '0x8040754', '0x804075c', '0x8040764', '0x804076c', '0x8040774', '0x804077c', '0x8040784', '0x804078c', '0x8040794', '0x804079c', '0x80407a4', '0x80407ac', '0x80407b4', '0x80407bc', '0x80407c4', '0x80407cc', '0x80407d4', '0x80407dc', '0x80407e4', '0x80407ec', '0x80407f4', '0x80407fc', '0x8040804', '0x804080c', '0x8040814', '0x804081c', '0x8040824', '0x804082c', '0x8040834', '0x804083c', '0x8040844', '0x804084c', '0x8040854', '0x804085c', '0x8040864', '0x804086c', '0x8040874', '0x804087c', '0x8040884', '0x804088c', '0x8040894', '0x804089c', '0x80408a4', '0x80408ac', '0x80408b4', '0x80408bc', '0x80408c4', '0x80408cc', '0x80408d4', '0x80408dc', '0x80408e4', '0x80408ec', '0x80408f4', '0x80408fc', '0x8040904', '0x804090c', '0x8040914', '0x804091c', '0x8040924', '0x804092c', '0x8040934', '0x804093c', '0x8040944', '0x804094c', '0x8040954', '0x804095c', '0x8040964', '0x804096c', '0x8040974', '0x804097c', '0x8040984', '0x804098c', '0x8040994', '0x804099c']
type: cond
adj_instr: 0x80409bc
log_idx: 409
log_node.dest_addr: 0x80403de
 
Current node
start_addr: 0x80403de
end_addr: 0x80403e6
successors: ['0x80403ea', '0x80409a4']
parents: ['0x80409a4', '0x80409b4', '0x80409ae']
type: cond
adj_instr: 0x80403ea
log_idx: 410
log_node.dest_addr: 0x80403ea
 
Current node
start_addr: 0x80403ea
end_addr: 0x80403f4
successors: ['0x80405d8', '0x80405e0', '0x80405e8', '0x80405f0', '0x80405f8', '0x8040600', '0x8040608', '0x8040610', '0x8040618', '0x8040620', '0x8040628', '0x8040630', '0x8040638', '0x8040640', '0x8040648', '0x8040650', '0x8040658', '0x8040660', '0x8040668', '0x8040670', '0x8040678', '0x8040680', '0x8040688', '0x8040690', '0x8040698', '0x80406a0', '0x80406a8', '0x80406b0', '0x80406b8', '0x80406c0', '0x80406c8', '0x80406dc', '0x80406e4', '0x80406ec', '0x80406f4', '0x80406fc', '0x8040704', '0x804070c', '0x8040714', '0x804071c', '0x8040724', '0x804072c', '0x8040734', '0x804073c', '0x8040744', '0x804074c', '0x8040754', '0x804075c', '0x8040764', '0x804076c', '0x8040774', '0x804077c', '0x8040784', '0x804078c', '0x8040794', '0x804079c', '0x80407a4', '0x80407ac', '0x80407b4', '0x80407bc', '0x80407c4', '0x80407cc', '0x80407d4', '0x80407dc', '0x80407e4', '0x80407ec', '0x80407f4', '0x80407fc', '0x8040804', '0x804080c', '0x8040814', '0x804081c', '0x8040824', '0x804082c', '0x8040834', '0x804083c', '0x8040844', '0x804084c', '0x8040854', '0x804085c', '0x8040864', '0x804086c', '0x8040874', '0x804087c', '0x8040884', '0x804088c', '0x8040894', '0x804089c', '0x80408a4', '0x80408ac', '0x80408b4', '0x80408bc', '0x80408c4', '0x80408cc', '0x80408d4', '0x80408dc', '0x80408e4', '0x80408ec', '0x80408f4', '0x80408fc', '0x8040904', '0x804090c', '0x8040914', '0x804091c', '0x8040924', '0x804092c', '0x8040934', '0x804093c', '0x8040944', '0x804094c', '0x8040954', '0x804095c', '0x8040964', '0x804096c', '0x8040974', '0x804097c', '0x8040984', '0x804098c', '0x8040994', '0x804099c']
parents: ['0x80403de']
type: uncond
adj_instr: 0x80405d8
log_idx: 411
log_node.dest_addr: 0x8040814
 
Current node
start_addr: 0x8040814
end_addr: 0x804081a
successors: ['0x80409ae']
parents: ['0x80403ea']
type: uncond
adj_instr: 0x804081c
log_idx: 412
log_node.dest_addr: 0x80403de
-----
changed node
start_addr: 0x80409ae
end_addr: 0x80409b8
successors: ['0x80409bc', '0x80403de']
parents: ['0x80405d8', '0x80405e0', '0x80405e8', '0x80405f0', '0x80405f8', '0x8040600', '0x8040608', '0x8040610', '0x8040618', '0x8040620', '0x8040628', '0x8040630', '0x8040638', '0x8040640', '0x8040648', '0x8040650', '0x8040658', '0x8040660', '0x8040668', '0x8040670', '0x8040678', '0x8040680', '0x8040688', '0x8040690', '0x8040698', '0x80406a0', '0x80406a8', '0x80406b0', '0x80406b8', '0x80406c0', '0x80406c8', '0x80406dc', '0x80406e4', '0x80406ec', '0x80406f4', '0x80406fc', '0x8040704', '0x804070c', '0x8040714', '0x804071c', '0x8040724', '0x804072c', '0x8040734', '0x804073c', '0x8040744', '0x804074c', '0x8040754', '0x804075c', '0x8040764', '0x804076c', '0x8040774', '0x804077c', '0x8040784', '0x804078c', '0x8040794', '0x804079c', '0x80407a4', '0x80407ac', '0x80407b4', '0x80407bc', '0x80407c4', '0x80407cc', '0x80407d4', '0x80407dc', '0x80407e4', '0x80407ec', '0x80407f4', '0x80407fc', '0x8040804', '0x804080c', '0x8040814', '0x804081c', '0x8040824', '0x804082c', '0x8040834', '0x804083c', '0x8040844', '0x804084c', '0x8040854', '0x804085c', '0x8040864', '0x804086c', '0x8040874', '0x804087c', '0x8040884', '0x804088c', '0x8040894', '0x804089c', '0x80408a4', '0x80408ac', '0x80408b4', '0x80408bc', '0x80408c4', '0x80408cc', '0x80408d4', '0x80408dc', '0x80408e4', '0x80408ec', '0x80408f4', '0x80408fc', '0x8040904', '0x804090c', '0x8040914', '0x804091c', '0x8040924', '0x804092c', '0x8040934', '0x804093c', '0x8040944', '0x804094c', '0x8040954', '0x804095c', '0x8040964', '0x804096c', '0x8040974', '0x804097c', '0x8040984', '0x804098c', '0x8040994', '0x804099c']
type: cond
adj_instr: 0x80409bc
-----
 
Current node
start_addr: 0x80409ae
end_addr: 0x80409b8
successors: ['0x80409bc', '0x80403de']
parents: ['0x80405d8', '0x80405e0', '0x80405e8', '0x80405f0', '0x80405f8', '0x8040600', '0x8040608', '0x8040610', '0x8040618', '0x8040620', '0x8040628', '0x8040630', '0x8040638', '0x8040640', '0x8040648', '0x8040650', '0x8040658', '0x8040660', '0x8040668', '0x8040670', '0x8040678', '0x8040680', '0x8040688', '0x8040690', '0x8040698', '0x80406a0', '0x80406a8', '0x80406b0', '0x80406b8', '0x80406c0', '0x80406c8', '0x80406dc', '0x80406e4', '0x80406ec', '0x80406f4', '0x80406fc', '0x8040704', '0x804070c', '0x8040714', '0x804071c', '0x8040724', '0x804072c', '0x8040734', '0x804073c', '0x8040744', '0x804074c', '0x8040754', '0x804075c', '0x8040764', '0x804076c', '0x8040774', '0x804077c', '0x8040784', '0x804078c', '0x8040794', '0x804079c', '0x80407a4', '0x80407ac', '0x80407b4', '0x80407bc', '0x80407c4', '0x80407cc', '0x80407d4', '0x80407dc', '0x80407e4', '0x80407ec', '0x80407f4', '0x80407fc', '0x8040804', '0x804080c', '0x8040814', '0x804081c', '0x8040824', '0x804082c', '0x8040834', '0x804083c', '0x8040844', '0x804084c', '0x8040854', '0x804085c', '0x8040864', '0x804086c', '0x8040874', '0x804087c', '0x8040884', '0x804088c', '0x8040894', '0x804089c', '0x80408a4', '0x80408ac', '0x80408b4', '0x80408bc', '0x80408c4', '0x80408cc', '0x80408d4', '0x80408dc', '0x80408e4', '0x80408ec', '0x80408f4', '0x80408fc', '0x8040904', '0x804090c', '0x8040914', '0x804091c', '0x8040924', '0x804092c', '0x8040934', '0x804093c', '0x8040944', '0x804094c', '0x8040954', '0x804095c', '0x8040964', '0x804096c', '0x8040974', '0x804097c', '0x8040984', '0x804098c', '0x8040994', '0x804099c']
type: cond
adj_instr: 0x80409bc
log_idx: 412
log_node.dest_addr: 0x80403de
 
Current node
start_addr: 0x80403de
end_addr: 0x80403e6
successors: ['0x80403ea', '0x80409a4']
parents: ['0x80409a4', '0x80409b4', '0x80409ae']
type: cond
adj_instr: 0x80403ea
log_idx: 413
log_node.dest_addr: 0x80403ea
 
Current node
start_addr: 0x80403ea
end_addr: 0x80403f4
successors: ['0x80405d8', '0x80405e0', '0x80405e8', '0x80405f0', '0x80405f8', '0x8040600', '0x8040608', '0x8040610', '0x8040618', '0x8040620', '0x8040628', '0x8040630', '0x8040638', '0x8040640', '0x8040648', '0x8040650', '0x8040658', '0x8040660', '0x8040668', '0x8040670', '0x8040678', '0x8040680', '0x8040688', '0x8040690', '0x8040698', '0x80406a0', '0x80406a8', '0x80406b0', '0x80406b8', '0x80406c0', '0x80406c8', '0x80406dc', '0x80406e4', '0x80406ec', '0x80406f4', '0x80406fc', '0x8040704', '0x804070c', '0x8040714', '0x804071c', '0x8040724', '0x804072c', '0x8040734', '0x804073c', '0x8040744', '0x804074c', '0x8040754', '0x804075c', '0x8040764', '0x804076c', '0x8040774', '0x804077c', '0x8040784', '0x804078c', '0x8040794', '0x804079c', '0x80407a4', '0x80407ac', '0x80407b4', '0x80407bc', '0x80407c4', '0x80407cc', '0x80407d4', '0x80407dc', '0x80407e4', '0x80407ec', '0x80407f4', '0x80407fc', '0x8040804', '0x804080c', '0x8040814', '0x804081c', '0x8040824', '0x804082c', '0x8040834', '0x804083c', '0x8040844', '0x804084c', '0x8040854', '0x804085c', '0x8040864', '0x804086c', '0x8040874', '0x804087c', '0x8040884', '0x804088c', '0x8040894', '0x804089c', '0x80408a4', '0x80408ac', '0x80408b4', '0x80408bc', '0x80408c4', '0x80408cc', '0x80408d4', '0x80408dc', '0x80408e4', '0x80408ec', '0x80408f4', '0x80408fc', '0x8040904', '0x804090c', '0x8040914', '0x804091c', '0x8040924', '0x804092c', '0x8040934', '0x804093c', '0x8040944', '0x804094c', '0x8040954', '0x804095c', '0x8040964', '0x804096c', '0x8040974', '0x804097c', '0x8040984', '0x804098c', '0x8040994', '0x804099c']
parents: ['0x80403de']
type: uncond
adj_instr: 0x80405d8
log_idx: 414
log_node.dest_addr: 0x804081c
 
Current node
start_addr: 0x804081c
end_addr: 0x8040822
successors: ['0x80409ae']
parents: ['0x80403ea']
type: uncond
adj_instr: 0x8040824
log_idx: 415
log_node.dest_addr: 0x80403de
-----
changed node
start_addr: 0x80409ae
end_addr: 0x80409b8
successors: ['0x80409bc', '0x80403de']
parents: ['0x80405d8', '0x80405e0', '0x80405e8', '0x80405f0', '0x80405f8', '0x8040600', '0x8040608', '0x8040610', '0x8040618', '0x8040620', '0x8040628', '0x8040630', '0x8040638', '0x8040640', '0x8040648', '0x8040650', '0x8040658', '0x8040660', '0x8040668', '0x8040670', '0x8040678', '0x8040680', '0x8040688', '0x8040690', '0x8040698', '0x80406a0', '0x80406a8', '0x80406b0', '0x80406b8', '0x80406c0', '0x80406c8', '0x80406dc', '0x80406e4', '0x80406ec', '0x80406f4', '0x80406fc', '0x8040704', '0x804070c', '0x8040714', '0x804071c', '0x8040724', '0x804072c', '0x8040734', '0x804073c', '0x8040744', '0x804074c', '0x8040754', '0x804075c', '0x8040764', '0x804076c', '0x8040774', '0x804077c', '0x8040784', '0x804078c', '0x8040794', '0x804079c', '0x80407a4', '0x80407ac', '0x80407b4', '0x80407bc', '0x80407c4', '0x80407cc', '0x80407d4', '0x80407dc', '0x80407e4', '0x80407ec', '0x80407f4', '0x80407fc', '0x8040804', '0x804080c', '0x8040814', '0x804081c', '0x8040824', '0x804082c', '0x8040834', '0x804083c', '0x8040844', '0x804084c', '0x8040854', '0x804085c', '0x8040864', '0x804086c', '0x8040874', '0x804087c', '0x8040884', '0x804088c', '0x8040894', '0x804089c', '0x80408a4', '0x80408ac', '0x80408b4', '0x80408bc', '0x80408c4', '0x80408cc', '0x80408d4', '0x80408dc', '0x80408e4', '0x80408ec', '0x80408f4', '0x80408fc', '0x8040904', '0x804090c', '0x8040914', '0x804091c', '0x8040924', '0x804092c', '0x8040934', '0x804093c', '0x8040944', '0x804094c', '0x8040954', '0x804095c', '0x8040964', '0x804096c', '0x8040974', '0x804097c', '0x8040984', '0x804098c', '0x8040994', '0x804099c']
type: cond
adj_instr: 0x80409bc
-----
 
Current node
start_addr: 0x80409ae
end_addr: 0x80409b8
successors: ['0x80409bc', '0x80403de']
parents: ['0x80405d8', '0x80405e0', '0x80405e8', '0x80405f0', '0x80405f8', '0x8040600', '0x8040608', '0x8040610', '0x8040618', '0x8040620', '0x8040628', '0x8040630', '0x8040638', '0x8040640', '0x8040648', '0x8040650', '0x8040658', '0x8040660', '0x8040668', '0x8040670', '0x8040678', '0x8040680', '0x8040688', '0x8040690', '0x8040698', '0x80406a0', '0x80406a8', '0x80406b0', '0x80406b8', '0x80406c0', '0x80406c8', '0x80406dc', '0x80406e4', '0x80406ec', '0x80406f4', '0x80406fc', '0x8040704', '0x804070c', '0x8040714', '0x804071c', '0x8040724', '0x804072c', '0x8040734', '0x804073c', '0x8040744', '0x804074c', '0x8040754', '0x804075c', '0x8040764', '0x804076c', '0x8040774', '0x804077c', '0x8040784', '0x804078c', '0x8040794', '0x804079c', '0x80407a4', '0x80407ac', '0x80407b4', '0x80407bc', '0x80407c4', '0x80407cc', '0x80407d4', '0x80407dc', '0x80407e4', '0x80407ec', '0x80407f4', '0x80407fc', '0x8040804', '0x804080c', '0x8040814', '0x804081c', '0x8040824', '0x804082c', '0x8040834', '0x804083c', '0x8040844', '0x804084c', '0x8040854', '0x804085c', '0x8040864', '0x804086c', '0x8040874', '0x804087c', '0x8040884', '0x804088c', '0x8040894', '0x804089c', '0x80408a4', '0x80408ac', '0x80408b4', '0x80408bc', '0x80408c4', '0x80408cc', '0x80408d4', '0x80408dc', '0x80408e4', '0x80408ec', '0x80408f4', '0x80408fc', '0x8040904', '0x804090c', '0x8040914', '0x804091c', '0x8040924', '0x804092c', '0x8040934', '0x804093c', '0x8040944', '0x804094c', '0x8040954', '0x804095c', '0x8040964', '0x804096c', '0x8040974', '0x804097c', '0x8040984', '0x804098c', '0x8040994', '0x804099c']
type: cond
adj_instr: 0x80409bc
log_idx: 415
log_node.dest_addr: 0x80403de
 
Current node
start_addr: 0x80403de
end_addr: 0x80403e6
successors: ['0x80403ea', '0x80409a4']
parents: ['0x80409a4', '0x80409b4', '0x80409ae']
type: cond
adj_instr: 0x80403ea
log_idx: 416
log_node.dest_addr: 0x80403ea
 
Current node
start_addr: 0x80403ea
end_addr: 0x80403f4
successors: ['0x80405d8', '0x80405e0', '0x80405e8', '0x80405f0', '0x80405f8', '0x8040600', '0x8040608', '0x8040610', '0x8040618', '0x8040620', '0x8040628', '0x8040630', '0x8040638', '0x8040640', '0x8040648', '0x8040650', '0x8040658', '0x8040660', '0x8040668', '0x8040670', '0x8040678', '0x8040680', '0x8040688', '0x8040690', '0x8040698', '0x80406a0', '0x80406a8', '0x80406b0', '0x80406b8', '0x80406c0', '0x80406c8', '0x80406dc', '0x80406e4', '0x80406ec', '0x80406f4', '0x80406fc', '0x8040704', '0x804070c', '0x8040714', '0x804071c', '0x8040724', '0x804072c', '0x8040734', '0x804073c', '0x8040744', '0x804074c', '0x8040754', '0x804075c', '0x8040764', '0x804076c', '0x8040774', '0x804077c', '0x8040784', '0x804078c', '0x8040794', '0x804079c', '0x80407a4', '0x80407ac', '0x80407b4', '0x80407bc', '0x80407c4', '0x80407cc', '0x80407d4', '0x80407dc', '0x80407e4', '0x80407ec', '0x80407f4', '0x80407fc', '0x8040804', '0x804080c', '0x8040814', '0x804081c', '0x8040824', '0x804082c', '0x8040834', '0x804083c', '0x8040844', '0x804084c', '0x8040854', '0x804085c', '0x8040864', '0x804086c', '0x8040874', '0x804087c', '0x8040884', '0x804088c', '0x8040894', '0x804089c', '0x80408a4', '0x80408ac', '0x80408b4', '0x80408bc', '0x80408c4', '0x80408cc', '0x80408d4', '0x80408dc', '0x80408e4', '0x80408ec', '0x80408f4', '0x80408fc', '0x8040904', '0x804090c', '0x8040914', '0x804091c', '0x8040924', '0x804092c', '0x8040934', '0x804093c', '0x8040944', '0x804094c', '0x8040954', '0x804095c', '0x8040964', '0x804096c', '0x8040974', '0x804097c', '0x8040984', '0x804098c', '0x8040994', '0x804099c']
parents: ['0x80403de']
type: uncond
adj_instr: 0x80405d8
log_idx: 417
log_node.dest_addr: 0x8040824
 
Current node
start_addr: 0x8040824
end_addr: 0x804082a
successors: ['0x80409ae']
parents: ['0x80403ea']
type: uncond
adj_instr: 0x804082c
log_idx: 418
log_node.dest_addr: 0x80403de
-----
changed node
start_addr: 0x80409ae
end_addr: 0x80409b8
successors: ['0x80409bc', '0x80403de']
parents: ['0x80405d8', '0x80405e0', '0x80405e8', '0x80405f0', '0x80405f8', '0x8040600', '0x8040608', '0x8040610', '0x8040618', '0x8040620', '0x8040628', '0x8040630', '0x8040638', '0x8040640', '0x8040648', '0x8040650', '0x8040658', '0x8040660', '0x8040668', '0x8040670', '0x8040678', '0x8040680', '0x8040688', '0x8040690', '0x8040698', '0x80406a0', '0x80406a8', '0x80406b0', '0x80406b8', '0x80406c0', '0x80406c8', '0x80406dc', '0x80406e4', '0x80406ec', '0x80406f4', '0x80406fc', '0x8040704', '0x804070c', '0x8040714', '0x804071c', '0x8040724', '0x804072c', '0x8040734', '0x804073c', '0x8040744', '0x804074c', '0x8040754', '0x804075c', '0x8040764', '0x804076c', '0x8040774', '0x804077c', '0x8040784', '0x804078c', '0x8040794', '0x804079c', '0x80407a4', '0x80407ac', '0x80407b4', '0x80407bc', '0x80407c4', '0x80407cc', '0x80407d4', '0x80407dc', '0x80407e4', '0x80407ec', '0x80407f4', '0x80407fc', '0x8040804', '0x804080c', '0x8040814', '0x804081c', '0x8040824', '0x804082c', '0x8040834', '0x804083c', '0x8040844', '0x804084c', '0x8040854', '0x804085c', '0x8040864', '0x804086c', '0x8040874', '0x804087c', '0x8040884', '0x804088c', '0x8040894', '0x804089c', '0x80408a4', '0x80408ac', '0x80408b4', '0x80408bc', '0x80408c4', '0x80408cc', '0x80408d4', '0x80408dc', '0x80408e4', '0x80408ec', '0x80408f4', '0x80408fc', '0x8040904', '0x804090c', '0x8040914', '0x804091c', '0x8040924', '0x804092c', '0x8040934', '0x804093c', '0x8040944', '0x804094c', '0x8040954', '0x804095c', '0x8040964', '0x804096c', '0x8040974', '0x804097c', '0x8040984', '0x804098c', '0x8040994', '0x804099c']
type: cond
adj_instr: 0x80409bc
-----
 
Current node
start_addr: 0x80409ae
end_addr: 0x80409b8
successors: ['0x80409bc', '0x80403de']
parents: ['0x80405d8', '0x80405e0', '0x80405e8', '0x80405f0', '0x80405f8', '0x8040600', '0x8040608', '0x8040610', '0x8040618', '0x8040620', '0x8040628', '0x8040630', '0x8040638', '0x8040640', '0x8040648', '0x8040650', '0x8040658', '0x8040660', '0x8040668', '0x8040670', '0x8040678', '0x8040680', '0x8040688', '0x8040690', '0x8040698', '0x80406a0', '0x80406a8', '0x80406b0', '0x80406b8', '0x80406c0', '0x80406c8', '0x80406dc', '0x80406e4', '0x80406ec', '0x80406f4', '0x80406fc', '0x8040704', '0x804070c', '0x8040714', '0x804071c', '0x8040724', '0x804072c', '0x8040734', '0x804073c', '0x8040744', '0x804074c', '0x8040754', '0x804075c', '0x8040764', '0x804076c', '0x8040774', '0x804077c', '0x8040784', '0x804078c', '0x8040794', '0x804079c', '0x80407a4', '0x80407ac', '0x80407b4', '0x80407bc', '0x80407c4', '0x80407cc', '0x80407d4', '0x80407dc', '0x80407e4', '0x80407ec', '0x80407f4', '0x80407fc', '0x8040804', '0x804080c', '0x8040814', '0x804081c', '0x8040824', '0x804082c', '0x8040834', '0x804083c', '0x8040844', '0x804084c', '0x8040854', '0x804085c', '0x8040864', '0x804086c', '0x8040874', '0x804087c', '0x8040884', '0x804088c', '0x8040894', '0x804089c', '0x80408a4', '0x80408ac', '0x80408b4', '0x80408bc', '0x80408c4', '0x80408cc', '0x80408d4', '0x80408dc', '0x80408e4', '0x80408ec', '0x80408f4', '0x80408fc', '0x8040904', '0x804090c', '0x8040914', '0x804091c', '0x8040924', '0x804092c', '0x8040934', '0x804093c', '0x8040944', '0x804094c', '0x8040954', '0x804095c', '0x8040964', '0x804096c', '0x8040974', '0x804097c', '0x8040984', '0x804098c', '0x8040994', '0x804099c']
type: cond
adj_instr: 0x80409bc
log_idx: 418
log_node.dest_addr: 0x80403de
 
Current node
start_addr: 0x80403de
end_addr: 0x80403e6
successors: ['0x80403ea', '0x80409a4']
parents: ['0x80409a4', '0x80409b4', '0x80409ae']
type: cond
adj_instr: 0x80403ea
log_idx: 419
log_node.dest_addr: 0x80403ea
 
Current node
start_addr: 0x80403ea
end_addr: 0x80403f4
successors: ['0x80405d8', '0x80405e0', '0x80405e8', '0x80405f0', '0x80405f8', '0x8040600', '0x8040608', '0x8040610', '0x8040618', '0x8040620', '0x8040628', '0x8040630', '0x8040638', '0x8040640', '0x8040648', '0x8040650', '0x8040658', '0x8040660', '0x8040668', '0x8040670', '0x8040678', '0x8040680', '0x8040688', '0x8040690', '0x8040698', '0x80406a0', '0x80406a8', '0x80406b0', '0x80406b8', '0x80406c0', '0x80406c8', '0x80406dc', '0x80406e4', '0x80406ec', '0x80406f4', '0x80406fc', '0x8040704', '0x804070c', '0x8040714', '0x804071c', '0x8040724', '0x804072c', '0x8040734', '0x804073c', '0x8040744', '0x804074c', '0x8040754', '0x804075c', '0x8040764', '0x804076c', '0x8040774', '0x804077c', '0x8040784', '0x804078c', '0x8040794', '0x804079c', '0x80407a4', '0x80407ac', '0x80407b4', '0x80407bc', '0x80407c4', '0x80407cc', '0x80407d4', '0x80407dc', '0x80407e4', '0x80407ec', '0x80407f4', '0x80407fc', '0x8040804', '0x804080c', '0x8040814', '0x804081c', '0x8040824', '0x804082c', '0x8040834', '0x804083c', '0x8040844', '0x804084c', '0x8040854', '0x804085c', '0x8040864', '0x804086c', '0x8040874', '0x804087c', '0x8040884', '0x804088c', '0x8040894', '0x804089c', '0x80408a4', '0x80408ac', '0x80408b4', '0x80408bc', '0x80408c4', '0x80408cc', '0x80408d4', '0x80408dc', '0x80408e4', '0x80408ec', '0x80408f4', '0x80408fc', '0x8040904', '0x804090c', '0x8040914', '0x804091c', '0x8040924', '0x804092c', '0x8040934', '0x804093c', '0x8040944', '0x804094c', '0x8040954', '0x804095c', '0x8040964', '0x804096c', '0x8040974', '0x804097c', '0x8040984', '0x804098c', '0x8040994', '0x804099c']
parents: ['0x80403de']
type: uncond
adj_instr: 0x80405d8
log_idx: 420
log_node.dest_addr: 0x804082c
 
Current node
start_addr: 0x804082c
end_addr: 0x8040832
successors: ['0x80409ae']
parents: ['0x80403ea']
type: uncond
adj_instr: 0x8040834
log_idx: 421
log_node.dest_addr: 0x80403de
-----
changed node
start_addr: 0x80409ae
end_addr: 0x80409b8
successors: ['0x80409bc', '0x80403de']
parents: ['0x80405d8', '0x80405e0', '0x80405e8', '0x80405f0', '0x80405f8', '0x8040600', '0x8040608', '0x8040610', '0x8040618', '0x8040620', '0x8040628', '0x8040630', '0x8040638', '0x8040640', '0x8040648', '0x8040650', '0x8040658', '0x8040660', '0x8040668', '0x8040670', '0x8040678', '0x8040680', '0x8040688', '0x8040690', '0x8040698', '0x80406a0', '0x80406a8', '0x80406b0', '0x80406b8', '0x80406c0', '0x80406c8', '0x80406dc', '0x80406e4', '0x80406ec', '0x80406f4', '0x80406fc', '0x8040704', '0x804070c', '0x8040714', '0x804071c', '0x8040724', '0x804072c', '0x8040734', '0x804073c', '0x8040744', '0x804074c', '0x8040754', '0x804075c', '0x8040764', '0x804076c', '0x8040774', '0x804077c', '0x8040784', '0x804078c', '0x8040794', '0x804079c', '0x80407a4', '0x80407ac', '0x80407b4', '0x80407bc', '0x80407c4', '0x80407cc', '0x80407d4', '0x80407dc', '0x80407e4', '0x80407ec', '0x80407f4', '0x80407fc', '0x8040804', '0x804080c', '0x8040814', '0x804081c', '0x8040824', '0x804082c', '0x8040834', '0x804083c', '0x8040844', '0x804084c', '0x8040854', '0x804085c', '0x8040864', '0x804086c', '0x8040874', '0x804087c', '0x8040884', '0x804088c', '0x8040894', '0x804089c', '0x80408a4', '0x80408ac', '0x80408b4', '0x80408bc', '0x80408c4', '0x80408cc', '0x80408d4', '0x80408dc', '0x80408e4', '0x80408ec', '0x80408f4', '0x80408fc', '0x8040904', '0x804090c', '0x8040914', '0x804091c', '0x8040924', '0x804092c', '0x8040934', '0x804093c', '0x8040944', '0x804094c', '0x8040954', '0x804095c', '0x8040964', '0x804096c', '0x8040974', '0x804097c', '0x8040984', '0x804098c', '0x8040994', '0x804099c']
type: cond
adj_instr: 0x80409bc
-----
 
Current node
start_addr: 0x80409ae
end_addr: 0x80409b8
successors: ['0x80409bc', '0x80403de']
parents: ['0x80405d8', '0x80405e0', '0x80405e8', '0x80405f0', '0x80405f8', '0x8040600', '0x8040608', '0x8040610', '0x8040618', '0x8040620', '0x8040628', '0x8040630', '0x8040638', '0x8040640', '0x8040648', '0x8040650', '0x8040658', '0x8040660', '0x8040668', '0x8040670', '0x8040678', '0x8040680', '0x8040688', '0x8040690', '0x8040698', '0x80406a0', '0x80406a8', '0x80406b0', '0x80406b8', '0x80406c0', '0x80406c8', '0x80406dc', '0x80406e4', '0x80406ec', '0x80406f4', '0x80406fc', '0x8040704', '0x804070c', '0x8040714', '0x804071c', '0x8040724', '0x804072c', '0x8040734', '0x804073c', '0x8040744', '0x804074c', '0x8040754', '0x804075c', '0x8040764', '0x804076c', '0x8040774', '0x804077c', '0x8040784', '0x804078c', '0x8040794', '0x804079c', '0x80407a4', '0x80407ac', '0x80407b4', '0x80407bc', '0x80407c4', '0x80407cc', '0x80407d4', '0x80407dc', '0x80407e4', '0x80407ec', '0x80407f4', '0x80407fc', '0x8040804', '0x804080c', '0x8040814', '0x804081c', '0x8040824', '0x804082c', '0x8040834', '0x804083c', '0x8040844', '0x804084c', '0x8040854', '0x804085c', '0x8040864', '0x804086c', '0x8040874', '0x804087c', '0x8040884', '0x804088c', '0x8040894', '0x804089c', '0x80408a4', '0x80408ac', '0x80408b4', '0x80408bc', '0x80408c4', '0x80408cc', '0x80408d4', '0x80408dc', '0x80408e4', '0x80408ec', '0x80408f4', '0x80408fc', '0x8040904', '0x804090c', '0x8040914', '0x804091c', '0x8040924', '0x804092c', '0x8040934', '0x804093c', '0x8040944', '0x804094c', '0x8040954', '0x804095c', '0x8040964', '0x804096c', '0x8040974', '0x804097c', '0x8040984', '0x804098c', '0x8040994', '0x804099c']
type: cond
adj_instr: 0x80409bc
log_idx: 421
log_node.dest_addr: 0x80403de
 
Current node
start_addr: 0x80403de
end_addr: 0x80403e6
successors: ['0x80403ea', '0x80409a4']
parents: ['0x80409a4', '0x80409b4', '0x80409ae']
type: cond
adj_instr: 0x80403ea
log_idx: 422
log_node.dest_addr: 0x80403ea
 
Current node
start_addr: 0x80403ea
end_addr: 0x80403f4
successors: ['0x80405d8', '0x80405e0', '0x80405e8', '0x80405f0', '0x80405f8', '0x8040600', '0x8040608', '0x8040610', '0x8040618', '0x8040620', '0x8040628', '0x8040630', '0x8040638', '0x8040640', '0x8040648', '0x8040650', '0x8040658', '0x8040660', '0x8040668', '0x8040670', '0x8040678', '0x8040680', '0x8040688', '0x8040690', '0x8040698', '0x80406a0', '0x80406a8', '0x80406b0', '0x80406b8', '0x80406c0', '0x80406c8', '0x80406dc', '0x80406e4', '0x80406ec', '0x80406f4', '0x80406fc', '0x8040704', '0x804070c', '0x8040714', '0x804071c', '0x8040724', '0x804072c', '0x8040734', '0x804073c', '0x8040744', '0x804074c', '0x8040754', '0x804075c', '0x8040764', '0x804076c', '0x8040774', '0x804077c', '0x8040784', '0x804078c', '0x8040794', '0x804079c', '0x80407a4', '0x80407ac', '0x80407b4', '0x80407bc', '0x80407c4', '0x80407cc', '0x80407d4', '0x80407dc', '0x80407e4', '0x80407ec', '0x80407f4', '0x80407fc', '0x8040804', '0x804080c', '0x8040814', '0x804081c', '0x8040824', '0x804082c', '0x8040834', '0x804083c', '0x8040844', '0x804084c', '0x8040854', '0x804085c', '0x8040864', '0x804086c', '0x8040874', '0x804087c', '0x8040884', '0x804088c', '0x8040894', '0x804089c', '0x80408a4', '0x80408ac', '0x80408b4', '0x80408bc', '0x80408c4', '0x80408cc', '0x80408d4', '0x80408dc', '0x80408e4', '0x80408ec', '0x80408f4', '0x80408fc', '0x8040904', '0x804090c', '0x8040914', '0x804091c', '0x8040924', '0x804092c', '0x8040934', '0x804093c', '0x8040944', '0x804094c', '0x8040954', '0x804095c', '0x8040964', '0x804096c', '0x8040974', '0x804097c', '0x8040984', '0x804098c', '0x8040994', '0x804099c']
parents: ['0x80403de']
type: uncond
adj_instr: 0x80405d8
log_idx: 423
log_node.dest_addr: 0x8040834
 
Current node
start_addr: 0x8040834
end_addr: 0x804083a
successors: ['0x80409ae']
parents: ['0x80403ea']
type: uncond
adj_instr: 0x804083c
log_idx: 424
log_node.dest_addr: 0x80403de
-----
changed node
start_addr: 0x80409ae
end_addr: 0x80409b8
successors: ['0x80409bc', '0x80403de']
parents: ['0x80405d8', '0x80405e0', '0x80405e8', '0x80405f0', '0x80405f8', '0x8040600', '0x8040608', '0x8040610', '0x8040618', '0x8040620', '0x8040628', '0x8040630', '0x8040638', '0x8040640', '0x8040648', '0x8040650', '0x8040658', '0x8040660', '0x8040668', '0x8040670', '0x8040678', '0x8040680', '0x8040688', '0x8040690', '0x8040698', '0x80406a0', '0x80406a8', '0x80406b0', '0x80406b8', '0x80406c0', '0x80406c8', '0x80406dc', '0x80406e4', '0x80406ec', '0x80406f4', '0x80406fc', '0x8040704', '0x804070c', '0x8040714', '0x804071c', '0x8040724', '0x804072c', '0x8040734', '0x804073c', '0x8040744', '0x804074c', '0x8040754', '0x804075c', '0x8040764', '0x804076c', '0x8040774', '0x804077c', '0x8040784', '0x804078c', '0x8040794', '0x804079c', '0x80407a4', '0x80407ac', '0x80407b4', '0x80407bc', '0x80407c4', '0x80407cc', '0x80407d4', '0x80407dc', '0x80407e4', '0x80407ec', '0x80407f4', '0x80407fc', '0x8040804', '0x804080c', '0x8040814', '0x804081c', '0x8040824', '0x804082c', '0x8040834', '0x804083c', '0x8040844', '0x804084c', '0x8040854', '0x804085c', '0x8040864', '0x804086c', '0x8040874', '0x804087c', '0x8040884', '0x804088c', '0x8040894', '0x804089c', '0x80408a4', '0x80408ac', '0x80408b4', '0x80408bc', '0x80408c4', '0x80408cc', '0x80408d4', '0x80408dc', '0x80408e4', '0x80408ec', '0x80408f4', '0x80408fc', '0x8040904', '0x804090c', '0x8040914', '0x804091c', '0x8040924', '0x804092c', '0x8040934', '0x804093c', '0x8040944', '0x804094c', '0x8040954', '0x804095c', '0x8040964', '0x804096c', '0x8040974', '0x804097c', '0x8040984', '0x804098c', '0x8040994', '0x804099c']
type: cond
adj_instr: 0x80409bc
-----
 
Current node
start_addr: 0x80409ae
end_addr: 0x80409b8
successors: ['0x80409bc', '0x80403de']
parents: ['0x80405d8', '0x80405e0', '0x80405e8', '0x80405f0', '0x80405f8', '0x8040600', '0x8040608', '0x8040610', '0x8040618', '0x8040620', '0x8040628', '0x8040630', '0x8040638', '0x8040640', '0x8040648', '0x8040650', '0x8040658', '0x8040660', '0x8040668', '0x8040670', '0x8040678', '0x8040680', '0x8040688', '0x8040690', '0x8040698', '0x80406a0', '0x80406a8', '0x80406b0', '0x80406b8', '0x80406c0', '0x80406c8', '0x80406dc', '0x80406e4', '0x80406ec', '0x80406f4', '0x80406fc', '0x8040704', '0x804070c', '0x8040714', '0x804071c', '0x8040724', '0x804072c', '0x8040734', '0x804073c', '0x8040744', '0x804074c', '0x8040754', '0x804075c', '0x8040764', '0x804076c', '0x8040774', '0x804077c', '0x8040784', '0x804078c', '0x8040794', '0x804079c', '0x80407a4', '0x80407ac', '0x80407b4', '0x80407bc', '0x80407c4', '0x80407cc', '0x80407d4', '0x80407dc', '0x80407e4', '0x80407ec', '0x80407f4', '0x80407fc', '0x8040804', '0x804080c', '0x8040814', '0x804081c', '0x8040824', '0x804082c', '0x8040834', '0x804083c', '0x8040844', '0x804084c', '0x8040854', '0x804085c', '0x8040864', '0x804086c', '0x8040874', '0x804087c', '0x8040884', '0x804088c', '0x8040894', '0x804089c', '0x80408a4', '0x80408ac', '0x80408b4', '0x80408bc', '0x80408c4', '0x80408cc', '0x80408d4', '0x80408dc', '0x80408e4', '0x80408ec', '0x80408f4', '0x80408fc', '0x8040904', '0x804090c', '0x8040914', '0x804091c', '0x8040924', '0x804092c', '0x8040934', '0x804093c', '0x8040944', '0x804094c', '0x8040954', '0x804095c', '0x8040964', '0x804096c', '0x8040974', '0x804097c', '0x8040984', '0x804098c', '0x8040994', '0x804099c']
type: cond
adj_instr: 0x80409bc
log_idx: 424
log_node.dest_addr: 0x80403de
 
Current node
start_addr: 0x80403de
end_addr: 0x80403e6
successors: ['0x80403ea', '0x80409a4']
parents: ['0x80409a4', '0x80409b4', '0x80409ae']
type: cond
adj_instr: 0x80403ea
log_idx: 425
log_node.dest_addr: 0x80403ea
 
Current node
start_addr: 0x80403ea
end_addr: 0x80403f4
successors: ['0x80405d8', '0x80405e0', '0x80405e8', '0x80405f0', '0x80405f8', '0x8040600', '0x8040608', '0x8040610', '0x8040618', '0x8040620', '0x8040628', '0x8040630', '0x8040638', '0x8040640', '0x8040648', '0x8040650', '0x8040658', '0x8040660', '0x8040668', '0x8040670', '0x8040678', '0x8040680', '0x8040688', '0x8040690', '0x8040698', '0x80406a0', '0x80406a8', '0x80406b0', '0x80406b8', '0x80406c0', '0x80406c8', '0x80406dc', '0x80406e4', '0x80406ec', '0x80406f4', '0x80406fc', '0x8040704', '0x804070c', '0x8040714', '0x804071c', '0x8040724', '0x804072c', '0x8040734', '0x804073c', '0x8040744', '0x804074c', '0x8040754', '0x804075c', '0x8040764', '0x804076c', '0x8040774', '0x804077c', '0x8040784', '0x804078c', '0x8040794', '0x804079c', '0x80407a4', '0x80407ac', '0x80407b4', '0x80407bc', '0x80407c4', '0x80407cc', '0x80407d4', '0x80407dc', '0x80407e4', '0x80407ec', '0x80407f4', '0x80407fc', '0x8040804', '0x804080c', '0x8040814', '0x804081c', '0x8040824', '0x804082c', '0x8040834', '0x804083c', '0x8040844', '0x804084c', '0x8040854', '0x804085c', '0x8040864', '0x804086c', '0x8040874', '0x804087c', '0x8040884', '0x804088c', '0x8040894', '0x804089c', '0x80408a4', '0x80408ac', '0x80408b4', '0x80408bc', '0x80408c4', '0x80408cc', '0x80408d4', '0x80408dc', '0x80408e4', '0x80408ec', '0x80408f4', '0x80408fc', '0x8040904', '0x804090c', '0x8040914', '0x804091c', '0x8040924', '0x804092c', '0x8040934', '0x804093c', '0x8040944', '0x804094c', '0x8040954', '0x804095c', '0x8040964', '0x804096c', '0x8040974', '0x804097c', '0x8040984', '0x804098c', '0x8040994', '0x804099c']
parents: ['0x80403de']
type: uncond
adj_instr: 0x80405d8
log_idx: 426
log_node.dest_addr: 0x804083c
 
Current node
start_addr: 0x804083c
end_addr: 0x8040842
successors: ['0x80409ae']
parents: ['0x80403ea']
type: uncond
adj_instr: 0x8040844
log_idx: 427
log_node.dest_addr: 0x80403de
-----
changed node
start_addr: 0x80409ae
end_addr: 0x80409b8
successors: ['0x80409bc', '0x80403de']
parents: ['0x80405d8', '0x80405e0', '0x80405e8', '0x80405f0', '0x80405f8', '0x8040600', '0x8040608', '0x8040610', '0x8040618', '0x8040620', '0x8040628', '0x8040630', '0x8040638', '0x8040640', '0x8040648', '0x8040650', '0x8040658', '0x8040660', '0x8040668', '0x8040670', '0x8040678', '0x8040680', '0x8040688', '0x8040690', '0x8040698', '0x80406a0', '0x80406a8', '0x80406b0', '0x80406b8', '0x80406c0', '0x80406c8', '0x80406dc', '0x80406e4', '0x80406ec', '0x80406f4', '0x80406fc', '0x8040704', '0x804070c', '0x8040714', '0x804071c', '0x8040724', '0x804072c', '0x8040734', '0x804073c', '0x8040744', '0x804074c', '0x8040754', '0x804075c', '0x8040764', '0x804076c', '0x8040774', '0x804077c', '0x8040784', '0x804078c', '0x8040794', '0x804079c', '0x80407a4', '0x80407ac', '0x80407b4', '0x80407bc', '0x80407c4', '0x80407cc', '0x80407d4', '0x80407dc', '0x80407e4', '0x80407ec', '0x80407f4', '0x80407fc', '0x8040804', '0x804080c', '0x8040814', '0x804081c', '0x8040824', '0x804082c', '0x8040834', '0x804083c', '0x8040844', '0x804084c', '0x8040854', '0x804085c', '0x8040864', '0x804086c', '0x8040874', '0x804087c', '0x8040884', '0x804088c', '0x8040894', '0x804089c', '0x80408a4', '0x80408ac', '0x80408b4', '0x80408bc', '0x80408c4', '0x80408cc', '0x80408d4', '0x80408dc', '0x80408e4', '0x80408ec', '0x80408f4', '0x80408fc', '0x8040904', '0x804090c', '0x8040914', '0x804091c', '0x8040924', '0x804092c', '0x8040934', '0x804093c', '0x8040944', '0x804094c', '0x8040954', '0x804095c', '0x8040964', '0x804096c', '0x8040974', '0x804097c', '0x8040984', '0x804098c', '0x8040994', '0x804099c']
type: cond
adj_instr: 0x80409bc
-----
 
Current node
start_addr: 0x80409ae
end_addr: 0x80409b8
successors: ['0x80409bc', '0x80403de']
parents: ['0x80405d8', '0x80405e0', '0x80405e8', '0x80405f0', '0x80405f8', '0x8040600', '0x8040608', '0x8040610', '0x8040618', '0x8040620', '0x8040628', '0x8040630', '0x8040638', '0x8040640', '0x8040648', '0x8040650', '0x8040658', '0x8040660', '0x8040668', '0x8040670', '0x8040678', '0x8040680', '0x8040688', '0x8040690', '0x8040698', '0x80406a0', '0x80406a8', '0x80406b0', '0x80406b8', '0x80406c0', '0x80406c8', '0x80406dc', '0x80406e4', '0x80406ec', '0x80406f4', '0x80406fc', '0x8040704', '0x804070c', '0x8040714', '0x804071c', '0x8040724', '0x804072c', '0x8040734', '0x804073c', '0x8040744', '0x804074c', '0x8040754', '0x804075c', '0x8040764', '0x804076c', '0x8040774', '0x804077c', '0x8040784', '0x804078c', '0x8040794', '0x804079c', '0x80407a4', '0x80407ac', '0x80407b4', '0x80407bc', '0x80407c4', '0x80407cc', '0x80407d4', '0x80407dc', '0x80407e4', '0x80407ec', '0x80407f4', '0x80407fc', '0x8040804', '0x804080c', '0x8040814', '0x804081c', '0x8040824', '0x804082c', '0x8040834', '0x804083c', '0x8040844', '0x804084c', '0x8040854', '0x804085c', '0x8040864', '0x804086c', '0x8040874', '0x804087c', '0x8040884', '0x804088c', '0x8040894', '0x804089c', '0x80408a4', '0x80408ac', '0x80408b4', '0x80408bc', '0x80408c4', '0x80408cc', '0x80408d4', '0x80408dc', '0x80408e4', '0x80408ec', '0x80408f4', '0x80408fc', '0x8040904', '0x804090c', '0x8040914', '0x804091c', '0x8040924', '0x804092c', '0x8040934', '0x804093c', '0x8040944', '0x804094c', '0x8040954', '0x804095c', '0x8040964', '0x804096c', '0x8040974', '0x804097c', '0x8040984', '0x804098c', '0x8040994', '0x804099c']
type: cond
adj_instr: 0x80409bc
log_idx: 427
log_node.dest_addr: 0x80403de
 
Current node
start_addr: 0x80403de
end_addr: 0x80403e6
successors: ['0x80403ea', '0x80409a4']
parents: ['0x80409a4', '0x80409b4', '0x80409ae']
type: cond
adj_instr: 0x80403ea
log_idx: 428
log_node.dest_addr: 0x80403ea
 
Current node
start_addr: 0x80403ea
end_addr: 0x80403f4
successors: ['0x80405d8', '0x80405e0', '0x80405e8', '0x80405f0', '0x80405f8', '0x8040600', '0x8040608', '0x8040610', '0x8040618', '0x8040620', '0x8040628', '0x8040630', '0x8040638', '0x8040640', '0x8040648', '0x8040650', '0x8040658', '0x8040660', '0x8040668', '0x8040670', '0x8040678', '0x8040680', '0x8040688', '0x8040690', '0x8040698', '0x80406a0', '0x80406a8', '0x80406b0', '0x80406b8', '0x80406c0', '0x80406c8', '0x80406dc', '0x80406e4', '0x80406ec', '0x80406f4', '0x80406fc', '0x8040704', '0x804070c', '0x8040714', '0x804071c', '0x8040724', '0x804072c', '0x8040734', '0x804073c', '0x8040744', '0x804074c', '0x8040754', '0x804075c', '0x8040764', '0x804076c', '0x8040774', '0x804077c', '0x8040784', '0x804078c', '0x8040794', '0x804079c', '0x80407a4', '0x80407ac', '0x80407b4', '0x80407bc', '0x80407c4', '0x80407cc', '0x80407d4', '0x80407dc', '0x80407e4', '0x80407ec', '0x80407f4', '0x80407fc', '0x8040804', '0x804080c', '0x8040814', '0x804081c', '0x8040824', '0x804082c', '0x8040834', '0x804083c', '0x8040844', '0x804084c', '0x8040854', '0x804085c', '0x8040864', '0x804086c', '0x8040874', '0x804087c', '0x8040884', '0x804088c', '0x8040894', '0x804089c', '0x80408a4', '0x80408ac', '0x80408b4', '0x80408bc', '0x80408c4', '0x80408cc', '0x80408d4', '0x80408dc', '0x80408e4', '0x80408ec', '0x80408f4', '0x80408fc', '0x8040904', '0x804090c', '0x8040914', '0x804091c', '0x8040924', '0x804092c', '0x8040934', '0x804093c', '0x8040944', '0x804094c', '0x8040954', '0x804095c', '0x8040964', '0x804096c', '0x8040974', '0x804097c', '0x8040984', '0x804098c', '0x8040994', '0x804099c']
parents: ['0x80403de']
type: uncond
adj_instr: 0x80405d8
log_idx: 429
log_node.dest_addr: 0x8040844
 
Current node
start_addr: 0x8040844
end_addr: 0x804084a
successors: ['0x80409ae']
parents: ['0x80403ea']
type: uncond
adj_instr: 0x804084c
log_idx: 430
log_node.dest_addr: 0x80403de
-----
changed node
start_addr: 0x80409ae
end_addr: 0x80409b8
successors: ['0x80409bc', '0x80403de']
parents: ['0x80405d8', '0x80405e0', '0x80405e8', '0x80405f0', '0x80405f8', '0x8040600', '0x8040608', '0x8040610', '0x8040618', '0x8040620', '0x8040628', '0x8040630', '0x8040638', '0x8040640', '0x8040648', '0x8040650', '0x8040658', '0x8040660', '0x8040668', '0x8040670', '0x8040678', '0x8040680', '0x8040688', '0x8040690', '0x8040698', '0x80406a0', '0x80406a8', '0x80406b0', '0x80406b8', '0x80406c0', '0x80406c8', '0x80406dc', '0x80406e4', '0x80406ec', '0x80406f4', '0x80406fc', '0x8040704', '0x804070c', '0x8040714', '0x804071c', '0x8040724', '0x804072c', '0x8040734', '0x804073c', '0x8040744', '0x804074c', '0x8040754', '0x804075c', '0x8040764', '0x804076c', '0x8040774', '0x804077c', '0x8040784', '0x804078c', '0x8040794', '0x804079c', '0x80407a4', '0x80407ac', '0x80407b4', '0x80407bc', '0x80407c4', '0x80407cc', '0x80407d4', '0x80407dc', '0x80407e4', '0x80407ec', '0x80407f4', '0x80407fc', '0x8040804', '0x804080c', '0x8040814', '0x804081c', '0x8040824', '0x804082c', '0x8040834', '0x804083c', '0x8040844', '0x804084c', '0x8040854', '0x804085c', '0x8040864', '0x804086c', '0x8040874', '0x804087c', '0x8040884', '0x804088c', '0x8040894', '0x804089c', '0x80408a4', '0x80408ac', '0x80408b4', '0x80408bc', '0x80408c4', '0x80408cc', '0x80408d4', '0x80408dc', '0x80408e4', '0x80408ec', '0x80408f4', '0x80408fc', '0x8040904', '0x804090c', '0x8040914', '0x804091c', '0x8040924', '0x804092c', '0x8040934', '0x804093c', '0x8040944', '0x804094c', '0x8040954', '0x804095c', '0x8040964', '0x804096c', '0x8040974', '0x804097c', '0x8040984', '0x804098c', '0x8040994', '0x804099c']
type: cond
adj_instr: 0x80409bc
-----
 
Current node
start_addr: 0x80409ae
end_addr: 0x80409b8
successors: ['0x80409bc', '0x80403de']
parents: ['0x80405d8', '0x80405e0', '0x80405e8', '0x80405f0', '0x80405f8', '0x8040600', '0x8040608', '0x8040610', '0x8040618', '0x8040620', '0x8040628', '0x8040630', '0x8040638', '0x8040640', '0x8040648', '0x8040650', '0x8040658', '0x8040660', '0x8040668', '0x8040670', '0x8040678', '0x8040680', '0x8040688', '0x8040690', '0x8040698', '0x80406a0', '0x80406a8', '0x80406b0', '0x80406b8', '0x80406c0', '0x80406c8', '0x80406dc', '0x80406e4', '0x80406ec', '0x80406f4', '0x80406fc', '0x8040704', '0x804070c', '0x8040714', '0x804071c', '0x8040724', '0x804072c', '0x8040734', '0x804073c', '0x8040744', '0x804074c', '0x8040754', '0x804075c', '0x8040764', '0x804076c', '0x8040774', '0x804077c', '0x8040784', '0x804078c', '0x8040794', '0x804079c', '0x80407a4', '0x80407ac', '0x80407b4', '0x80407bc', '0x80407c4', '0x80407cc', '0x80407d4', '0x80407dc', '0x80407e4', '0x80407ec', '0x80407f4', '0x80407fc', '0x8040804', '0x804080c', '0x8040814', '0x804081c', '0x8040824', '0x804082c', '0x8040834', '0x804083c', '0x8040844', '0x804084c', '0x8040854', '0x804085c', '0x8040864', '0x804086c', '0x8040874', '0x804087c', '0x8040884', '0x804088c', '0x8040894', '0x804089c', '0x80408a4', '0x80408ac', '0x80408b4', '0x80408bc', '0x80408c4', '0x80408cc', '0x80408d4', '0x80408dc', '0x80408e4', '0x80408ec', '0x80408f4', '0x80408fc', '0x8040904', '0x804090c', '0x8040914', '0x804091c', '0x8040924', '0x804092c', '0x8040934', '0x804093c', '0x8040944', '0x804094c', '0x8040954', '0x804095c', '0x8040964', '0x804096c', '0x8040974', '0x804097c', '0x8040984', '0x804098c', '0x8040994', '0x804099c']
type: cond
adj_instr: 0x80409bc
log_idx: 430
log_node.dest_addr: 0x80403de
 
Current node
start_addr: 0x80403de
end_addr: 0x80403e6
successors: ['0x80403ea', '0x80409a4']
parents: ['0x80409a4', '0x80409b4', '0x80409ae']
type: cond
adj_instr: 0x80403ea
log_idx: 431
log_node.dest_addr: 0x80403ea
 
Current node
start_addr: 0x80403ea
end_addr: 0x80403f4
successors: ['0x80405d8', '0x80405e0', '0x80405e8', '0x80405f0', '0x80405f8', '0x8040600', '0x8040608', '0x8040610', '0x8040618', '0x8040620', '0x8040628', '0x8040630', '0x8040638', '0x8040640', '0x8040648', '0x8040650', '0x8040658', '0x8040660', '0x8040668', '0x8040670', '0x8040678', '0x8040680', '0x8040688', '0x8040690', '0x8040698', '0x80406a0', '0x80406a8', '0x80406b0', '0x80406b8', '0x80406c0', '0x80406c8', '0x80406dc', '0x80406e4', '0x80406ec', '0x80406f4', '0x80406fc', '0x8040704', '0x804070c', '0x8040714', '0x804071c', '0x8040724', '0x804072c', '0x8040734', '0x804073c', '0x8040744', '0x804074c', '0x8040754', '0x804075c', '0x8040764', '0x804076c', '0x8040774', '0x804077c', '0x8040784', '0x804078c', '0x8040794', '0x804079c', '0x80407a4', '0x80407ac', '0x80407b4', '0x80407bc', '0x80407c4', '0x80407cc', '0x80407d4', '0x80407dc', '0x80407e4', '0x80407ec', '0x80407f4', '0x80407fc', '0x8040804', '0x804080c', '0x8040814', '0x804081c', '0x8040824', '0x804082c', '0x8040834', '0x804083c', '0x8040844', '0x804084c', '0x8040854', '0x804085c', '0x8040864', '0x804086c', '0x8040874', '0x804087c', '0x8040884', '0x804088c', '0x8040894', '0x804089c', '0x80408a4', '0x80408ac', '0x80408b4', '0x80408bc', '0x80408c4', '0x80408cc', '0x80408d4', '0x80408dc', '0x80408e4', '0x80408ec', '0x80408f4', '0x80408fc', '0x8040904', '0x804090c', '0x8040914', '0x804091c', '0x8040924', '0x804092c', '0x8040934', '0x804093c', '0x8040944', '0x804094c', '0x8040954', '0x804095c', '0x8040964', '0x804096c', '0x8040974', '0x804097c', '0x8040984', '0x804098c', '0x8040994', '0x804099c']
parents: ['0x80403de']
type: uncond
adj_instr: 0x80405d8
log_idx: 432
log_node.dest_addr: 0x804084c
 
Current node
start_addr: 0x804084c
end_addr: 0x8040852
successors: ['0x80409ae']
parents: ['0x80403ea']
type: uncond
adj_instr: 0x8040854
log_idx: 433
log_node.dest_addr: 0x80403de
-----
changed node
start_addr: 0x80409ae
end_addr: 0x80409b8
successors: ['0x80409bc', '0x80403de']
parents: ['0x80405d8', '0x80405e0', '0x80405e8', '0x80405f0', '0x80405f8', '0x8040600', '0x8040608', '0x8040610', '0x8040618', '0x8040620', '0x8040628', '0x8040630', '0x8040638', '0x8040640', '0x8040648', '0x8040650', '0x8040658', '0x8040660', '0x8040668', '0x8040670', '0x8040678', '0x8040680', '0x8040688', '0x8040690', '0x8040698', '0x80406a0', '0x80406a8', '0x80406b0', '0x80406b8', '0x80406c0', '0x80406c8', '0x80406dc', '0x80406e4', '0x80406ec', '0x80406f4', '0x80406fc', '0x8040704', '0x804070c', '0x8040714', '0x804071c', '0x8040724', '0x804072c', '0x8040734', '0x804073c', '0x8040744', '0x804074c', '0x8040754', '0x804075c', '0x8040764', '0x804076c', '0x8040774', '0x804077c', '0x8040784', '0x804078c', '0x8040794', '0x804079c', '0x80407a4', '0x80407ac', '0x80407b4', '0x80407bc', '0x80407c4', '0x80407cc', '0x80407d4', '0x80407dc', '0x80407e4', '0x80407ec', '0x80407f4', '0x80407fc', '0x8040804', '0x804080c', '0x8040814', '0x804081c', '0x8040824', '0x804082c', '0x8040834', '0x804083c', '0x8040844', '0x804084c', '0x8040854', '0x804085c', '0x8040864', '0x804086c', '0x8040874', '0x804087c', '0x8040884', '0x804088c', '0x8040894', '0x804089c', '0x80408a4', '0x80408ac', '0x80408b4', '0x80408bc', '0x80408c4', '0x80408cc', '0x80408d4', '0x80408dc', '0x80408e4', '0x80408ec', '0x80408f4', '0x80408fc', '0x8040904', '0x804090c', '0x8040914', '0x804091c', '0x8040924', '0x804092c', '0x8040934', '0x804093c', '0x8040944', '0x804094c', '0x8040954', '0x804095c', '0x8040964', '0x804096c', '0x8040974', '0x804097c', '0x8040984', '0x804098c', '0x8040994', '0x804099c']
type: cond
adj_instr: 0x80409bc
-----
 
Current node
start_addr: 0x80409ae
end_addr: 0x80409b8
successors: ['0x80409bc', '0x80403de']
parents: ['0x80405d8', '0x80405e0', '0x80405e8', '0x80405f0', '0x80405f8', '0x8040600', '0x8040608', '0x8040610', '0x8040618', '0x8040620', '0x8040628', '0x8040630', '0x8040638', '0x8040640', '0x8040648', '0x8040650', '0x8040658', '0x8040660', '0x8040668', '0x8040670', '0x8040678', '0x8040680', '0x8040688', '0x8040690', '0x8040698', '0x80406a0', '0x80406a8', '0x80406b0', '0x80406b8', '0x80406c0', '0x80406c8', '0x80406dc', '0x80406e4', '0x80406ec', '0x80406f4', '0x80406fc', '0x8040704', '0x804070c', '0x8040714', '0x804071c', '0x8040724', '0x804072c', '0x8040734', '0x804073c', '0x8040744', '0x804074c', '0x8040754', '0x804075c', '0x8040764', '0x804076c', '0x8040774', '0x804077c', '0x8040784', '0x804078c', '0x8040794', '0x804079c', '0x80407a4', '0x80407ac', '0x80407b4', '0x80407bc', '0x80407c4', '0x80407cc', '0x80407d4', '0x80407dc', '0x80407e4', '0x80407ec', '0x80407f4', '0x80407fc', '0x8040804', '0x804080c', '0x8040814', '0x804081c', '0x8040824', '0x804082c', '0x8040834', '0x804083c', '0x8040844', '0x804084c', '0x8040854', '0x804085c', '0x8040864', '0x804086c', '0x8040874', '0x804087c', '0x8040884', '0x804088c', '0x8040894', '0x804089c', '0x80408a4', '0x80408ac', '0x80408b4', '0x80408bc', '0x80408c4', '0x80408cc', '0x80408d4', '0x80408dc', '0x80408e4', '0x80408ec', '0x80408f4', '0x80408fc', '0x8040904', '0x804090c', '0x8040914', '0x804091c', '0x8040924', '0x804092c', '0x8040934', '0x804093c', '0x8040944', '0x804094c', '0x8040954', '0x804095c', '0x8040964', '0x804096c', '0x8040974', '0x804097c', '0x8040984', '0x804098c', '0x8040994', '0x804099c']
type: cond
adj_instr: 0x80409bc
log_idx: 433
log_node.dest_addr: 0x80403de
 
Current node
start_addr: 0x80403de
end_addr: 0x80403e6
successors: ['0x80403ea', '0x80409a4']
parents: ['0x80409a4', '0x80409b4', '0x80409ae']
type: cond
adj_instr: 0x80403ea
log_idx: 434
log_node.dest_addr: 0x80403ea
 
Current node
start_addr: 0x80403ea
end_addr: 0x80403f4
successors: ['0x80405d8', '0x80405e0', '0x80405e8', '0x80405f0', '0x80405f8', '0x8040600', '0x8040608', '0x8040610', '0x8040618', '0x8040620', '0x8040628', '0x8040630', '0x8040638', '0x8040640', '0x8040648', '0x8040650', '0x8040658', '0x8040660', '0x8040668', '0x8040670', '0x8040678', '0x8040680', '0x8040688', '0x8040690', '0x8040698', '0x80406a0', '0x80406a8', '0x80406b0', '0x80406b8', '0x80406c0', '0x80406c8', '0x80406dc', '0x80406e4', '0x80406ec', '0x80406f4', '0x80406fc', '0x8040704', '0x804070c', '0x8040714', '0x804071c', '0x8040724', '0x804072c', '0x8040734', '0x804073c', '0x8040744', '0x804074c', '0x8040754', '0x804075c', '0x8040764', '0x804076c', '0x8040774', '0x804077c', '0x8040784', '0x804078c', '0x8040794', '0x804079c', '0x80407a4', '0x80407ac', '0x80407b4', '0x80407bc', '0x80407c4', '0x80407cc', '0x80407d4', '0x80407dc', '0x80407e4', '0x80407ec', '0x80407f4', '0x80407fc', '0x8040804', '0x804080c', '0x8040814', '0x804081c', '0x8040824', '0x804082c', '0x8040834', '0x804083c', '0x8040844', '0x804084c', '0x8040854', '0x804085c', '0x8040864', '0x804086c', '0x8040874', '0x804087c', '0x8040884', '0x804088c', '0x8040894', '0x804089c', '0x80408a4', '0x80408ac', '0x80408b4', '0x80408bc', '0x80408c4', '0x80408cc', '0x80408d4', '0x80408dc', '0x80408e4', '0x80408ec', '0x80408f4', '0x80408fc', '0x8040904', '0x804090c', '0x8040914', '0x804091c', '0x8040924', '0x804092c', '0x8040934', '0x804093c', '0x8040944', '0x804094c', '0x8040954', '0x804095c', '0x8040964', '0x804096c', '0x8040974', '0x804097c', '0x8040984', '0x804098c', '0x8040994', '0x804099c']
parents: ['0x80403de']
type: uncond
adj_instr: 0x80405d8
log_idx: 435
log_node.dest_addr: 0x8040854
 
Current node
start_addr: 0x8040854
end_addr: 0x804085a
successors: ['0x80409ae']
parents: ['0x80403ea']
type: uncond
adj_instr: 0x804085c
log_idx: 436
log_node.dest_addr: 0x80403de
-----
changed node
start_addr: 0x80409ae
end_addr: 0x80409b8
successors: ['0x80409bc', '0x80403de']
parents: ['0x80405d8', '0x80405e0', '0x80405e8', '0x80405f0', '0x80405f8', '0x8040600', '0x8040608', '0x8040610', '0x8040618', '0x8040620', '0x8040628', '0x8040630', '0x8040638', '0x8040640', '0x8040648', '0x8040650', '0x8040658', '0x8040660', '0x8040668', '0x8040670', '0x8040678', '0x8040680', '0x8040688', '0x8040690', '0x8040698', '0x80406a0', '0x80406a8', '0x80406b0', '0x80406b8', '0x80406c0', '0x80406c8', '0x80406dc', '0x80406e4', '0x80406ec', '0x80406f4', '0x80406fc', '0x8040704', '0x804070c', '0x8040714', '0x804071c', '0x8040724', '0x804072c', '0x8040734', '0x804073c', '0x8040744', '0x804074c', '0x8040754', '0x804075c', '0x8040764', '0x804076c', '0x8040774', '0x804077c', '0x8040784', '0x804078c', '0x8040794', '0x804079c', '0x80407a4', '0x80407ac', '0x80407b4', '0x80407bc', '0x80407c4', '0x80407cc', '0x80407d4', '0x80407dc', '0x80407e4', '0x80407ec', '0x80407f4', '0x80407fc', '0x8040804', '0x804080c', '0x8040814', '0x804081c', '0x8040824', '0x804082c', '0x8040834', '0x804083c', '0x8040844', '0x804084c', '0x8040854', '0x804085c', '0x8040864', '0x804086c', '0x8040874', '0x804087c', '0x8040884', '0x804088c', '0x8040894', '0x804089c', '0x80408a4', '0x80408ac', '0x80408b4', '0x80408bc', '0x80408c4', '0x80408cc', '0x80408d4', '0x80408dc', '0x80408e4', '0x80408ec', '0x80408f4', '0x80408fc', '0x8040904', '0x804090c', '0x8040914', '0x804091c', '0x8040924', '0x804092c', '0x8040934', '0x804093c', '0x8040944', '0x804094c', '0x8040954', '0x804095c', '0x8040964', '0x804096c', '0x8040974', '0x804097c', '0x8040984', '0x804098c', '0x8040994', '0x804099c']
type: cond
adj_instr: 0x80409bc
-----
 
Current node
start_addr: 0x80409ae
end_addr: 0x80409b8
successors: ['0x80409bc', '0x80403de']
parents: ['0x80405d8', '0x80405e0', '0x80405e8', '0x80405f0', '0x80405f8', '0x8040600', '0x8040608', '0x8040610', '0x8040618', '0x8040620', '0x8040628', '0x8040630', '0x8040638', '0x8040640', '0x8040648', '0x8040650', '0x8040658', '0x8040660', '0x8040668', '0x8040670', '0x8040678', '0x8040680', '0x8040688', '0x8040690', '0x8040698', '0x80406a0', '0x80406a8', '0x80406b0', '0x80406b8', '0x80406c0', '0x80406c8', '0x80406dc', '0x80406e4', '0x80406ec', '0x80406f4', '0x80406fc', '0x8040704', '0x804070c', '0x8040714', '0x804071c', '0x8040724', '0x804072c', '0x8040734', '0x804073c', '0x8040744', '0x804074c', '0x8040754', '0x804075c', '0x8040764', '0x804076c', '0x8040774', '0x804077c', '0x8040784', '0x804078c', '0x8040794', '0x804079c', '0x80407a4', '0x80407ac', '0x80407b4', '0x80407bc', '0x80407c4', '0x80407cc', '0x80407d4', '0x80407dc', '0x80407e4', '0x80407ec', '0x80407f4', '0x80407fc', '0x8040804', '0x804080c', '0x8040814', '0x804081c', '0x8040824', '0x804082c', '0x8040834', '0x804083c', '0x8040844', '0x804084c', '0x8040854', '0x804085c', '0x8040864', '0x804086c', '0x8040874', '0x804087c', '0x8040884', '0x804088c', '0x8040894', '0x804089c', '0x80408a4', '0x80408ac', '0x80408b4', '0x80408bc', '0x80408c4', '0x80408cc', '0x80408d4', '0x80408dc', '0x80408e4', '0x80408ec', '0x80408f4', '0x80408fc', '0x8040904', '0x804090c', '0x8040914', '0x804091c', '0x8040924', '0x804092c', '0x8040934', '0x804093c', '0x8040944', '0x804094c', '0x8040954', '0x804095c', '0x8040964', '0x804096c', '0x8040974', '0x804097c', '0x8040984', '0x804098c', '0x8040994', '0x804099c']
type: cond
adj_instr: 0x80409bc
log_idx: 436
log_node.dest_addr: 0x80403de
 
Current node
start_addr: 0x80403de
end_addr: 0x80403e6
successors: ['0x80403ea', '0x80409a4']
parents: ['0x80409a4', '0x80409b4', '0x80409ae']
type: cond
adj_instr: 0x80403ea
log_idx: 437
log_node.dest_addr: 0x80403ea
 
Current node
start_addr: 0x80403ea
end_addr: 0x80403f4
successors: ['0x80405d8', '0x80405e0', '0x80405e8', '0x80405f0', '0x80405f8', '0x8040600', '0x8040608', '0x8040610', '0x8040618', '0x8040620', '0x8040628', '0x8040630', '0x8040638', '0x8040640', '0x8040648', '0x8040650', '0x8040658', '0x8040660', '0x8040668', '0x8040670', '0x8040678', '0x8040680', '0x8040688', '0x8040690', '0x8040698', '0x80406a0', '0x80406a8', '0x80406b0', '0x80406b8', '0x80406c0', '0x80406c8', '0x80406dc', '0x80406e4', '0x80406ec', '0x80406f4', '0x80406fc', '0x8040704', '0x804070c', '0x8040714', '0x804071c', '0x8040724', '0x804072c', '0x8040734', '0x804073c', '0x8040744', '0x804074c', '0x8040754', '0x804075c', '0x8040764', '0x804076c', '0x8040774', '0x804077c', '0x8040784', '0x804078c', '0x8040794', '0x804079c', '0x80407a4', '0x80407ac', '0x80407b4', '0x80407bc', '0x80407c4', '0x80407cc', '0x80407d4', '0x80407dc', '0x80407e4', '0x80407ec', '0x80407f4', '0x80407fc', '0x8040804', '0x804080c', '0x8040814', '0x804081c', '0x8040824', '0x804082c', '0x8040834', '0x804083c', '0x8040844', '0x804084c', '0x8040854', '0x804085c', '0x8040864', '0x804086c', '0x8040874', '0x804087c', '0x8040884', '0x804088c', '0x8040894', '0x804089c', '0x80408a4', '0x80408ac', '0x80408b4', '0x80408bc', '0x80408c4', '0x80408cc', '0x80408d4', '0x80408dc', '0x80408e4', '0x80408ec', '0x80408f4', '0x80408fc', '0x8040904', '0x804090c', '0x8040914', '0x804091c', '0x8040924', '0x804092c', '0x8040934', '0x804093c', '0x8040944', '0x804094c', '0x8040954', '0x804095c', '0x8040964', '0x804096c', '0x8040974', '0x804097c', '0x8040984', '0x804098c', '0x8040994', '0x804099c']
parents: ['0x80403de']
type: uncond
adj_instr: 0x80405d8
log_idx: 438
log_node.dest_addr: 0x804085c
 
Current node
start_addr: 0x804085c
end_addr: 0x8040862
successors: ['0x80409ae']
parents: ['0x80403ea']
type: uncond
adj_instr: 0x8040864
log_idx: 439
log_node.dest_addr: 0x80403de
-----
changed node
start_addr: 0x80409ae
end_addr: 0x80409b8
successors: ['0x80409bc', '0x80403de']
parents: ['0x80405d8', '0x80405e0', '0x80405e8', '0x80405f0', '0x80405f8', '0x8040600', '0x8040608', '0x8040610', '0x8040618', '0x8040620', '0x8040628', '0x8040630', '0x8040638', '0x8040640', '0x8040648', '0x8040650', '0x8040658', '0x8040660', '0x8040668', '0x8040670', '0x8040678', '0x8040680', '0x8040688', '0x8040690', '0x8040698', '0x80406a0', '0x80406a8', '0x80406b0', '0x80406b8', '0x80406c0', '0x80406c8', '0x80406dc', '0x80406e4', '0x80406ec', '0x80406f4', '0x80406fc', '0x8040704', '0x804070c', '0x8040714', '0x804071c', '0x8040724', '0x804072c', '0x8040734', '0x804073c', '0x8040744', '0x804074c', '0x8040754', '0x804075c', '0x8040764', '0x804076c', '0x8040774', '0x804077c', '0x8040784', '0x804078c', '0x8040794', '0x804079c', '0x80407a4', '0x80407ac', '0x80407b4', '0x80407bc', '0x80407c4', '0x80407cc', '0x80407d4', '0x80407dc', '0x80407e4', '0x80407ec', '0x80407f4', '0x80407fc', '0x8040804', '0x804080c', '0x8040814', '0x804081c', '0x8040824', '0x804082c', '0x8040834', '0x804083c', '0x8040844', '0x804084c', '0x8040854', '0x804085c', '0x8040864', '0x804086c', '0x8040874', '0x804087c', '0x8040884', '0x804088c', '0x8040894', '0x804089c', '0x80408a4', '0x80408ac', '0x80408b4', '0x80408bc', '0x80408c4', '0x80408cc', '0x80408d4', '0x80408dc', '0x80408e4', '0x80408ec', '0x80408f4', '0x80408fc', '0x8040904', '0x804090c', '0x8040914', '0x804091c', '0x8040924', '0x804092c', '0x8040934', '0x804093c', '0x8040944', '0x804094c', '0x8040954', '0x804095c', '0x8040964', '0x804096c', '0x8040974', '0x804097c', '0x8040984', '0x804098c', '0x8040994', '0x804099c']
type: cond
adj_instr: 0x80409bc
-----
 
Current node
start_addr: 0x80409ae
end_addr: 0x80409b8
successors: ['0x80409bc', '0x80403de']
parents: ['0x80405d8', '0x80405e0', '0x80405e8', '0x80405f0', '0x80405f8', '0x8040600', '0x8040608', '0x8040610', '0x8040618', '0x8040620', '0x8040628', '0x8040630', '0x8040638', '0x8040640', '0x8040648', '0x8040650', '0x8040658', '0x8040660', '0x8040668', '0x8040670', '0x8040678', '0x8040680', '0x8040688', '0x8040690', '0x8040698', '0x80406a0', '0x80406a8', '0x80406b0', '0x80406b8', '0x80406c0', '0x80406c8', '0x80406dc', '0x80406e4', '0x80406ec', '0x80406f4', '0x80406fc', '0x8040704', '0x804070c', '0x8040714', '0x804071c', '0x8040724', '0x804072c', '0x8040734', '0x804073c', '0x8040744', '0x804074c', '0x8040754', '0x804075c', '0x8040764', '0x804076c', '0x8040774', '0x804077c', '0x8040784', '0x804078c', '0x8040794', '0x804079c', '0x80407a4', '0x80407ac', '0x80407b4', '0x80407bc', '0x80407c4', '0x80407cc', '0x80407d4', '0x80407dc', '0x80407e4', '0x80407ec', '0x80407f4', '0x80407fc', '0x8040804', '0x804080c', '0x8040814', '0x804081c', '0x8040824', '0x804082c', '0x8040834', '0x804083c', '0x8040844', '0x804084c', '0x8040854', '0x804085c', '0x8040864', '0x804086c', '0x8040874', '0x804087c', '0x8040884', '0x804088c', '0x8040894', '0x804089c', '0x80408a4', '0x80408ac', '0x80408b4', '0x80408bc', '0x80408c4', '0x80408cc', '0x80408d4', '0x80408dc', '0x80408e4', '0x80408ec', '0x80408f4', '0x80408fc', '0x8040904', '0x804090c', '0x8040914', '0x804091c', '0x8040924', '0x804092c', '0x8040934', '0x804093c', '0x8040944', '0x804094c', '0x8040954', '0x804095c', '0x8040964', '0x804096c', '0x8040974', '0x804097c', '0x8040984', '0x804098c', '0x8040994', '0x804099c']
type: cond
adj_instr: 0x80409bc
log_idx: 439
log_node.dest_addr: 0x80403de
 
Current node
start_addr: 0x80403de
end_addr: 0x80403e6
successors: ['0x80403ea', '0x80409a4']
parents: ['0x80409a4', '0x80409b4', '0x80409ae']
type: cond
adj_instr: 0x80403ea
log_idx: 440
log_node.dest_addr: 0x80403ea
 
Current node
start_addr: 0x80403ea
end_addr: 0x80403f4
successors: ['0x80405d8', '0x80405e0', '0x80405e8', '0x80405f0', '0x80405f8', '0x8040600', '0x8040608', '0x8040610', '0x8040618', '0x8040620', '0x8040628', '0x8040630', '0x8040638', '0x8040640', '0x8040648', '0x8040650', '0x8040658', '0x8040660', '0x8040668', '0x8040670', '0x8040678', '0x8040680', '0x8040688', '0x8040690', '0x8040698', '0x80406a0', '0x80406a8', '0x80406b0', '0x80406b8', '0x80406c0', '0x80406c8', '0x80406dc', '0x80406e4', '0x80406ec', '0x80406f4', '0x80406fc', '0x8040704', '0x804070c', '0x8040714', '0x804071c', '0x8040724', '0x804072c', '0x8040734', '0x804073c', '0x8040744', '0x804074c', '0x8040754', '0x804075c', '0x8040764', '0x804076c', '0x8040774', '0x804077c', '0x8040784', '0x804078c', '0x8040794', '0x804079c', '0x80407a4', '0x80407ac', '0x80407b4', '0x80407bc', '0x80407c4', '0x80407cc', '0x80407d4', '0x80407dc', '0x80407e4', '0x80407ec', '0x80407f4', '0x80407fc', '0x8040804', '0x804080c', '0x8040814', '0x804081c', '0x8040824', '0x804082c', '0x8040834', '0x804083c', '0x8040844', '0x804084c', '0x8040854', '0x804085c', '0x8040864', '0x804086c', '0x8040874', '0x804087c', '0x8040884', '0x804088c', '0x8040894', '0x804089c', '0x80408a4', '0x80408ac', '0x80408b4', '0x80408bc', '0x80408c4', '0x80408cc', '0x80408d4', '0x80408dc', '0x80408e4', '0x80408ec', '0x80408f4', '0x80408fc', '0x8040904', '0x804090c', '0x8040914', '0x804091c', '0x8040924', '0x804092c', '0x8040934', '0x804093c', '0x8040944', '0x804094c', '0x8040954', '0x804095c', '0x8040964', '0x804096c', '0x8040974', '0x804097c', '0x8040984', '0x804098c', '0x8040994', '0x804099c']
parents: ['0x80403de']
type: uncond
adj_instr: 0x80405d8
log_idx: 441
log_node.dest_addr: 0x8040864
 
Current node
start_addr: 0x8040864
end_addr: 0x804086a
successors: ['0x80409ae']
parents: ['0x80403ea']
type: uncond
adj_instr: 0x804086c
log_idx: 442
log_node.dest_addr: 0x80403de
-----
changed node
start_addr: 0x80409ae
end_addr: 0x80409b8
successors: ['0x80409bc', '0x80403de']
parents: ['0x80405d8', '0x80405e0', '0x80405e8', '0x80405f0', '0x80405f8', '0x8040600', '0x8040608', '0x8040610', '0x8040618', '0x8040620', '0x8040628', '0x8040630', '0x8040638', '0x8040640', '0x8040648', '0x8040650', '0x8040658', '0x8040660', '0x8040668', '0x8040670', '0x8040678', '0x8040680', '0x8040688', '0x8040690', '0x8040698', '0x80406a0', '0x80406a8', '0x80406b0', '0x80406b8', '0x80406c0', '0x80406c8', '0x80406dc', '0x80406e4', '0x80406ec', '0x80406f4', '0x80406fc', '0x8040704', '0x804070c', '0x8040714', '0x804071c', '0x8040724', '0x804072c', '0x8040734', '0x804073c', '0x8040744', '0x804074c', '0x8040754', '0x804075c', '0x8040764', '0x804076c', '0x8040774', '0x804077c', '0x8040784', '0x804078c', '0x8040794', '0x804079c', '0x80407a4', '0x80407ac', '0x80407b4', '0x80407bc', '0x80407c4', '0x80407cc', '0x80407d4', '0x80407dc', '0x80407e4', '0x80407ec', '0x80407f4', '0x80407fc', '0x8040804', '0x804080c', '0x8040814', '0x804081c', '0x8040824', '0x804082c', '0x8040834', '0x804083c', '0x8040844', '0x804084c', '0x8040854', '0x804085c', '0x8040864', '0x804086c', '0x8040874', '0x804087c', '0x8040884', '0x804088c', '0x8040894', '0x804089c', '0x80408a4', '0x80408ac', '0x80408b4', '0x80408bc', '0x80408c4', '0x80408cc', '0x80408d4', '0x80408dc', '0x80408e4', '0x80408ec', '0x80408f4', '0x80408fc', '0x8040904', '0x804090c', '0x8040914', '0x804091c', '0x8040924', '0x804092c', '0x8040934', '0x804093c', '0x8040944', '0x804094c', '0x8040954', '0x804095c', '0x8040964', '0x804096c', '0x8040974', '0x804097c', '0x8040984', '0x804098c', '0x8040994', '0x804099c']
type: cond
adj_instr: 0x80409bc
-----
 
Current node
start_addr: 0x80409ae
end_addr: 0x80409b8
successors: ['0x80409bc', '0x80403de']
parents: ['0x80405d8', '0x80405e0', '0x80405e8', '0x80405f0', '0x80405f8', '0x8040600', '0x8040608', '0x8040610', '0x8040618', '0x8040620', '0x8040628', '0x8040630', '0x8040638', '0x8040640', '0x8040648', '0x8040650', '0x8040658', '0x8040660', '0x8040668', '0x8040670', '0x8040678', '0x8040680', '0x8040688', '0x8040690', '0x8040698', '0x80406a0', '0x80406a8', '0x80406b0', '0x80406b8', '0x80406c0', '0x80406c8', '0x80406dc', '0x80406e4', '0x80406ec', '0x80406f4', '0x80406fc', '0x8040704', '0x804070c', '0x8040714', '0x804071c', '0x8040724', '0x804072c', '0x8040734', '0x804073c', '0x8040744', '0x804074c', '0x8040754', '0x804075c', '0x8040764', '0x804076c', '0x8040774', '0x804077c', '0x8040784', '0x804078c', '0x8040794', '0x804079c', '0x80407a4', '0x80407ac', '0x80407b4', '0x80407bc', '0x80407c4', '0x80407cc', '0x80407d4', '0x80407dc', '0x80407e4', '0x80407ec', '0x80407f4', '0x80407fc', '0x8040804', '0x804080c', '0x8040814', '0x804081c', '0x8040824', '0x804082c', '0x8040834', '0x804083c', '0x8040844', '0x804084c', '0x8040854', '0x804085c', '0x8040864', '0x804086c', '0x8040874', '0x804087c', '0x8040884', '0x804088c', '0x8040894', '0x804089c', '0x80408a4', '0x80408ac', '0x80408b4', '0x80408bc', '0x80408c4', '0x80408cc', '0x80408d4', '0x80408dc', '0x80408e4', '0x80408ec', '0x80408f4', '0x80408fc', '0x8040904', '0x804090c', '0x8040914', '0x804091c', '0x8040924', '0x804092c', '0x8040934', '0x804093c', '0x8040944', '0x804094c', '0x8040954', '0x804095c', '0x8040964', '0x804096c', '0x8040974', '0x804097c', '0x8040984', '0x804098c', '0x8040994', '0x804099c']
type: cond
adj_instr: 0x80409bc
log_idx: 442
log_node.dest_addr: 0x80403de
 
Current node
start_addr: 0x80403de
end_addr: 0x80403e6
successors: ['0x80403ea', '0x80409a4']
parents: ['0x80409a4', '0x80409b4', '0x80409ae']
type: cond
adj_instr: 0x80403ea
log_idx: 443
log_node.dest_addr: 0x80403ea
 
Current node
start_addr: 0x80403ea
end_addr: 0x80403f4
successors: ['0x80405d8', '0x80405e0', '0x80405e8', '0x80405f0', '0x80405f8', '0x8040600', '0x8040608', '0x8040610', '0x8040618', '0x8040620', '0x8040628', '0x8040630', '0x8040638', '0x8040640', '0x8040648', '0x8040650', '0x8040658', '0x8040660', '0x8040668', '0x8040670', '0x8040678', '0x8040680', '0x8040688', '0x8040690', '0x8040698', '0x80406a0', '0x80406a8', '0x80406b0', '0x80406b8', '0x80406c0', '0x80406c8', '0x80406dc', '0x80406e4', '0x80406ec', '0x80406f4', '0x80406fc', '0x8040704', '0x804070c', '0x8040714', '0x804071c', '0x8040724', '0x804072c', '0x8040734', '0x804073c', '0x8040744', '0x804074c', '0x8040754', '0x804075c', '0x8040764', '0x804076c', '0x8040774', '0x804077c', '0x8040784', '0x804078c', '0x8040794', '0x804079c', '0x80407a4', '0x80407ac', '0x80407b4', '0x80407bc', '0x80407c4', '0x80407cc', '0x80407d4', '0x80407dc', '0x80407e4', '0x80407ec', '0x80407f4', '0x80407fc', '0x8040804', '0x804080c', '0x8040814', '0x804081c', '0x8040824', '0x804082c', '0x8040834', '0x804083c', '0x8040844', '0x804084c', '0x8040854', '0x804085c', '0x8040864', '0x804086c', '0x8040874', '0x804087c', '0x8040884', '0x804088c', '0x8040894', '0x804089c', '0x80408a4', '0x80408ac', '0x80408b4', '0x80408bc', '0x80408c4', '0x80408cc', '0x80408d4', '0x80408dc', '0x80408e4', '0x80408ec', '0x80408f4', '0x80408fc', '0x8040904', '0x804090c', '0x8040914', '0x804091c', '0x8040924', '0x804092c', '0x8040934', '0x804093c', '0x8040944', '0x804094c', '0x8040954', '0x804095c', '0x8040964', '0x804096c', '0x8040974', '0x804097c', '0x8040984', '0x804098c', '0x8040994', '0x804099c']
parents: ['0x80403de']
type: uncond
adj_instr: 0x80405d8
log_idx: 444
log_node.dest_addr: 0x804086c
 
Current node
start_addr: 0x804086c
end_addr: 0x8040872
successors: ['0x80409ae']
parents: ['0x80403ea']
type: uncond
adj_instr: 0x8040874
log_idx: 445
log_node.dest_addr: 0x80403de
-----
changed node
start_addr: 0x80409ae
end_addr: 0x80409b8
successors: ['0x80409bc', '0x80403de']
parents: ['0x80405d8', '0x80405e0', '0x80405e8', '0x80405f0', '0x80405f8', '0x8040600', '0x8040608', '0x8040610', '0x8040618', '0x8040620', '0x8040628', '0x8040630', '0x8040638', '0x8040640', '0x8040648', '0x8040650', '0x8040658', '0x8040660', '0x8040668', '0x8040670', '0x8040678', '0x8040680', '0x8040688', '0x8040690', '0x8040698', '0x80406a0', '0x80406a8', '0x80406b0', '0x80406b8', '0x80406c0', '0x80406c8', '0x80406dc', '0x80406e4', '0x80406ec', '0x80406f4', '0x80406fc', '0x8040704', '0x804070c', '0x8040714', '0x804071c', '0x8040724', '0x804072c', '0x8040734', '0x804073c', '0x8040744', '0x804074c', '0x8040754', '0x804075c', '0x8040764', '0x804076c', '0x8040774', '0x804077c', '0x8040784', '0x804078c', '0x8040794', '0x804079c', '0x80407a4', '0x80407ac', '0x80407b4', '0x80407bc', '0x80407c4', '0x80407cc', '0x80407d4', '0x80407dc', '0x80407e4', '0x80407ec', '0x80407f4', '0x80407fc', '0x8040804', '0x804080c', '0x8040814', '0x804081c', '0x8040824', '0x804082c', '0x8040834', '0x804083c', '0x8040844', '0x804084c', '0x8040854', '0x804085c', '0x8040864', '0x804086c', '0x8040874', '0x804087c', '0x8040884', '0x804088c', '0x8040894', '0x804089c', '0x80408a4', '0x80408ac', '0x80408b4', '0x80408bc', '0x80408c4', '0x80408cc', '0x80408d4', '0x80408dc', '0x80408e4', '0x80408ec', '0x80408f4', '0x80408fc', '0x8040904', '0x804090c', '0x8040914', '0x804091c', '0x8040924', '0x804092c', '0x8040934', '0x804093c', '0x8040944', '0x804094c', '0x8040954', '0x804095c', '0x8040964', '0x804096c', '0x8040974', '0x804097c', '0x8040984', '0x804098c', '0x8040994', '0x804099c']
type: cond
adj_instr: 0x80409bc
-----
 
Current node
start_addr: 0x80409ae
end_addr: 0x80409b8
successors: ['0x80409bc', '0x80403de']
parents: ['0x80405d8', '0x80405e0', '0x80405e8', '0x80405f0', '0x80405f8', '0x8040600', '0x8040608', '0x8040610', '0x8040618', '0x8040620', '0x8040628', '0x8040630', '0x8040638', '0x8040640', '0x8040648', '0x8040650', '0x8040658', '0x8040660', '0x8040668', '0x8040670', '0x8040678', '0x8040680', '0x8040688', '0x8040690', '0x8040698', '0x80406a0', '0x80406a8', '0x80406b0', '0x80406b8', '0x80406c0', '0x80406c8', '0x80406dc', '0x80406e4', '0x80406ec', '0x80406f4', '0x80406fc', '0x8040704', '0x804070c', '0x8040714', '0x804071c', '0x8040724', '0x804072c', '0x8040734', '0x804073c', '0x8040744', '0x804074c', '0x8040754', '0x804075c', '0x8040764', '0x804076c', '0x8040774', '0x804077c', '0x8040784', '0x804078c', '0x8040794', '0x804079c', '0x80407a4', '0x80407ac', '0x80407b4', '0x80407bc', '0x80407c4', '0x80407cc', '0x80407d4', '0x80407dc', '0x80407e4', '0x80407ec', '0x80407f4', '0x80407fc', '0x8040804', '0x804080c', '0x8040814', '0x804081c', '0x8040824', '0x804082c', '0x8040834', '0x804083c', '0x8040844', '0x804084c', '0x8040854', '0x804085c', '0x8040864', '0x804086c', '0x8040874', '0x804087c', '0x8040884', '0x804088c', '0x8040894', '0x804089c', '0x80408a4', '0x80408ac', '0x80408b4', '0x80408bc', '0x80408c4', '0x80408cc', '0x80408d4', '0x80408dc', '0x80408e4', '0x80408ec', '0x80408f4', '0x80408fc', '0x8040904', '0x804090c', '0x8040914', '0x804091c', '0x8040924', '0x804092c', '0x8040934', '0x804093c', '0x8040944', '0x804094c', '0x8040954', '0x804095c', '0x8040964', '0x804096c', '0x8040974', '0x804097c', '0x8040984', '0x804098c', '0x8040994', '0x804099c']
type: cond
adj_instr: 0x80409bc
log_idx: 445
log_node.dest_addr: 0x80403de
 
Current node
start_addr: 0x80403de
end_addr: 0x80403e6
successors: ['0x80403ea', '0x80409a4']
parents: ['0x80409a4', '0x80409b4', '0x80409ae']
type: cond
adj_instr: 0x80403ea
log_idx: 446
log_node.dest_addr: 0x80403ea
 
Current node
start_addr: 0x80403ea
end_addr: 0x80403f4
successors: ['0x80405d8', '0x80405e0', '0x80405e8', '0x80405f0', '0x80405f8', '0x8040600', '0x8040608', '0x8040610', '0x8040618', '0x8040620', '0x8040628', '0x8040630', '0x8040638', '0x8040640', '0x8040648', '0x8040650', '0x8040658', '0x8040660', '0x8040668', '0x8040670', '0x8040678', '0x8040680', '0x8040688', '0x8040690', '0x8040698', '0x80406a0', '0x80406a8', '0x80406b0', '0x80406b8', '0x80406c0', '0x80406c8', '0x80406dc', '0x80406e4', '0x80406ec', '0x80406f4', '0x80406fc', '0x8040704', '0x804070c', '0x8040714', '0x804071c', '0x8040724', '0x804072c', '0x8040734', '0x804073c', '0x8040744', '0x804074c', '0x8040754', '0x804075c', '0x8040764', '0x804076c', '0x8040774', '0x804077c', '0x8040784', '0x804078c', '0x8040794', '0x804079c', '0x80407a4', '0x80407ac', '0x80407b4', '0x80407bc', '0x80407c4', '0x80407cc', '0x80407d4', '0x80407dc', '0x80407e4', '0x80407ec', '0x80407f4', '0x80407fc', '0x8040804', '0x804080c', '0x8040814', '0x804081c', '0x8040824', '0x804082c', '0x8040834', '0x804083c', '0x8040844', '0x804084c', '0x8040854', '0x804085c', '0x8040864', '0x804086c', '0x8040874', '0x804087c', '0x8040884', '0x804088c', '0x8040894', '0x804089c', '0x80408a4', '0x80408ac', '0x80408b4', '0x80408bc', '0x80408c4', '0x80408cc', '0x80408d4', '0x80408dc', '0x80408e4', '0x80408ec', '0x80408f4', '0x80408fc', '0x8040904', '0x804090c', '0x8040914', '0x804091c', '0x8040924', '0x804092c', '0x8040934', '0x804093c', '0x8040944', '0x804094c', '0x8040954', '0x804095c', '0x8040964', '0x804096c', '0x8040974', '0x804097c', '0x8040984', '0x804098c', '0x8040994', '0x804099c']
parents: ['0x80403de']
type: uncond
adj_instr: 0x80405d8
log_idx: 447
log_node.dest_addr: 0x8040874
 
Current node
start_addr: 0x8040874
end_addr: 0x804087a
successors: ['0x80409ae']
parents: ['0x80403ea']
type: uncond
adj_instr: 0x804087c
log_idx: 448
log_node.dest_addr: 0x80403de
-----
changed node
start_addr: 0x80409ae
end_addr: 0x80409b8
successors: ['0x80409bc', '0x80403de']
parents: ['0x80405d8', '0x80405e0', '0x80405e8', '0x80405f0', '0x80405f8', '0x8040600', '0x8040608', '0x8040610', '0x8040618', '0x8040620', '0x8040628', '0x8040630', '0x8040638', '0x8040640', '0x8040648', '0x8040650', '0x8040658', '0x8040660', '0x8040668', '0x8040670', '0x8040678', '0x8040680', '0x8040688', '0x8040690', '0x8040698', '0x80406a0', '0x80406a8', '0x80406b0', '0x80406b8', '0x80406c0', '0x80406c8', '0x80406dc', '0x80406e4', '0x80406ec', '0x80406f4', '0x80406fc', '0x8040704', '0x804070c', '0x8040714', '0x804071c', '0x8040724', '0x804072c', '0x8040734', '0x804073c', '0x8040744', '0x804074c', '0x8040754', '0x804075c', '0x8040764', '0x804076c', '0x8040774', '0x804077c', '0x8040784', '0x804078c', '0x8040794', '0x804079c', '0x80407a4', '0x80407ac', '0x80407b4', '0x80407bc', '0x80407c4', '0x80407cc', '0x80407d4', '0x80407dc', '0x80407e4', '0x80407ec', '0x80407f4', '0x80407fc', '0x8040804', '0x804080c', '0x8040814', '0x804081c', '0x8040824', '0x804082c', '0x8040834', '0x804083c', '0x8040844', '0x804084c', '0x8040854', '0x804085c', '0x8040864', '0x804086c', '0x8040874', '0x804087c', '0x8040884', '0x804088c', '0x8040894', '0x804089c', '0x80408a4', '0x80408ac', '0x80408b4', '0x80408bc', '0x80408c4', '0x80408cc', '0x80408d4', '0x80408dc', '0x80408e4', '0x80408ec', '0x80408f4', '0x80408fc', '0x8040904', '0x804090c', '0x8040914', '0x804091c', '0x8040924', '0x804092c', '0x8040934', '0x804093c', '0x8040944', '0x804094c', '0x8040954', '0x804095c', '0x8040964', '0x804096c', '0x8040974', '0x804097c', '0x8040984', '0x804098c', '0x8040994', '0x804099c']
type: cond
adj_instr: 0x80409bc
-----
 
Current node
start_addr: 0x80409ae
end_addr: 0x80409b8
successors: ['0x80409bc', '0x80403de']
parents: ['0x80405d8', '0x80405e0', '0x80405e8', '0x80405f0', '0x80405f8', '0x8040600', '0x8040608', '0x8040610', '0x8040618', '0x8040620', '0x8040628', '0x8040630', '0x8040638', '0x8040640', '0x8040648', '0x8040650', '0x8040658', '0x8040660', '0x8040668', '0x8040670', '0x8040678', '0x8040680', '0x8040688', '0x8040690', '0x8040698', '0x80406a0', '0x80406a8', '0x80406b0', '0x80406b8', '0x80406c0', '0x80406c8', '0x80406dc', '0x80406e4', '0x80406ec', '0x80406f4', '0x80406fc', '0x8040704', '0x804070c', '0x8040714', '0x804071c', '0x8040724', '0x804072c', '0x8040734', '0x804073c', '0x8040744', '0x804074c', '0x8040754', '0x804075c', '0x8040764', '0x804076c', '0x8040774', '0x804077c', '0x8040784', '0x804078c', '0x8040794', '0x804079c', '0x80407a4', '0x80407ac', '0x80407b4', '0x80407bc', '0x80407c4', '0x80407cc', '0x80407d4', '0x80407dc', '0x80407e4', '0x80407ec', '0x80407f4', '0x80407fc', '0x8040804', '0x804080c', '0x8040814', '0x804081c', '0x8040824', '0x804082c', '0x8040834', '0x804083c', '0x8040844', '0x804084c', '0x8040854', '0x804085c', '0x8040864', '0x804086c', '0x8040874', '0x804087c', '0x8040884', '0x804088c', '0x8040894', '0x804089c', '0x80408a4', '0x80408ac', '0x80408b4', '0x80408bc', '0x80408c4', '0x80408cc', '0x80408d4', '0x80408dc', '0x80408e4', '0x80408ec', '0x80408f4', '0x80408fc', '0x8040904', '0x804090c', '0x8040914', '0x804091c', '0x8040924', '0x804092c', '0x8040934', '0x804093c', '0x8040944', '0x804094c', '0x8040954', '0x804095c', '0x8040964', '0x804096c', '0x8040974', '0x804097c', '0x8040984', '0x804098c', '0x8040994', '0x804099c']
type: cond
adj_instr: 0x80409bc
log_idx: 448
log_node.dest_addr: 0x80403de
 
Current node
start_addr: 0x80403de
end_addr: 0x80403e6
successors: ['0x80403ea', '0x80409a4']
parents: ['0x80409a4', '0x80409b4', '0x80409ae']
type: cond
adj_instr: 0x80403ea
log_idx: 449
log_node.dest_addr: 0x80403ea
 
Current node
start_addr: 0x80403ea
end_addr: 0x80403f4
successors: ['0x80405d8', '0x80405e0', '0x80405e8', '0x80405f0', '0x80405f8', '0x8040600', '0x8040608', '0x8040610', '0x8040618', '0x8040620', '0x8040628', '0x8040630', '0x8040638', '0x8040640', '0x8040648', '0x8040650', '0x8040658', '0x8040660', '0x8040668', '0x8040670', '0x8040678', '0x8040680', '0x8040688', '0x8040690', '0x8040698', '0x80406a0', '0x80406a8', '0x80406b0', '0x80406b8', '0x80406c0', '0x80406c8', '0x80406dc', '0x80406e4', '0x80406ec', '0x80406f4', '0x80406fc', '0x8040704', '0x804070c', '0x8040714', '0x804071c', '0x8040724', '0x804072c', '0x8040734', '0x804073c', '0x8040744', '0x804074c', '0x8040754', '0x804075c', '0x8040764', '0x804076c', '0x8040774', '0x804077c', '0x8040784', '0x804078c', '0x8040794', '0x804079c', '0x80407a4', '0x80407ac', '0x80407b4', '0x80407bc', '0x80407c4', '0x80407cc', '0x80407d4', '0x80407dc', '0x80407e4', '0x80407ec', '0x80407f4', '0x80407fc', '0x8040804', '0x804080c', '0x8040814', '0x804081c', '0x8040824', '0x804082c', '0x8040834', '0x804083c', '0x8040844', '0x804084c', '0x8040854', '0x804085c', '0x8040864', '0x804086c', '0x8040874', '0x804087c', '0x8040884', '0x804088c', '0x8040894', '0x804089c', '0x80408a4', '0x80408ac', '0x80408b4', '0x80408bc', '0x80408c4', '0x80408cc', '0x80408d4', '0x80408dc', '0x80408e4', '0x80408ec', '0x80408f4', '0x80408fc', '0x8040904', '0x804090c', '0x8040914', '0x804091c', '0x8040924', '0x804092c', '0x8040934', '0x804093c', '0x8040944', '0x804094c', '0x8040954', '0x804095c', '0x8040964', '0x804096c', '0x8040974', '0x804097c', '0x8040984', '0x804098c', '0x8040994', '0x804099c']
parents: ['0x80403de']
type: uncond
adj_instr: 0x80405d8
log_idx: 450
log_node.dest_addr: 0x804087c
 
Current node
start_addr: 0x804087c
end_addr: 0x8040882
successors: ['0x80409ae']
parents: ['0x80403ea']
type: uncond
adj_instr: 0x8040884
log_idx: 451
log_node.dest_addr: 0x80403de
-----
changed node
start_addr: 0x80409ae
end_addr: 0x80409b8
successors: ['0x80409bc', '0x80403de']
parents: ['0x80405d8', '0x80405e0', '0x80405e8', '0x80405f0', '0x80405f8', '0x8040600', '0x8040608', '0x8040610', '0x8040618', '0x8040620', '0x8040628', '0x8040630', '0x8040638', '0x8040640', '0x8040648', '0x8040650', '0x8040658', '0x8040660', '0x8040668', '0x8040670', '0x8040678', '0x8040680', '0x8040688', '0x8040690', '0x8040698', '0x80406a0', '0x80406a8', '0x80406b0', '0x80406b8', '0x80406c0', '0x80406c8', '0x80406dc', '0x80406e4', '0x80406ec', '0x80406f4', '0x80406fc', '0x8040704', '0x804070c', '0x8040714', '0x804071c', '0x8040724', '0x804072c', '0x8040734', '0x804073c', '0x8040744', '0x804074c', '0x8040754', '0x804075c', '0x8040764', '0x804076c', '0x8040774', '0x804077c', '0x8040784', '0x804078c', '0x8040794', '0x804079c', '0x80407a4', '0x80407ac', '0x80407b4', '0x80407bc', '0x80407c4', '0x80407cc', '0x80407d4', '0x80407dc', '0x80407e4', '0x80407ec', '0x80407f4', '0x80407fc', '0x8040804', '0x804080c', '0x8040814', '0x804081c', '0x8040824', '0x804082c', '0x8040834', '0x804083c', '0x8040844', '0x804084c', '0x8040854', '0x804085c', '0x8040864', '0x804086c', '0x8040874', '0x804087c', '0x8040884', '0x804088c', '0x8040894', '0x804089c', '0x80408a4', '0x80408ac', '0x80408b4', '0x80408bc', '0x80408c4', '0x80408cc', '0x80408d4', '0x80408dc', '0x80408e4', '0x80408ec', '0x80408f4', '0x80408fc', '0x8040904', '0x804090c', '0x8040914', '0x804091c', '0x8040924', '0x804092c', '0x8040934', '0x804093c', '0x8040944', '0x804094c', '0x8040954', '0x804095c', '0x8040964', '0x804096c', '0x8040974', '0x804097c', '0x8040984', '0x804098c', '0x8040994', '0x804099c']
type: cond
adj_instr: 0x80409bc
-----
 
Current node
start_addr: 0x80409ae
end_addr: 0x80409b8
successors: ['0x80409bc', '0x80403de']
parents: ['0x80405d8', '0x80405e0', '0x80405e8', '0x80405f0', '0x80405f8', '0x8040600', '0x8040608', '0x8040610', '0x8040618', '0x8040620', '0x8040628', '0x8040630', '0x8040638', '0x8040640', '0x8040648', '0x8040650', '0x8040658', '0x8040660', '0x8040668', '0x8040670', '0x8040678', '0x8040680', '0x8040688', '0x8040690', '0x8040698', '0x80406a0', '0x80406a8', '0x80406b0', '0x80406b8', '0x80406c0', '0x80406c8', '0x80406dc', '0x80406e4', '0x80406ec', '0x80406f4', '0x80406fc', '0x8040704', '0x804070c', '0x8040714', '0x804071c', '0x8040724', '0x804072c', '0x8040734', '0x804073c', '0x8040744', '0x804074c', '0x8040754', '0x804075c', '0x8040764', '0x804076c', '0x8040774', '0x804077c', '0x8040784', '0x804078c', '0x8040794', '0x804079c', '0x80407a4', '0x80407ac', '0x80407b4', '0x80407bc', '0x80407c4', '0x80407cc', '0x80407d4', '0x80407dc', '0x80407e4', '0x80407ec', '0x80407f4', '0x80407fc', '0x8040804', '0x804080c', '0x8040814', '0x804081c', '0x8040824', '0x804082c', '0x8040834', '0x804083c', '0x8040844', '0x804084c', '0x8040854', '0x804085c', '0x8040864', '0x804086c', '0x8040874', '0x804087c', '0x8040884', '0x804088c', '0x8040894', '0x804089c', '0x80408a4', '0x80408ac', '0x80408b4', '0x80408bc', '0x80408c4', '0x80408cc', '0x80408d4', '0x80408dc', '0x80408e4', '0x80408ec', '0x80408f4', '0x80408fc', '0x8040904', '0x804090c', '0x8040914', '0x804091c', '0x8040924', '0x804092c', '0x8040934', '0x804093c', '0x8040944', '0x804094c', '0x8040954', '0x804095c', '0x8040964', '0x804096c', '0x8040974', '0x804097c', '0x8040984', '0x804098c', '0x8040994', '0x804099c']
type: cond
adj_instr: 0x80409bc
log_idx: 451
log_node.dest_addr: 0x80403de
 
Current node
start_addr: 0x80403de
end_addr: 0x80403e6
successors: ['0x80403ea', '0x80409a4']
parents: ['0x80409a4', '0x80409b4', '0x80409ae']
type: cond
adj_instr: 0x80403ea
log_idx: 452
log_node.dest_addr: 0x80403ea
 
Current node
start_addr: 0x80403ea
end_addr: 0x80403f4
successors: ['0x80405d8', '0x80405e0', '0x80405e8', '0x80405f0', '0x80405f8', '0x8040600', '0x8040608', '0x8040610', '0x8040618', '0x8040620', '0x8040628', '0x8040630', '0x8040638', '0x8040640', '0x8040648', '0x8040650', '0x8040658', '0x8040660', '0x8040668', '0x8040670', '0x8040678', '0x8040680', '0x8040688', '0x8040690', '0x8040698', '0x80406a0', '0x80406a8', '0x80406b0', '0x80406b8', '0x80406c0', '0x80406c8', '0x80406dc', '0x80406e4', '0x80406ec', '0x80406f4', '0x80406fc', '0x8040704', '0x804070c', '0x8040714', '0x804071c', '0x8040724', '0x804072c', '0x8040734', '0x804073c', '0x8040744', '0x804074c', '0x8040754', '0x804075c', '0x8040764', '0x804076c', '0x8040774', '0x804077c', '0x8040784', '0x804078c', '0x8040794', '0x804079c', '0x80407a4', '0x80407ac', '0x80407b4', '0x80407bc', '0x80407c4', '0x80407cc', '0x80407d4', '0x80407dc', '0x80407e4', '0x80407ec', '0x80407f4', '0x80407fc', '0x8040804', '0x804080c', '0x8040814', '0x804081c', '0x8040824', '0x804082c', '0x8040834', '0x804083c', '0x8040844', '0x804084c', '0x8040854', '0x804085c', '0x8040864', '0x804086c', '0x8040874', '0x804087c', '0x8040884', '0x804088c', '0x8040894', '0x804089c', '0x80408a4', '0x80408ac', '0x80408b4', '0x80408bc', '0x80408c4', '0x80408cc', '0x80408d4', '0x80408dc', '0x80408e4', '0x80408ec', '0x80408f4', '0x80408fc', '0x8040904', '0x804090c', '0x8040914', '0x804091c', '0x8040924', '0x804092c', '0x8040934', '0x804093c', '0x8040944', '0x804094c', '0x8040954', '0x804095c', '0x8040964', '0x804096c', '0x8040974', '0x804097c', '0x8040984', '0x804098c', '0x8040994', '0x804099c']
parents: ['0x80403de']
type: uncond
adj_instr: 0x80405d8
log_idx: 453
log_node.dest_addr: 0x8040884
 
Current node
start_addr: 0x8040884
end_addr: 0x804088a
successors: ['0x80409ae']
parents: ['0x80403ea']
type: uncond
adj_instr: 0x804088c
log_idx: 454
log_node.dest_addr: 0x80403de
-----
changed node
start_addr: 0x80409ae
end_addr: 0x80409b8
successors: ['0x80409bc', '0x80403de']
parents: ['0x80405d8', '0x80405e0', '0x80405e8', '0x80405f0', '0x80405f8', '0x8040600', '0x8040608', '0x8040610', '0x8040618', '0x8040620', '0x8040628', '0x8040630', '0x8040638', '0x8040640', '0x8040648', '0x8040650', '0x8040658', '0x8040660', '0x8040668', '0x8040670', '0x8040678', '0x8040680', '0x8040688', '0x8040690', '0x8040698', '0x80406a0', '0x80406a8', '0x80406b0', '0x80406b8', '0x80406c0', '0x80406c8', '0x80406dc', '0x80406e4', '0x80406ec', '0x80406f4', '0x80406fc', '0x8040704', '0x804070c', '0x8040714', '0x804071c', '0x8040724', '0x804072c', '0x8040734', '0x804073c', '0x8040744', '0x804074c', '0x8040754', '0x804075c', '0x8040764', '0x804076c', '0x8040774', '0x804077c', '0x8040784', '0x804078c', '0x8040794', '0x804079c', '0x80407a4', '0x80407ac', '0x80407b4', '0x80407bc', '0x80407c4', '0x80407cc', '0x80407d4', '0x80407dc', '0x80407e4', '0x80407ec', '0x80407f4', '0x80407fc', '0x8040804', '0x804080c', '0x8040814', '0x804081c', '0x8040824', '0x804082c', '0x8040834', '0x804083c', '0x8040844', '0x804084c', '0x8040854', '0x804085c', '0x8040864', '0x804086c', '0x8040874', '0x804087c', '0x8040884', '0x804088c', '0x8040894', '0x804089c', '0x80408a4', '0x80408ac', '0x80408b4', '0x80408bc', '0x80408c4', '0x80408cc', '0x80408d4', '0x80408dc', '0x80408e4', '0x80408ec', '0x80408f4', '0x80408fc', '0x8040904', '0x804090c', '0x8040914', '0x804091c', '0x8040924', '0x804092c', '0x8040934', '0x804093c', '0x8040944', '0x804094c', '0x8040954', '0x804095c', '0x8040964', '0x804096c', '0x8040974', '0x804097c', '0x8040984', '0x804098c', '0x8040994', '0x804099c']
type: cond
adj_instr: 0x80409bc
-----
 
Current node
start_addr: 0x80409ae
end_addr: 0x80409b8
successors: ['0x80409bc', '0x80403de']
parents: ['0x80405d8', '0x80405e0', '0x80405e8', '0x80405f0', '0x80405f8', '0x8040600', '0x8040608', '0x8040610', '0x8040618', '0x8040620', '0x8040628', '0x8040630', '0x8040638', '0x8040640', '0x8040648', '0x8040650', '0x8040658', '0x8040660', '0x8040668', '0x8040670', '0x8040678', '0x8040680', '0x8040688', '0x8040690', '0x8040698', '0x80406a0', '0x80406a8', '0x80406b0', '0x80406b8', '0x80406c0', '0x80406c8', '0x80406dc', '0x80406e4', '0x80406ec', '0x80406f4', '0x80406fc', '0x8040704', '0x804070c', '0x8040714', '0x804071c', '0x8040724', '0x804072c', '0x8040734', '0x804073c', '0x8040744', '0x804074c', '0x8040754', '0x804075c', '0x8040764', '0x804076c', '0x8040774', '0x804077c', '0x8040784', '0x804078c', '0x8040794', '0x804079c', '0x80407a4', '0x80407ac', '0x80407b4', '0x80407bc', '0x80407c4', '0x80407cc', '0x80407d4', '0x80407dc', '0x80407e4', '0x80407ec', '0x80407f4', '0x80407fc', '0x8040804', '0x804080c', '0x8040814', '0x804081c', '0x8040824', '0x804082c', '0x8040834', '0x804083c', '0x8040844', '0x804084c', '0x8040854', '0x804085c', '0x8040864', '0x804086c', '0x8040874', '0x804087c', '0x8040884', '0x804088c', '0x8040894', '0x804089c', '0x80408a4', '0x80408ac', '0x80408b4', '0x80408bc', '0x80408c4', '0x80408cc', '0x80408d4', '0x80408dc', '0x80408e4', '0x80408ec', '0x80408f4', '0x80408fc', '0x8040904', '0x804090c', '0x8040914', '0x804091c', '0x8040924', '0x804092c', '0x8040934', '0x804093c', '0x8040944', '0x804094c', '0x8040954', '0x804095c', '0x8040964', '0x804096c', '0x8040974', '0x804097c', '0x8040984', '0x804098c', '0x8040994', '0x804099c']
type: cond
adj_instr: 0x80409bc
log_idx: 454
log_node.dest_addr: 0x80403de
 
Current node
start_addr: 0x80403de
end_addr: 0x80403e6
successors: ['0x80403ea', '0x80409a4']
parents: ['0x80409a4', '0x80409b4', '0x80409ae']
type: cond
adj_instr: 0x80403ea
log_idx: 455
log_node.dest_addr: 0x80403ea
 
Current node
start_addr: 0x80403ea
end_addr: 0x80403f4
successors: ['0x80405d8', '0x80405e0', '0x80405e8', '0x80405f0', '0x80405f8', '0x8040600', '0x8040608', '0x8040610', '0x8040618', '0x8040620', '0x8040628', '0x8040630', '0x8040638', '0x8040640', '0x8040648', '0x8040650', '0x8040658', '0x8040660', '0x8040668', '0x8040670', '0x8040678', '0x8040680', '0x8040688', '0x8040690', '0x8040698', '0x80406a0', '0x80406a8', '0x80406b0', '0x80406b8', '0x80406c0', '0x80406c8', '0x80406dc', '0x80406e4', '0x80406ec', '0x80406f4', '0x80406fc', '0x8040704', '0x804070c', '0x8040714', '0x804071c', '0x8040724', '0x804072c', '0x8040734', '0x804073c', '0x8040744', '0x804074c', '0x8040754', '0x804075c', '0x8040764', '0x804076c', '0x8040774', '0x804077c', '0x8040784', '0x804078c', '0x8040794', '0x804079c', '0x80407a4', '0x80407ac', '0x80407b4', '0x80407bc', '0x80407c4', '0x80407cc', '0x80407d4', '0x80407dc', '0x80407e4', '0x80407ec', '0x80407f4', '0x80407fc', '0x8040804', '0x804080c', '0x8040814', '0x804081c', '0x8040824', '0x804082c', '0x8040834', '0x804083c', '0x8040844', '0x804084c', '0x8040854', '0x804085c', '0x8040864', '0x804086c', '0x8040874', '0x804087c', '0x8040884', '0x804088c', '0x8040894', '0x804089c', '0x80408a4', '0x80408ac', '0x80408b4', '0x80408bc', '0x80408c4', '0x80408cc', '0x80408d4', '0x80408dc', '0x80408e4', '0x80408ec', '0x80408f4', '0x80408fc', '0x8040904', '0x804090c', '0x8040914', '0x804091c', '0x8040924', '0x804092c', '0x8040934', '0x804093c', '0x8040944', '0x804094c', '0x8040954', '0x804095c', '0x8040964', '0x804096c', '0x8040974', '0x804097c', '0x8040984', '0x804098c', '0x8040994', '0x804099c']
parents: ['0x80403de']
type: uncond
adj_instr: 0x80405d8
log_idx: 456
log_node.dest_addr: 0x804088c
 
Current node
start_addr: 0x804088c
end_addr: 0x8040892
successors: ['0x80409ae']
parents: ['0x80403ea']
type: uncond
adj_instr: 0x8040894
log_idx: 457
log_node.dest_addr: 0x80403de
-----
changed node
start_addr: 0x80409ae
end_addr: 0x80409b8
successors: ['0x80409bc', '0x80403de']
parents: ['0x80405d8', '0x80405e0', '0x80405e8', '0x80405f0', '0x80405f8', '0x8040600', '0x8040608', '0x8040610', '0x8040618', '0x8040620', '0x8040628', '0x8040630', '0x8040638', '0x8040640', '0x8040648', '0x8040650', '0x8040658', '0x8040660', '0x8040668', '0x8040670', '0x8040678', '0x8040680', '0x8040688', '0x8040690', '0x8040698', '0x80406a0', '0x80406a8', '0x80406b0', '0x80406b8', '0x80406c0', '0x80406c8', '0x80406dc', '0x80406e4', '0x80406ec', '0x80406f4', '0x80406fc', '0x8040704', '0x804070c', '0x8040714', '0x804071c', '0x8040724', '0x804072c', '0x8040734', '0x804073c', '0x8040744', '0x804074c', '0x8040754', '0x804075c', '0x8040764', '0x804076c', '0x8040774', '0x804077c', '0x8040784', '0x804078c', '0x8040794', '0x804079c', '0x80407a4', '0x80407ac', '0x80407b4', '0x80407bc', '0x80407c4', '0x80407cc', '0x80407d4', '0x80407dc', '0x80407e4', '0x80407ec', '0x80407f4', '0x80407fc', '0x8040804', '0x804080c', '0x8040814', '0x804081c', '0x8040824', '0x804082c', '0x8040834', '0x804083c', '0x8040844', '0x804084c', '0x8040854', '0x804085c', '0x8040864', '0x804086c', '0x8040874', '0x804087c', '0x8040884', '0x804088c', '0x8040894', '0x804089c', '0x80408a4', '0x80408ac', '0x80408b4', '0x80408bc', '0x80408c4', '0x80408cc', '0x80408d4', '0x80408dc', '0x80408e4', '0x80408ec', '0x80408f4', '0x80408fc', '0x8040904', '0x804090c', '0x8040914', '0x804091c', '0x8040924', '0x804092c', '0x8040934', '0x804093c', '0x8040944', '0x804094c', '0x8040954', '0x804095c', '0x8040964', '0x804096c', '0x8040974', '0x804097c', '0x8040984', '0x804098c', '0x8040994', '0x804099c']
type: cond
adj_instr: 0x80409bc
-----
 
Current node
start_addr: 0x80409ae
end_addr: 0x80409b8
successors: ['0x80409bc', '0x80403de']
parents: ['0x80405d8', '0x80405e0', '0x80405e8', '0x80405f0', '0x80405f8', '0x8040600', '0x8040608', '0x8040610', '0x8040618', '0x8040620', '0x8040628', '0x8040630', '0x8040638', '0x8040640', '0x8040648', '0x8040650', '0x8040658', '0x8040660', '0x8040668', '0x8040670', '0x8040678', '0x8040680', '0x8040688', '0x8040690', '0x8040698', '0x80406a0', '0x80406a8', '0x80406b0', '0x80406b8', '0x80406c0', '0x80406c8', '0x80406dc', '0x80406e4', '0x80406ec', '0x80406f4', '0x80406fc', '0x8040704', '0x804070c', '0x8040714', '0x804071c', '0x8040724', '0x804072c', '0x8040734', '0x804073c', '0x8040744', '0x804074c', '0x8040754', '0x804075c', '0x8040764', '0x804076c', '0x8040774', '0x804077c', '0x8040784', '0x804078c', '0x8040794', '0x804079c', '0x80407a4', '0x80407ac', '0x80407b4', '0x80407bc', '0x80407c4', '0x80407cc', '0x80407d4', '0x80407dc', '0x80407e4', '0x80407ec', '0x80407f4', '0x80407fc', '0x8040804', '0x804080c', '0x8040814', '0x804081c', '0x8040824', '0x804082c', '0x8040834', '0x804083c', '0x8040844', '0x804084c', '0x8040854', '0x804085c', '0x8040864', '0x804086c', '0x8040874', '0x804087c', '0x8040884', '0x804088c', '0x8040894', '0x804089c', '0x80408a4', '0x80408ac', '0x80408b4', '0x80408bc', '0x80408c4', '0x80408cc', '0x80408d4', '0x80408dc', '0x80408e4', '0x80408ec', '0x80408f4', '0x80408fc', '0x8040904', '0x804090c', '0x8040914', '0x804091c', '0x8040924', '0x804092c', '0x8040934', '0x804093c', '0x8040944', '0x804094c', '0x8040954', '0x804095c', '0x8040964', '0x804096c', '0x8040974', '0x804097c', '0x8040984', '0x804098c', '0x8040994', '0x804099c']
type: cond
adj_instr: 0x80409bc
log_idx: 457
log_node.dest_addr: 0x80403de
 
Current node
start_addr: 0x80403de
end_addr: 0x80403e6
successors: ['0x80403ea', '0x80409a4']
parents: ['0x80409a4', '0x80409b4', '0x80409ae']
type: cond
adj_instr: 0x80403ea
log_idx: 458
log_node.dest_addr: 0x80403ea
 
Current node
start_addr: 0x80403ea
end_addr: 0x80403f4
successors: ['0x80405d8', '0x80405e0', '0x80405e8', '0x80405f0', '0x80405f8', '0x8040600', '0x8040608', '0x8040610', '0x8040618', '0x8040620', '0x8040628', '0x8040630', '0x8040638', '0x8040640', '0x8040648', '0x8040650', '0x8040658', '0x8040660', '0x8040668', '0x8040670', '0x8040678', '0x8040680', '0x8040688', '0x8040690', '0x8040698', '0x80406a0', '0x80406a8', '0x80406b0', '0x80406b8', '0x80406c0', '0x80406c8', '0x80406dc', '0x80406e4', '0x80406ec', '0x80406f4', '0x80406fc', '0x8040704', '0x804070c', '0x8040714', '0x804071c', '0x8040724', '0x804072c', '0x8040734', '0x804073c', '0x8040744', '0x804074c', '0x8040754', '0x804075c', '0x8040764', '0x804076c', '0x8040774', '0x804077c', '0x8040784', '0x804078c', '0x8040794', '0x804079c', '0x80407a4', '0x80407ac', '0x80407b4', '0x80407bc', '0x80407c4', '0x80407cc', '0x80407d4', '0x80407dc', '0x80407e4', '0x80407ec', '0x80407f4', '0x80407fc', '0x8040804', '0x804080c', '0x8040814', '0x804081c', '0x8040824', '0x804082c', '0x8040834', '0x804083c', '0x8040844', '0x804084c', '0x8040854', '0x804085c', '0x8040864', '0x804086c', '0x8040874', '0x804087c', '0x8040884', '0x804088c', '0x8040894', '0x804089c', '0x80408a4', '0x80408ac', '0x80408b4', '0x80408bc', '0x80408c4', '0x80408cc', '0x80408d4', '0x80408dc', '0x80408e4', '0x80408ec', '0x80408f4', '0x80408fc', '0x8040904', '0x804090c', '0x8040914', '0x804091c', '0x8040924', '0x804092c', '0x8040934', '0x804093c', '0x8040944', '0x804094c', '0x8040954', '0x804095c', '0x8040964', '0x804096c', '0x8040974', '0x804097c', '0x8040984', '0x804098c', '0x8040994', '0x804099c']
parents: ['0x80403de']
type: uncond
adj_instr: 0x80405d8
log_idx: 459
log_node.dest_addr: 0x8040894
 
Current node
start_addr: 0x8040894
end_addr: 0x804089a
successors: ['0x80409ae']
parents: ['0x80403ea']
type: uncond
adj_instr: 0x804089c
log_idx: 460
log_node.dest_addr: 0x80403de
-----
changed node
start_addr: 0x80409ae
end_addr: 0x80409b8
successors: ['0x80409bc', '0x80403de']
parents: ['0x80405d8', '0x80405e0', '0x80405e8', '0x80405f0', '0x80405f8', '0x8040600', '0x8040608', '0x8040610', '0x8040618', '0x8040620', '0x8040628', '0x8040630', '0x8040638', '0x8040640', '0x8040648', '0x8040650', '0x8040658', '0x8040660', '0x8040668', '0x8040670', '0x8040678', '0x8040680', '0x8040688', '0x8040690', '0x8040698', '0x80406a0', '0x80406a8', '0x80406b0', '0x80406b8', '0x80406c0', '0x80406c8', '0x80406dc', '0x80406e4', '0x80406ec', '0x80406f4', '0x80406fc', '0x8040704', '0x804070c', '0x8040714', '0x804071c', '0x8040724', '0x804072c', '0x8040734', '0x804073c', '0x8040744', '0x804074c', '0x8040754', '0x804075c', '0x8040764', '0x804076c', '0x8040774', '0x804077c', '0x8040784', '0x804078c', '0x8040794', '0x804079c', '0x80407a4', '0x80407ac', '0x80407b4', '0x80407bc', '0x80407c4', '0x80407cc', '0x80407d4', '0x80407dc', '0x80407e4', '0x80407ec', '0x80407f4', '0x80407fc', '0x8040804', '0x804080c', '0x8040814', '0x804081c', '0x8040824', '0x804082c', '0x8040834', '0x804083c', '0x8040844', '0x804084c', '0x8040854', '0x804085c', '0x8040864', '0x804086c', '0x8040874', '0x804087c', '0x8040884', '0x804088c', '0x8040894', '0x804089c', '0x80408a4', '0x80408ac', '0x80408b4', '0x80408bc', '0x80408c4', '0x80408cc', '0x80408d4', '0x80408dc', '0x80408e4', '0x80408ec', '0x80408f4', '0x80408fc', '0x8040904', '0x804090c', '0x8040914', '0x804091c', '0x8040924', '0x804092c', '0x8040934', '0x804093c', '0x8040944', '0x804094c', '0x8040954', '0x804095c', '0x8040964', '0x804096c', '0x8040974', '0x804097c', '0x8040984', '0x804098c', '0x8040994', '0x804099c']
type: cond
adj_instr: 0x80409bc
-----
 
Current node
start_addr: 0x80409ae
end_addr: 0x80409b8
successors: ['0x80409bc', '0x80403de']
parents: ['0x80405d8', '0x80405e0', '0x80405e8', '0x80405f0', '0x80405f8', '0x8040600', '0x8040608', '0x8040610', '0x8040618', '0x8040620', '0x8040628', '0x8040630', '0x8040638', '0x8040640', '0x8040648', '0x8040650', '0x8040658', '0x8040660', '0x8040668', '0x8040670', '0x8040678', '0x8040680', '0x8040688', '0x8040690', '0x8040698', '0x80406a0', '0x80406a8', '0x80406b0', '0x80406b8', '0x80406c0', '0x80406c8', '0x80406dc', '0x80406e4', '0x80406ec', '0x80406f4', '0x80406fc', '0x8040704', '0x804070c', '0x8040714', '0x804071c', '0x8040724', '0x804072c', '0x8040734', '0x804073c', '0x8040744', '0x804074c', '0x8040754', '0x804075c', '0x8040764', '0x804076c', '0x8040774', '0x804077c', '0x8040784', '0x804078c', '0x8040794', '0x804079c', '0x80407a4', '0x80407ac', '0x80407b4', '0x80407bc', '0x80407c4', '0x80407cc', '0x80407d4', '0x80407dc', '0x80407e4', '0x80407ec', '0x80407f4', '0x80407fc', '0x8040804', '0x804080c', '0x8040814', '0x804081c', '0x8040824', '0x804082c', '0x8040834', '0x804083c', '0x8040844', '0x804084c', '0x8040854', '0x804085c', '0x8040864', '0x804086c', '0x8040874', '0x804087c', '0x8040884', '0x804088c', '0x8040894', '0x804089c', '0x80408a4', '0x80408ac', '0x80408b4', '0x80408bc', '0x80408c4', '0x80408cc', '0x80408d4', '0x80408dc', '0x80408e4', '0x80408ec', '0x80408f4', '0x80408fc', '0x8040904', '0x804090c', '0x8040914', '0x804091c', '0x8040924', '0x804092c', '0x8040934', '0x804093c', '0x8040944', '0x804094c', '0x8040954', '0x804095c', '0x8040964', '0x804096c', '0x8040974', '0x804097c', '0x8040984', '0x804098c', '0x8040994', '0x804099c']
type: cond
adj_instr: 0x80409bc
log_idx: 460
log_node.dest_addr: 0x80403de
 
Current node
start_addr: 0x80403de
end_addr: 0x80403e6
successors: ['0x80403ea', '0x80409a4']
parents: ['0x80409a4', '0x80409b4', '0x80409ae']
type: cond
adj_instr: 0x80403ea
log_idx: 461
log_node.dest_addr: 0x80403ea
 
Current node
start_addr: 0x80403ea
end_addr: 0x80403f4
successors: ['0x80405d8', '0x80405e0', '0x80405e8', '0x80405f0', '0x80405f8', '0x8040600', '0x8040608', '0x8040610', '0x8040618', '0x8040620', '0x8040628', '0x8040630', '0x8040638', '0x8040640', '0x8040648', '0x8040650', '0x8040658', '0x8040660', '0x8040668', '0x8040670', '0x8040678', '0x8040680', '0x8040688', '0x8040690', '0x8040698', '0x80406a0', '0x80406a8', '0x80406b0', '0x80406b8', '0x80406c0', '0x80406c8', '0x80406dc', '0x80406e4', '0x80406ec', '0x80406f4', '0x80406fc', '0x8040704', '0x804070c', '0x8040714', '0x804071c', '0x8040724', '0x804072c', '0x8040734', '0x804073c', '0x8040744', '0x804074c', '0x8040754', '0x804075c', '0x8040764', '0x804076c', '0x8040774', '0x804077c', '0x8040784', '0x804078c', '0x8040794', '0x804079c', '0x80407a4', '0x80407ac', '0x80407b4', '0x80407bc', '0x80407c4', '0x80407cc', '0x80407d4', '0x80407dc', '0x80407e4', '0x80407ec', '0x80407f4', '0x80407fc', '0x8040804', '0x804080c', '0x8040814', '0x804081c', '0x8040824', '0x804082c', '0x8040834', '0x804083c', '0x8040844', '0x804084c', '0x8040854', '0x804085c', '0x8040864', '0x804086c', '0x8040874', '0x804087c', '0x8040884', '0x804088c', '0x8040894', '0x804089c', '0x80408a4', '0x80408ac', '0x80408b4', '0x80408bc', '0x80408c4', '0x80408cc', '0x80408d4', '0x80408dc', '0x80408e4', '0x80408ec', '0x80408f4', '0x80408fc', '0x8040904', '0x804090c', '0x8040914', '0x804091c', '0x8040924', '0x804092c', '0x8040934', '0x804093c', '0x8040944', '0x804094c', '0x8040954', '0x804095c', '0x8040964', '0x804096c', '0x8040974', '0x804097c', '0x8040984', '0x804098c', '0x8040994', '0x804099c']
parents: ['0x80403de']
type: uncond
adj_instr: 0x80405d8
log_idx: 462
log_node.dest_addr: 0x804089c
 
Current node
start_addr: 0x804089c
end_addr: 0x80408a2
successors: ['0x80409ae']
parents: ['0x80403ea']
type: uncond
adj_instr: 0x80408a4
log_idx: 463
log_node.dest_addr: 0x80403de
-----
changed node
start_addr: 0x80409ae
end_addr: 0x80409b8
successors: ['0x80409bc', '0x80403de']
parents: ['0x80405d8', '0x80405e0', '0x80405e8', '0x80405f0', '0x80405f8', '0x8040600', '0x8040608', '0x8040610', '0x8040618', '0x8040620', '0x8040628', '0x8040630', '0x8040638', '0x8040640', '0x8040648', '0x8040650', '0x8040658', '0x8040660', '0x8040668', '0x8040670', '0x8040678', '0x8040680', '0x8040688', '0x8040690', '0x8040698', '0x80406a0', '0x80406a8', '0x80406b0', '0x80406b8', '0x80406c0', '0x80406c8', '0x80406dc', '0x80406e4', '0x80406ec', '0x80406f4', '0x80406fc', '0x8040704', '0x804070c', '0x8040714', '0x804071c', '0x8040724', '0x804072c', '0x8040734', '0x804073c', '0x8040744', '0x804074c', '0x8040754', '0x804075c', '0x8040764', '0x804076c', '0x8040774', '0x804077c', '0x8040784', '0x804078c', '0x8040794', '0x804079c', '0x80407a4', '0x80407ac', '0x80407b4', '0x80407bc', '0x80407c4', '0x80407cc', '0x80407d4', '0x80407dc', '0x80407e4', '0x80407ec', '0x80407f4', '0x80407fc', '0x8040804', '0x804080c', '0x8040814', '0x804081c', '0x8040824', '0x804082c', '0x8040834', '0x804083c', '0x8040844', '0x804084c', '0x8040854', '0x804085c', '0x8040864', '0x804086c', '0x8040874', '0x804087c', '0x8040884', '0x804088c', '0x8040894', '0x804089c', '0x80408a4', '0x80408ac', '0x80408b4', '0x80408bc', '0x80408c4', '0x80408cc', '0x80408d4', '0x80408dc', '0x80408e4', '0x80408ec', '0x80408f4', '0x80408fc', '0x8040904', '0x804090c', '0x8040914', '0x804091c', '0x8040924', '0x804092c', '0x8040934', '0x804093c', '0x8040944', '0x804094c', '0x8040954', '0x804095c', '0x8040964', '0x804096c', '0x8040974', '0x804097c', '0x8040984', '0x804098c', '0x8040994', '0x804099c']
type: cond
adj_instr: 0x80409bc
-----
 
Current node
start_addr: 0x80409ae
end_addr: 0x80409b8
successors: ['0x80409bc', '0x80403de']
parents: ['0x80405d8', '0x80405e0', '0x80405e8', '0x80405f0', '0x80405f8', '0x8040600', '0x8040608', '0x8040610', '0x8040618', '0x8040620', '0x8040628', '0x8040630', '0x8040638', '0x8040640', '0x8040648', '0x8040650', '0x8040658', '0x8040660', '0x8040668', '0x8040670', '0x8040678', '0x8040680', '0x8040688', '0x8040690', '0x8040698', '0x80406a0', '0x80406a8', '0x80406b0', '0x80406b8', '0x80406c0', '0x80406c8', '0x80406dc', '0x80406e4', '0x80406ec', '0x80406f4', '0x80406fc', '0x8040704', '0x804070c', '0x8040714', '0x804071c', '0x8040724', '0x804072c', '0x8040734', '0x804073c', '0x8040744', '0x804074c', '0x8040754', '0x804075c', '0x8040764', '0x804076c', '0x8040774', '0x804077c', '0x8040784', '0x804078c', '0x8040794', '0x804079c', '0x80407a4', '0x80407ac', '0x80407b4', '0x80407bc', '0x80407c4', '0x80407cc', '0x80407d4', '0x80407dc', '0x80407e4', '0x80407ec', '0x80407f4', '0x80407fc', '0x8040804', '0x804080c', '0x8040814', '0x804081c', '0x8040824', '0x804082c', '0x8040834', '0x804083c', '0x8040844', '0x804084c', '0x8040854', '0x804085c', '0x8040864', '0x804086c', '0x8040874', '0x804087c', '0x8040884', '0x804088c', '0x8040894', '0x804089c', '0x80408a4', '0x80408ac', '0x80408b4', '0x80408bc', '0x80408c4', '0x80408cc', '0x80408d4', '0x80408dc', '0x80408e4', '0x80408ec', '0x80408f4', '0x80408fc', '0x8040904', '0x804090c', '0x8040914', '0x804091c', '0x8040924', '0x804092c', '0x8040934', '0x804093c', '0x8040944', '0x804094c', '0x8040954', '0x804095c', '0x8040964', '0x804096c', '0x8040974', '0x804097c', '0x8040984', '0x804098c', '0x8040994', '0x804099c']
type: cond
adj_instr: 0x80409bc
log_idx: 463
log_node.dest_addr: 0x80403de
 
Current node
start_addr: 0x80403de
end_addr: 0x80403e6
successors: ['0x80403ea', '0x80409a4']
parents: ['0x80409a4', '0x80409b4', '0x80409ae']
type: cond
adj_instr: 0x80403ea
log_idx: 464
log_node.dest_addr: 0x80403ea
 
Current node
start_addr: 0x80403ea
end_addr: 0x80403f4
successors: ['0x80405d8', '0x80405e0', '0x80405e8', '0x80405f0', '0x80405f8', '0x8040600', '0x8040608', '0x8040610', '0x8040618', '0x8040620', '0x8040628', '0x8040630', '0x8040638', '0x8040640', '0x8040648', '0x8040650', '0x8040658', '0x8040660', '0x8040668', '0x8040670', '0x8040678', '0x8040680', '0x8040688', '0x8040690', '0x8040698', '0x80406a0', '0x80406a8', '0x80406b0', '0x80406b8', '0x80406c0', '0x80406c8', '0x80406dc', '0x80406e4', '0x80406ec', '0x80406f4', '0x80406fc', '0x8040704', '0x804070c', '0x8040714', '0x804071c', '0x8040724', '0x804072c', '0x8040734', '0x804073c', '0x8040744', '0x804074c', '0x8040754', '0x804075c', '0x8040764', '0x804076c', '0x8040774', '0x804077c', '0x8040784', '0x804078c', '0x8040794', '0x804079c', '0x80407a4', '0x80407ac', '0x80407b4', '0x80407bc', '0x80407c4', '0x80407cc', '0x80407d4', '0x80407dc', '0x80407e4', '0x80407ec', '0x80407f4', '0x80407fc', '0x8040804', '0x804080c', '0x8040814', '0x804081c', '0x8040824', '0x804082c', '0x8040834', '0x804083c', '0x8040844', '0x804084c', '0x8040854', '0x804085c', '0x8040864', '0x804086c', '0x8040874', '0x804087c', '0x8040884', '0x804088c', '0x8040894', '0x804089c', '0x80408a4', '0x80408ac', '0x80408b4', '0x80408bc', '0x80408c4', '0x80408cc', '0x80408d4', '0x80408dc', '0x80408e4', '0x80408ec', '0x80408f4', '0x80408fc', '0x8040904', '0x804090c', '0x8040914', '0x804091c', '0x8040924', '0x804092c', '0x8040934', '0x804093c', '0x8040944', '0x804094c', '0x8040954', '0x804095c', '0x8040964', '0x804096c', '0x8040974', '0x804097c', '0x8040984', '0x804098c', '0x8040994', '0x804099c']
parents: ['0x80403de']
type: uncond
adj_instr: 0x80405d8
log_idx: 465
log_node.dest_addr: 0x80408a4
 
Current node
start_addr: 0x80408a4
end_addr: 0x80408aa
successors: ['0x80409ae']
parents: ['0x80403ea']
type: uncond
adj_instr: 0x80408ac
log_idx: 466
log_node.dest_addr: 0x80403de
-----
changed node
start_addr: 0x80409ae
end_addr: 0x80409b8
successors: ['0x80409bc', '0x80403de']
parents: ['0x80405d8', '0x80405e0', '0x80405e8', '0x80405f0', '0x80405f8', '0x8040600', '0x8040608', '0x8040610', '0x8040618', '0x8040620', '0x8040628', '0x8040630', '0x8040638', '0x8040640', '0x8040648', '0x8040650', '0x8040658', '0x8040660', '0x8040668', '0x8040670', '0x8040678', '0x8040680', '0x8040688', '0x8040690', '0x8040698', '0x80406a0', '0x80406a8', '0x80406b0', '0x80406b8', '0x80406c0', '0x80406c8', '0x80406dc', '0x80406e4', '0x80406ec', '0x80406f4', '0x80406fc', '0x8040704', '0x804070c', '0x8040714', '0x804071c', '0x8040724', '0x804072c', '0x8040734', '0x804073c', '0x8040744', '0x804074c', '0x8040754', '0x804075c', '0x8040764', '0x804076c', '0x8040774', '0x804077c', '0x8040784', '0x804078c', '0x8040794', '0x804079c', '0x80407a4', '0x80407ac', '0x80407b4', '0x80407bc', '0x80407c4', '0x80407cc', '0x80407d4', '0x80407dc', '0x80407e4', '0x80407ec', '0x80407f4', '0x80407fc', '0x8040804', '0x804080c', '0x8040814', '0x804081c', '0x8040824', '0x804082c', '0x8040834', '0x804083c', '0x8040844', '0x804084c', '0x8040854', '0x804085c', '0x8040864', '0x804086c', '0x8040874', '0x804087c', '0x8040884', '0x804088c', '0x8040894', '0x804089c', '0x80408a4', '0x80408ac', '0x80408b4', '0x80408bc', '0x80408c4', '0x80408cc', '0x80408d4', '0x80408dc', '0x80408e4', '0x80408ec', '0x80408f4', '0x80408fc', '0x8040904', '0x804090c', '0x8040914', '0x804091c', '0x8040924', '0x804092c', '0x8040934', '0x804093c', '0x8040944', '0x804094c', '0x8040954', '0x804095c', '0x8040964', '0x804096c', '0x8040974', '0x804097c', '0x8040984', '0x804098c', '0x8040994', '0x804099c']
type: cond
adj_instr: 0x80409bc
-----
 
Current node
start_addr: 0x80409ae
end_addr: 0x80409b8
successors: ['0x80409bc', '0x80403de']
parents: ['0x80405d8', '0x80405e0', '0x80405e8', '0x80405f0', '0x80405f8', '0x8040600', '0x8040608', '0x8040610', '0x8040618', '0x8040620', '0x8040628', '0x8040630', '0x8040638', '0x8040640', '0x8040648', '0x8040650', '0x8040658', '0x8040660', '0x8040668', '0x8040670', '0x8040678', '0x8040680', '0x8040688', '0x8040690', '0x8040698', '0x80406a0', '0x80406a8', '0x80406b0', '0x80406b8', '0x80406c0', '0x80406c8', '0x80406dc', '0x80406e4', '0x80406ec', '0x80406f4', '0x80406fc', '0x8040704', '0x804070c', '0x8040714', '0x804071c', '0x8040724', '0x804072c', '0x8040734', '0x804073c', '0x8040744', '0x804074c', '0x8040754', '0x804075c', '0x8040764', '0x804076c', '0x8040774', '0x804077c', '0x8040784', '0x804078c', '0x8040794', '0x804079c', '0x80407a4', '0x80407ac', '0x80407b4', '0x80407bc', '0x80407c4', '0x80407cc', '0x80407d4', '0x80407dc', '0x80407e4', '0x80407ec', '0x80407f4', '0x80407fc', '0x8040804', '0x804080c', '0x8040814', '0x804081c', '0x8040824', '0x804082c', '0x8040834', '0x804083c', '0x8040844', '0x804084c', '0x8040854', '0x804085c', '0x8040864', '0x804086c', '0x8040874', '0x804087c', '0x8040884', '0x804088c', '0x8040894', '0x804089c', '0x80408a4', '0x80408ac', '0x80408b4', '0x80408bc', '0x80408c4', '0x80408cc', '0x80408d4', '0x80408dc', '0x80408e4', '0x80408ec', '0x80408f4', '0x80408fc', '0x8040904', '0x804090c', '0x8040914', '0x804091c', '0x8040924', '0x804092c', '0x8040934', '0x804093c', '0x8040944', '0x804094c', '0x8040954', '0x804095c', '0x8040964', '0x804096c', '0x8040974', '0x804097c', '0x8040984', '0x804098c', '0x8040994', '0x804099c']
type: cond
adj_instr: 0x80409bc
log_idx: 466
log_node.dest_addr: 0x80403de
 
Current node
start_addr: 0x80403de
end_addr: 0x80403e6
successors: ['0x80403ea', '0x80409a4']
parents: ['0x80409a4', '0x80409b4', '0x80409ae']
type: cond
adj_instr: 0x80403ea
log_idx: 467
log_node.dest_addr: 0x80403ea
 
Current node
start_addr: 0x80403ea
end_addr: 0x80403f4
successors: ['0x80405d8', '0x80405e0', '0x80405e8', '0x80405f0', '0x80405f8', '0x8040600', '0x8040608', '0x8040610', '0x8040618', '0x8040620', '0x8040628', '0x8040630', '0x8040638', '0x8040640', '0x8040648', '0x8040650', '0x8040658', '0x8040660', '0x8040668', '0x8040670', '0x8040678', '0x8040680', '0x8040688', '0x8040690', '0x8040698', '0x80406a0', '0x80406a8', '0x80406b0', '0x80406b8', '0x80406c0', '0x80406c8', '0x80406dc', '0x80406e4', '0x80406ec', '0x80406f4', '0x80406fc', '0x8040704', '0x804070c', '0x8040714', '0x804071c', '0x8040724', '0x804072c', '0x8040734', '0x804073c', '0x8040744', '0x804074c', '0x8040754', '0x804075c', '0x8040764', '0x804076c', '0x8040774', '0x804077c', '0x8040784', '0x804078c', '0x8040794', '0x804079c', '0x80407a4', '0x80407ac', '0x80407b4', '0x80407bc', '0x80407c4', '0x80407cc', '0x80407d4', '0x80407dc', '0x80407e4', '0x80407ec', '0x80407f4', '0x80407fc', '0x8040804', '0x804080c', '0x8040814', '0x804081c', '0x8040824', '0x804082c', '0x8040834', '0x804083c', '0x8040844', '0x804084c', '0x8040854', '0x804085c', '0x8040864', '0x804086c', '0x8040874', '0x804087c', '0x8040884', '0x804088c', '0x8040894', '0x804089c', '0x80408a4', '0x80408ac', '0x80408b4', '0x80408bc', '0x80408c4', '0x80408cc', '0x80408d4', '0x80408dc', '0x80408e4', '0x80408ec', '0x80408f4', '0x80408fc', '0x8040904', '0x804090c', '0x8040914', '0x804091c', '0x8040924', '0x804092c', '0x8040934', '0x804093c', '0x8040944', '0x804094c', '0x8040954', '0x804095c', '0x8040964', '0x804096c', '0x8040974', '0x804097c', '0x8040984', '0x804098c', '0x8040994', '0x804099c']
parents: ['0x80403de']
type: uncond
adj_instr: 0x80405d8
log_idx: 468
log_node.dest_addr: 0x80408ac
 
Current node
start_addr: 0x80408ac
end_addr: 0x80408b2
successors: ['0x80409ae']
parents: ['0x80403ea']
type: uncond
adj_instr: 0x80408b4
log_idx: 469
log_node.dest_addr: 0x80403de
-----
changed node
start_addr: 0x80409ae
end_addr: 0x80409b8
successors: ['0x80409bc', '0x80403de']
parents: ['0x80405d8', '0x80405e0', '0x80405e8', '0x80405f0', '0x80405f8', '0x8040600', '0x8040608', '0x8040610', '0x8040618', '0x8040620', '0x8040628', '0x8040630', '0x8040638', '0x8040640', '0x8040648', '0x8040650', '0x8040658', '0x8040660', '0x8040668', '0x8040670', '0x8040678', '0x8040680', '0x8040688', '0x8040690', '0x8040698', '0x80406a0', '0x80406a8', '0x80406b0', '0x80406b8', '0x80406c0', '0x80406c8', '0x80406dc', '0x80406e4', '0x80406ec', '0x80406f4', '0x80406fc', '0x8040704', '0x804070c', '0x8040714', '0x804071c', '0x8040724', '0x804072c', '0x8040734', '0x804073c', '0x8040744', '0x804074c', '0x8040754', '0x804075c', '0x8040764', '0x804076c', '0x8040774', '0x804077c', '0x8040784', '0x804078c', '0x8040794', '0x804079c', '0x80407a4', '0x80407ac', '0x80407b4', '0x80407bc', '0x80407c4', '0x80407cc', '0x80407d4', '0x80407dc', '0x80407e4', '0x80407ec', '0x80407f4', '0x80407fc', '0x8040804', '0x804080c', '0x8040814', '0x804081c', '0x8040824', '0x804082c', '0x8040834', '0x804083c', '0x8040844', '0x804084c', '0x8040854', '0x804085c', '0x8040864', '0x804086c', '0x8040874', '0x804087c', '0x8040884', '0x804088c', '0x8040894', '0x804089c', '0x80408a4', '0x80408ac', '0x80408b4', '0x80408bc', '0x80408c4', '0x80408cc', '0x80408d4', '0x80408dc', '0x80408e4', '0x80408ec', '0x80408f4', '0x80408fc', '0x8040904', '0x804090c', '0x8040914', '0x804091c', '0x8040924', '0x804092c', '0x8040934', '0x804093c', '0x8040944', '0x804094c', '0x8040954', '0x804095c', '0x8040964', '0x804096c', '0x8040974', '0x804097c', '0x8040984', '0x804098c', '0x8040994', '0x804099c']
type: cond
adj_instr: 0x80409bc
-----
 
Current node
start_addr: 0x80409ae
end_addr: 0x80409b8
successors: ['0x80409bc', '0x80403de']
parents: ['0x80405d8', '0x80405e0', '0x80405e8', '0x80405f0', '0x80405f8', '0x8040600', '0x8040608', '0x8040610', '0x8040618', '0x8040620', '0x8040628', '0x8040630', '0x8040638', '0x8040640', '0x8040648', '0x8040650', '0x8040658', '0x8040660', '0x8040668', '0x8040670', '0x8040678', '0x8040680', '0x8040688', '0x8040690', '0x8040698', '0x80406a0', '0x80406a8', '0x80406b0', '0x80406b8', '0x80406c0', '0x80406c8', '0x80406dc', '0x80406e4', '0x80406ec', '0x80406f4', '0x80406fc', '0x8040704', '0x804070c', '0x8040714', '0x804071c', '0x8040724', '0x804072c', '0x8040734', '0x804073c', '0x8040744', '0x804074c', '0x8040754', '0x804075c', '0x8040764', '0x804076c', '0x8040774', '0x804077c', '0x8040784', '0x804078c', '0x8040794', '0x804079c', '0x80407a4', '0x80407ac', '0x80407b4', '0x80407bc', '0x80407c4', '0x80407cc', '0x80407d4', '0x80407dc', '0x80407e4', '0x80407ec', '0x80407f4', '0x80407fc', '0x8040804', '0x804080c', '0x8040814', '0x804081c', '0x8040824', '0x804082c', '0x8040834', '0x804083c', '0x8040844', '0x804084c', '0x8040854', '0x804085c', '0x8040864', '0x804086c', '0x8040874', '0x804087c', '0x8040884', '0x804088c', '0x8040894', '0x804089c', '0x80408a4', '0x80408ac', '0x80408b4', '0x80408bc', '0x80408c4', '0x80408cc', '0x80408d4', '0x80408dc', '0x80408e4', '0x80408ec', '0x80408f4', '0x80408fc', '0x8040904', '0x804090c', '0x8040914', '0x804091c', '0x8040924', '0x804092c', '0x8040934', '0x804093c', '0x8040944', '0x804094c', '0x8040954', '0x804095c', '0x8040964', '0x804096c', '0x8040974', '0x804097c', '0x8040984', '0x804098c', '0x8040994', '0x804099c']
type: cond
adj_instr: 0x80409bc
log_idx: 469
log_node.dest_addr: 0x80403de
 
Current node
start_addr: 0x80403de
end_addr: 0x80403e6
successors: ['0x80403ea', '0x80409a4']
parents: ['0x80409a4', '0x80409b4', '0x80409ae']
type: cond
adj_instr: 0x80403ea
log_idx: 470
log_node.dest_addr: 0x80403ea
 
Current node
start_addr: 0x80403ea
end_addr: 0x80403f4
successors: ['0x80405d8', '0x80405e0', '0x80405e8', '0x80405f0', '0x80405f8', '0x8040600', '0x8040608', '0x8040610', '0x8040618', '0x8040620', '0x8040628', '0x8040630', '0x8040638', '0x8040640', '0x8040648', '0x8040650', '0x8040658', '0x8040660', '0x8040668', '0x8040670', '0x8040678', '0x8040680', '0x8040688', '0x8040690', '0x8040698', '0x80406a0', '0x80406a8', '0x80406b0', '0x80406b8', '0x80406c0', '0x80406c8', '0x80406dc', '0x80406e4', '0x80406ec', '0x80406f4', '0x80406fc', '0x8040704', '0x804070c', '0x8040714', '0x804071c', '0x8040724', '0x804072c', '0x8040734', '0x804073c', '0x8040744', '0x804074c', '0x8040754', '0x804075c', '0x8040764', '0x804076c', '0x8040774', '0x804077c', '0x8040784', '0x804078c', '0x8040794', '0x804079c', '0x80407a4', '0x80407ac', '0x80407b4', '0x80407bc', '0x80407c4', '0x80407cc', '0x80407d4', '0x80407dc', '0x80407e4', '0x80407ec', '0x80407f4', '0x80407fc', '0x8040804', '0x804080c', '0x8040814', '0x804081c', '0x8040824', '0x804082c', '0x8040834', '0x804083c', '0x8040844', '0x804084c', '0x8040854', '0x804085c', '0x8040864', '0x804086c', '0x8040874', '0x804087c', '0x8040884', '0x804088c', '0x8040894', '0x804089c', '0x80408a4', '0x80408ac', '0x80408b4', '0x80408bc', '0x80408c4', '0x80408cc', '0x80408d4', '0x80408dc', '0x80408e4', '0x80408ec', '0x80408f4', '0x80408fc', '0x8040904', '0x804090c', '0x8040914', '0x804091c', '0x8040924', '0x804092c', '0x8040934', '0x804093c', '0x8040944', '0x804094c', '0x8040954', '0x804095c', '0x8040964', '0x804096c', '0x8040974', '0x804097c', '0x8040984', '0x804098c', '0x8040994', '0x804099c']
parents: ['0x80403de']
type: uncond
adj_instr: 0x80405d8
log_idx: 471
log_node.dest_addr: 0x80408b4
 
Current node
start_addr: 0x80408b4
end_addr: 0x80408ba
successors: ['0x80409ae']
parents: ['0x80403ea']
type: uncond
adj_instr: 0x80408bc
log_idx: 472
log_node.dest_addr: 0x80403de
-----
changed node
start_addr: 0x80409ae
end_addr: 0x80409b8
successors: ['0x80409bc', '0x80403de']
parents: ['0x80405d8', '0x80405e0', '0x80405e8', '0x80405f0', '0x80405f8', '0x8040600', '0x8040608', '0x8040610', '0x8040618', '0x8040620', '0x8040628', '0x8040630', '0x8040638', '0x8040640', '0x8040648', '0x8040650', '0x8040658', '0x8040660', '0x8040668', '0x8040670', '0x8040678', '0x8040680', '0x8040688', '0x8040690', '0x8040698', '0x80406a0', '0x80406a8', '0x80406b0', '0x80406b8', '0x80406c0', '0x80406c8', '0x80406dc', '0x80406e4', '0x80406ec', '0x80406f4', '0x80406fc', '0x8040704', '0x804070c', '0x8040714', '0x804071c', '0x8040724', '0x804072c', '0x8040734', '0x804073c', '0x8040744', '0x804074c', '0x8040754', '0x804075c', '0x8040764', '0x804076c', '0x8040774', '0x804077c', '0x8040784', '0x804078c', '0x8040794', '0x804079c', '0x80407a4', '0x80407ac', '0x80407b4', '0x80407bc', '0x80407c4', '0x80407cc', '0x80407d4', '0x80407dc', '0x80407e4', '0x80407ec', '0x80407f4', '0x80407fc', '0x8040804', '0x804080c', '0x8040814', '0x804081c', '0x8040824', '0x804082c', '0x8040834', '0x804083c', '0x8040844', '0x804084c', '0x8040854', '0x804085c', '0x8040864', '0x804086c', '0x8040874', '0x804087c', '0x8040884', '0x804088c', '0x8040894', '0x804089c', '0x80408a4', '0x80408ac', '0x80408b4', '0x80408bc', '0x80408c4', '0x80408cc', '0x80408d4', '0x80408dc', '0x80408e4', '0x80408ec', '0x80408f4', '0x80408fc', '0x8040904', '0x804090c', '0x8040914', '0x804091c', '0x8040924', '0x804092c', '0x8040934', '0x804093c', '0x8040944', '0x804094c', '0x8040954', '0x804095c', '0x8040964', '0x804096c', '0x8040974', '0x804097c', '0x8040984', '0x804098c', '0x8040994', '0x804099c']
type: cond
adj_instr: 0x80409bc
-----
 
Current node
start_addr: 0x80409ae
end_addr: 0x80409b8
successors: ['0x80409bc', '0x80403de']
parents: ['0x80405d8', '0x80405e0', '0x80405e8', '0x80405f0', '0x80405f8', '0x8040600', '0x8040608', '0x8040610', '0x8040618', '0x8040620', '0x8040628', '0x8040630', '0x8040638', '0x8040640', '0x8040648', '0x8040650', '0x8040658', '0x8040660', '0x8040668', '0x8040670', '0x8040678', '0x8040680', '0x8040688', '0x8040690', '0x8040698', '0x80406a0', '0x80406a8', '0x80406b0', '0x80406b8', '0x80406c0', '0x80406c8', '0x80406dc', '0x80406e4', '0x80406ec', '0x80406f4', '0x80406fc', '0x8040704', '0x804070c', '0x8040714', '0x804071c', '0x8040724', '0x804072c', '0x8040734', '0x804073c', '0x8040744', '0x804074c', '0x8040754', '0x804075c', '0x8040764', '0x804076c', '0x8040774', '0x804077c', '0x8040784', '0x804078c', '0x8040794', '0x804079c', '0x80407a4', '0x80407ac', '0x80407b4', '0x80407bc', '0x80407c4', '0x80407cc', '0x80407d4', '0x80407dc', '0x80407e4', '0x80407ec', '0x80407f4', '0x80407fc', '0x8040804', '0x804080c', '0x8040814', '0x804081c', '0x8040824', '0x804082c', '0x8040834', '0x804083c', '0x8040844', '0x804084c', '0x8040854', '0x804085c', '0x8040864', '0x804086c', '0x8040874', '0x804087c', '0x8040884', '0x804088c', '0x8040894', '0x804089c', '0x80408a4', '0x80408ac', '0x80408b4', '0x80408bc', '0x80408c4', '0x80408cc', '0x80408d4', '0x80408dc', '0x80408e4', '0x80408ec', '0x80408f4', '0x80408fc', '0x8040904', '0x804090c', '0x8040914', '0x804091c', '0x8040924', '0x804092c', '0x8040934', '0x804093c', '0x8040944', '0x804094c', '0x8040954', '0x804095c', '0x8040964', '0x804096c', '0x8040974', '0x804097c', '0x8040984', '0x804098c', '0x8040994', '0x804099c']
type: cond
adj_instr: 0x80409bc
log_idx: 472
log_node.dest_addr: 0x80403de
 
Current node
start_addr: 0x80403de
end_addr: 0x80403e6
successors: ['0x80403ea', '0x80409a4']
parents: ['0x80409a4', '0x80409b4', '0x80409ae']
type: cond
adj_instr: 0x80403ea
log_idx: 473
log_node.dest_addr: 0x80403ea
 
Current node
start_addr: 0x80403ea
end_addr: 0x80403f4
successors: ['0x80405d8', '0x80405e0', '0x80405e8', '0x80405f0', '0x80405f8', '0x8040600', '0x8040608', '0x8040610', '0x8040618', '0x8040620', '0x8040628', '0x8040630', '0x8040638', '0x8040640', '0x8040648', '0x8040650', '0x8040658', '0x8040660', '0x8040668', '0x8040670', '0x8040678', '0x8040680', '0x8040688', '0x8040690', '0x8040698', '0x80406a0', '0x80406a8', '0x80406b0', '0x80406b8', '0x80406c0', '0x80406c8', '0x80406dc', '0x80406e4', '0x80406ec', '0x80406f4', '0x80406fc', '0x8040704', '0x804070c', '0x8040714', '0x804071c', '0x8040724', '0x804072c', '0x8040734', '0x804073c', '0x8040744', '0x804074c', '0x8040754', '0x804075c', '0x8040764', '0x804076c', '0x8040774', '0x804077c', '0x8040784', '0x804078c', '0x8040794', '0x804079c', '0x80407a4', '0x80407ac', '0x80407b4', '0x80407bc', '0x80407c4', '0x80407cc', '0x80407d4', '0x80407dc', '0x80407e4', '0x80407ec', '0x80407f4', '0x80407fc', '0x8040804', '0x804080c', '0x8040814', '0x804081c', '0x8040824', '0x804082c', '0x8040834', '0x804083c', '0x8040844', '0x804084c', '0x8040854', '0x804085c', '0x8040864', '0x804086c', '0x8040874', '0x804087c', '0x8040884', '0x804088c', '0x8040894', '0x804089c', '0x80408a4', '0x80408ac', '0x80408b4', '0x80408bc', '0x80408c4', '0x80408cc', '0x80408d4', '0x80408dc', '0x80408e4', '0x80408ec', '0x80408f4', '0x80408fc', '0x8040904', '0x804090c', '0x8040914', '0x804091c', '0x8040924', '0x804092c', '0x8040934', '0x804093c', '0x8040944', '0x804094c', '0x8040954', '0x804095c', '0x8040964', '0x804096c', '0x8040974', '0x804097c', '0x8040984', '0x804098c', '0x8040994', '0x804099c']
parents: ['0x80403de']
type: uncond
adj_instr: 0x80405d8
log_idx: 474
log_node.dest_addr: 0x80408bc
 
Current node
start_addr: 0x80408bc
end_addr: 0x80408c2
successors: ['0x80409ae']
parents: ['0x80403ea']
type: uncond
adj_instr: 0x80408c4
log_idx: 475
log_node.dest_addr: 0x80403de
-----
changed node
start_addr: 0x80409ae
end_addr: 0x80409b8
successors: ['0x80409bc', '0x80403de']
parents: ['0x80405d8', '0x80405e0', '0x80405e8', '0x80405f0', '0x80405f8', '0x8040600', '0x8040608', '0x8040610', '0x8040618', '0x8040620', '0x8040628', '0x8040630', '0x8040638', '0x8040640', '0x8040648', '0x8040650', '0x8040658', '0x8040660', '0x8040668', '0x8040670', '0x8040678', '0x8040680', '0x8040688', '0x8040690', '0x8040698', '0x80406a0', '0x80406a8', '0x80406b0', '0x80406b8', '0x80406c0', '0x80406c8', '0x80406dc', '0x80406e4', '0x80406ec', '0x80406f4', '0x80406fc', '0x8040704', '0x804070c', '0x8040714', '0x804071c', '0x8040724', '0x804072c', '0x8040734', '0x804073c', '0x8040744', '0x804074c', '0x8040754', '0x804075c', '0x8040764', '0x804076c', '0x8040774', '0x804077c', '0x8040784', '0x804078c', '0x8040794', '0x804079c', '0x80407a4', '0x80407ac', '0x80407b4', '0x80407bc', '0x80407c4', '0x80407cc', '0x80407d4', '0x80407dc', '0x80407e4', '0x80407ec', '0x80407f4', '0x80407fc', '0x8040804', '0x804080c', '0x8040814', '0x804081c', '0x8040824', '0x804082c', '0x8040834', '0x804083c', '0x8040844', '0x804084c', '0x8040854', '0x804085c', '0x8040864', '0x804086c', '0x8040874', '0x804087c', '0x8040884', '0x804088c', '0x8040894', '0x804089c', '0x80408a4', '0x80408ac', '0x80408b4', '0x80408bc', '0x80408c4', '0x80408cc', '0x80408d4', '0x80408dc', '0x80408e4', '0x80408ec', '0x80408f4', '0x80408fc', '0x8040904', '0x804090c', '0x8040914', '0x804091c', '0x8040924', '0x804092c', '0x8040934', '0x804093c', '0x8040944', '0x804094c', '0x8040954', '0x804095c', '0x8040964', '0x804096c', '0x8040974', '0x804097c', '0x8040984', '0x804098c', '0x8040994', '0x804099c']
type: cond
adj_instr: 0x80409bc
-----
 
Current node
start_addr: 0x80409ae
end_addr: 0x80409b8
successors: ['0x80409bc', '0x80403de']
parents: ['0x80405d8', '0x80405e0', '0x80405e8', '0x80405f0', '0x80405f8', '0x8040600', '0x8040608', '0x8040610', '0x8040618', '0x8040620', '0x8040628', '0x8040630', '0x8040638', '0x8040640', '0x8040648', '0x8040650', '0x8040658', '0x8040660', '0x8040668', '0x8040670', '0x8040678', '0x8040680', '0x8040688', '0x8040690', '0x8040698', '0x80406a0', '0x80406a8', '0x80406b0', '0x80406b8', '0x80406c0', '0x80406c8', '0x80406dc', '0x80406e4', '0x80406ec', '0x80406f4', '0x80406fc', '0x8040704', '0x804070c', '0x8040714', '0x804071c', '0x8040724', '0x804072c', '0x8040734', '0x804073c', '0x8040744', '0x804074c', '0x8040754', '0x804075c', '0x8040764', '0x804076c', '0x8040774', '0x804077c', '0x8040784', '0x804078c', '0x8040794', '0x804079c', '0x80407a4', '0x80407ac', '0x80407b4', '0x80407bc', '0x80407c4', '0x80407cc', '0x80407d4', '0x80407dc', '0x80407e4', '0x80407ec', '0x80407f4', '0x80407fc', '0x8040804', '0x804080c', '0x8040814', '0x804081c', '0x8040824', '0x804082c', '0x8040834', '0x804083c', '0x8040844', '0x804084c', '0x8040854', '0x804085c', '0x8040864', '0x804086c', '0x8040874', '0x804087c', '0x8040884', '0x804088c', '0x8040894', '0x804089c', '0x80408a4', '0x80408ac', '0x80408b4', '0x80408bc', '0x80408c4', '0x80408cc', '0x80408d4', '0x80408dc', '0x80408e4', '0x80408ec', '0x80408f4', '0x80408fc', '0x8040904', '0x804090c', '0x8040914', '0x804091c', '0x8040924', '0x804092c', '0x8040934', '0x804093c', '0x8040944', '0x804094c', '0x8040954', '0x804095c', '0x8040964', '0x804096c', '0x8040974', '0x804097c', '0x8040984', '0x804098c', '0x8040994', '0x804099c']
type: cond
adj_instr: 0x80409bc
log_idx: 475
log_node.dest_addr: 0x80403de
 
Current node
start_addr: 0x80403de
end_addr: 0x80403e6
successors: ['0x80403ea', '0x80409a4']
parents: ['0x80409a4', '0x80409b4', '0x80409ae']
type: cond
adj_instr: 0x80403ea
log_idx: 476
log_node.dest_addr: 0x80403ea
 
Current node
start_addr: 0x80403ea
end_addr: 0x80403f4
successors: ['0x80405d8', '0x80405e0', '0x80405e8', '0x80405f0', '0x80405f8', '0x8040600', '0x8040608', '0x8040610', '0x8040618', '0x8040620', '0x8040628', '0x8040630', '0x8040638', '0x8040640', '0x8040648', '0x8040650', '0x8040658', '0x8040660', '0x8040668', '0x8040670', '0x8040678', '0x8040680', '0x8040688', '0x8040690', '0x8040698', '0x80406a0', '0x80406a8', '0x80406b0', '0x80406b8', '0x80406c0', '0x80406c8', '0x80406dc', '0x80406e4', '0x80406ec', '0x80406f4', '0x80406fc', '0x8040704', '0x804070c', '0x8040714', '0x804071c', '0x8040724', '0x804072c', '0x8040734', '0x804073c', '0x8040744', '0x804074c', '0x8040754', '0x804075c', '0x8040764', '0x804076c', '0x8040774', '0x804077c', '0x8040784', '0x804078c', '0x8040794', '0x804079c', '0x80407a4', '0x80407ac', '0x80407b4', '0x80407bc', '0x80407c4', '0x80407cc', '0x80407d4', '0x80407dc', '0x80407e4', '0x80407ec', '0x80407f4', '0x80407fc', '0x8040804', '0x804080c', '0x8040814', '0x804081c', '0x8040824', '0x804082c', '0x8040834', '0x804083c', '0x8040844', '0x804084c', '0x8040854', '0x804085c', '0x8040864', '0x804086c', '0x8040874', '0x804087c', '0x8040884', '0x804088c', '0x8040894', '0x804089c', '0x80408a4', '0x80408ac', '0x80408b4', '0x80408bc', '0x80408c4', '0x80408cc', '0x80408d4', '0x80408dc', '0x80408e4', '0x80408ec', '0x80408f4', '0x80408fc', '0x8040904', '0x804090c', '0x8040914', '0x804091c', '0x8040924', '0x804092c', '0x8040934', '0x804093c', '0x8040944', '0x804094c', '0x8040954', '0x804095c', '0x8040964', '0x804096c', '0x8040974', '0x804097c', '0x8040984', '0x804098c', '0x8040994', '0x804099c']
parents: ['0x80403de']
type: uncond
adj_instr: 0x80405d8
log_idx: 477
log_node.dest_addr: 0x80408c4
 
Current node
start_addr: 0x80408c4
end_addr: 0x80408ca
successors: ['0x80409ae']
parents: ['0x80403ea']
type: uncond
adj_instr: 0x80408cc
log_idx: 478
log_node.dest_addr: 0x80403de
-----
changed node
start_addr: 0x80409ae
end_addr: 0x80409b8
successors: ['0x80409bc', '0x80403de']
parents: ['0x80405d8', '0x80405e0', '0x80405e8', '0x80405f0', '0x80405f8', '0x8040600', '0x8040608', '0x8040610', '0x8040618', '0x8040620', '0x8040628', '0x8040630', '0x8040638', '0x8040640', '0x8040648', '0x8040650', '0x8040658', '0x8040660', '0x8040668', '0x8040670', '0x8040678', '0x8040680', '0x8040688', '0x8040690', '0x8040698', '0x80406a0', '0x80406a8', '0x80406b0', '0x80406b8', '0x80406c0', '0x80406c8', '0x80406dc', '0x80406e4', '0x80406ec', '0x80406f4', '0x80406fc', '0x8040704', '0x804070c', '0x8040714', '0x804071c', '0x8040724', '0x804072c', '0x8040734', '0x804073c', '0x8040744', '0x804074c', '0x8040754', '0x804075c', '0x8040764', '0x804076c', '0x8040774', '0x804077c', '0x8040784', '0x804078c', '0x8040794', '0x804079c', '0x80407a4', '0x80407ac', '0x80407b4', '0x80407bc', '0x80407c4', '0x80407cc', '0x80407d4', '0x80407dc', '0x80407e4', '0x80407ec', '0x80407f4', '0x80407fc', '0x8040804', '0x804080c', '0x8040814', '0x804081c', '0x8040824', '0x804082c', '0x8040834', '0x804083c', '0x8040844', '0x804084c', '0x8040854', '0x804085c', '0x8040864', '0x804086c', '0x8040874', '0x804087c', '0x8040884', '0x804088c', '0x8040894', '0x804089c', '0x80408a4', '0x80408ac', '0x80408b4', '0x80408bc', '0x80408c4', '0x80408cc', '0x80408d4', '0x80408dc', '0x80408e4', '0x80408ec', '0x80408f4', '0x80408fc', '0x8040904', '0x804090c', '0x8040914', '0x804091c', '0x8040924', '0x804092c', '0x8040934', '0x804093c', '0x8040944', '0x804094c', '0x8040954', '0x804095c', '0x8040964', '0x804096c', '0x8040974', '0x804097c', '0x8040984', '0x804098c', '0x8040994', '0x804099c']
type: cond
adj_instr: 0x80409bc
-----
 
Current node
start_addr: 0x80409ae
end_addr: 0x80409b8
successors: ['0x80409bc', '0x80403de']
parents: ['0x80405d8', '0x80405e0', '0x80405e8', '0x80405f0', '0x80405f8', '0x8040600', '0x8040608', '0x8040610', '0x8040618', '0x8040620', '0x8040628', '0x8040630', '0x8040638', '0x8040640', '0x8040648', '0x8040650', '0x8040658', '0x8040660', '0x8040668', '0x8040670', '0x8040678', '0x8040680', '0x8040688', '0x8040690', '0x8040698', '0x80406a0', '0x80406a8', '0x80406b0', '0x80406b8', '0x80406c0', '0x80406c8', '0x80406dc', '0x80406e4', '0x80406ec', '0x80406f4', '0x80406fc', '0x8040704', '0x804070c', '0x8040714', '0x804071c', '0x8040724', '0x804072c', '0x8040734', '0x804073c', '0x8040744', '0x804074c', '0x8040754', '0x804075c', '0x8040764', '0x804076c', '0x8040774', '0x804077c', '0x8040784', '0x804078c', '0x8040794', '0x804079c', '0x80407a4', '0x80407ac', '0x80407b4', '0x80407bc', '0x80407c4', '0x80407cc', '0x80407d4', '0x80407dc', '0x80407e4', '0x80407ec', '0x80407f4', '0x80407fc', '0x8040804', '0x804080c', '0x8040814', '0x804081c', '0x8040824', '0x804082c', '0x8040834', '0x804083c', '0x8040844', '0x804084c', '0x8040854', '0x804085c', '0x8040864', '0x804086c', '0x8040874', '0x804087c', '0x8040884', '0x804088c', '0x8040894', '0x804089c', '0x80408a4', '0x80408ac', '0x80408b4', '0x80408bc', '0x80408c4', '0x80408cc', '0x80408d4', '0x80408dc', '0x80408e4', '0x80408ec', '0x80408f4', '0x80408fc', '0x8040904', '0x804090c', '0x8040914', '0x804091c', '0x8040924', '0x804092c', '0x8040934', '0x804093c', '0x8040944', '0x804094c', '0x8040954', '0x804095c', '0x8040964', '0x804096c', '0x8040974', '0x804097c', '0x8040984', '0x804098c', '0x8040994', '0x804099c']
type: cond
adj_instr: 0x80409bc
log_idx: 478
log_node.dest_addr: 0x80403de
 
Current node
start_addr: 0x80403de
end_addr: 0x80403e6
successors: ['0x80403ea', '0x80409a4']
parents: ['0x80409a4', '0x80409b4', '0x80409ae']
type: cond
adj_instr: 0x80403ea
log_idx: 479
log_node.dest_addr: 0x80403ea
 
Current node
start_addr: 0x80403ea
end_addr: 0x80403f4
successors: ['0x80405d8', '0x80405e0', '0x80405e8', '0x80405f0', '0x80405f8', '0x8040600', '0x8040608', '0x8040610', '0x8040618', '0x8040620', '0x8040628', '0x8040630', '0x8040638', '0x8040640', '0x8040648', '0x8040650', '0x8040658', '0x8040660', '0x8040668', '0x8040670', '0x8040678', '0x8040680', '0x8040688', '0x8040690', '0x8040698', '0x80406a0', '0x80406a8', '0x80406b0', '0x80406b8', '0x80406c0', '0x80406c8', '0x80406dc', '0x80406e4', '0x80406ec', '0x80406f4', '0x80406fc', '0x8040704', '0x804070c', '0x8040714', '0x804071c', '0x8040724', '0x804072c', '0x8040734', '0x804073c', '0x8040744', '0x804074c', '0x8040754', '0x804075c', '0x8040764', '0x804076c', '0x8040774', '0x804077c', '0x8040784', '0x804078c', '0x8040794', '0x804079c', '0x80407a4', '0x80407ac', '0x80407b4', '0x80407bc', '0x80407c4', '0x80407cc', '0x80407d4', '0x80407dc', '0x80407e4', '0x80407ec', '0x80407f4', '0x80407fc', '0x8040804', '0x804080c', '0x8040814', '0x804081c', '0x8040824', '0x804082c', '0x8040834', '0x804083c', '0x8040844', '0x804084c', '0x8040854', '0x804085c', '0x8040864', '0x804086c', '0x8040874', '0x804087c', '0x8040884', '0x804088c', '0x8040894', '0x804089c', '0x80408a4', '0x80408ac', '0x80408b4', '0x80408bc', '0x80408c4', '0x80408cc', '0x80408d4', '0x80408dc', '0x80408e4', '0x80408ec', '0x80408f4', '0x80408fc', '0x8040904', '0x804090c', '0x8040914', '0x804091c', '0x8040924', '0x804092c', '0x8040934', '0x804093c', '0x8040944', '0x804094c', '0x8040954', '0x804095c', '0x8040964', '0x804096c', '0x8040974', '0x804097c', '0x8040984', '0x804098c', '0x8040994', '0x804099c']
parents: ['0x80403de']
type: uncond
adj_instr: 0x80405d8
log_idx: 480
log_node.dest_addr: 0x80408cc
 
Current node
start_addr: 0x80408cc
end_addr: 0x80408d2
successors: ['0x80409ae']
parents: ['0x80403ea']
type: uncond
adj_instr: 0x80408d4
log_idx: 481
log_node.dest_addr: 0x80403de
-----
changed node
start_addr: 0x80409ae
end_addr: 0x80409b8
successors: ['0x80409bc', '0x80403de']
parents: ['0x80405d8', '0x80405e0', '0x80405e8', '0x80405f0', '0x80405f8', '0x8040600', '0x8040608', '0x8040610', '0x8040618', '0x8040620', '0x8040628', '0x8040630', '0x8040638', '0x8040640', '0x8040648', '0x8040650', '0x8040658', '0x8040660', '0x8040668', '0x8040670', '0x8040678', '0x8040680', '0x8040688', '0x8040690', '0x8040698', '0x80406a0', '0x80406a8', '0x80406b0', '0x80406b8', '0x80406c0', '0x80406c8', '0x80406dc', '0x80406e4', '0x80406ec', '0x80406f4', '0x80406fc', '0x8040704', '0x804070c', '0x8040714', '0x804071c', '0x8040724', '0x804072c', '0x8040734', '0x804073c', '0x8040744', '0x804074c', '0x8040754', '0x804075c', '0x8040764', '0x804076c', '0x8040774', '0x804077c', '0x8040784', '0x804078c', '0x8040794', '0x804079c', '0x80407a4', '0x80407ac', '0x80407b4', '0x80407bc', '0x80407c4', '0x80407cc', '0x80407d4', '0x80407dc', '0x80407e4', '0x80407ec', '0x80407f4', '0x80407fc', '0x8040804', '0x804080c', '0x8040814', '0x804081c', '0x8040824', '0x804082c', '0x8040834', '0x804083c', '0x8040844', '0x804084c', '0x8040854', '0x804085c', '0x8040864', '0x804086c', '0x8040874', '0x804087c', '0x8040884', '0x804088c', '0x8040894', '0x804089c', '0x80408a4', '0x80408ac', '0x80408b4', '0x80408bc', '0x80408c4', '0x80408cc', '0x80408d4', '0x80408dc', '0x80408e4', '0x80408ec', '0x80408f4', '0x80408fc', '0x8040904', '0x804090c', '0x8040914', '0x804091c', '0x8040924', '0x804092c', '0x8040934', '0x804093c', '0x8040944', '0x804094c', '0x8040954', '0x804095c', '0x8040964', '0x804096c', '0x8040974', '0x804097c', '0x8040984', '0x804098c', '0x8040994', '0x804099c']
type: cond
adj_instr: 0x80409bc
-----
 
Current node
start_addr: 0x80409ae
end_addr: 0x80409b8
successors: ['0x80409bc', '0x80403de']
parents: ['0x80405d8', '0x80405e0', '0x80405e8', '0x80405f0', '0x80405f8', '0x8040600', '0x8040608', '0x8040610', '0x8040618', '0x8040620', '0x8040628', '0x8040630', '0x8040638', '0x8040640', '0x8040648', '0x8040650', '0x8040658', '0x8040660', '0x8040668', '0x8040670', '0x8040678', '0x8040680', '0x8040688', '0x8040690', '0x8040698', '0x80406a0', '0x80406a8', '0x80406b0', '0x80406b8', '0x80406c0', '0x80406c8', '0x80406dc', '0x80406e4', '0x80406ec', '0x80406f4', '0x80406fc', '0x8040704', '0x804070c', '0x8040714', '0x804071c', '0x8040724', '0x804072c', '0x8040734', '0x804073c', '0x8040744', '0x804074c', '0x8040754', '0x804075c', '0x8040764', '0x804076c', '0x8040774', '0x804077c', '0x8040784', '0x804078c', '0x8040794', '0x804079c', '0x80407a4', '0x80407ac', '0x80407b4', '0x80407bc', '0x80407c4', '0x80407cc', '0x80407d4', '0x80407dc', '0x80407e4', '0x80407ec', '0x80407f4', '0x80407fc', '0x8040804', '0x804080c', '0x8040814', '0x804081c', '0x8040824', '0x804082c', '0x8040834', '0x804083c', '0x8040844', '0x804084c', '0x8040854', '0x804085c', '0x8040864', '0x804086c', '0x8040874', '0x804087c', '0x8040884', '0x804088c', '0x8040894', '0x804089c', '0x80408a4', '0x80408ac', '0x80408b4', '0x80408bc', '0x80408c4', '0x80408cc', '0x80408d4', '0x80408dc', '0x80408e4', '0x80408ec', '0x80408f4', '0x80408fc', '0x8040904', '0x804090c', '0x8040914', '0x804091c', '0x8040924', '0x804092c', '0x8040934', '0x804093c', '0x8040944', '0x804094c', '0x8040954', '0x804095c', '0x8040964', '0x804096c', '0x8040974', '0x804097c', '0x8040984', '0x804098c', '0x8040994', '0x804099c']
type: cond
adj_instr: 0x80409bc
log_idx: 481
log_node.dest_addr: 0x80403de
 
Current node
start_addr: 0x80403de
end_addr: 0x80403e6
successors: ['0x80403ea', '0x80409a4']
parents: ['0x80409a4', '0x80409b4', '0x80409ae']
type: cond
adj_instr: 0x80403ea
log_idx: 482
log_node.dest_addr: 0x80403ea
 
Current node
start_addr: 0x80403ea
end_addr: 0x80403f4
successors: ['0x80405d8', '0x80405e0', '0x80405e8', '0x80405f0', '0x80405f8', '0x8040600', '0x8040608', '0x8040610', '0x8040618', '0x8040620', '0x8040628', '0x8040630', '0x8040638', '0x8040640', '0x8040648', '0x8040650', '0x8040658', '0x8040660', '0x8040668', '0x8040670', '0x8040678', '0x8040680', '0x8040688', '0x8040690', '0x8040698', '0x80406a0', '0x80406a8', '0x80406b0', '0x80406b8', '0x80406c0', '0x80406c8', '0x80406dc', '0x80406e4', '0x80406ec', '0x80406f4', '0x80406fc', '0x8040704', '0x804070c', '0x8040714', '0x804071c', '0x8040724', '0x804072c', '0x8040734', '0x804073c', '0x8040744', '0x804074c', '0x8040754', '0x804075c', '0x8040764', '0x804076c', '0x8040774', '0x804077c', '0x8040784', '0x804078c', '0x8040794', '0x804079c', '0x80407a4', '0x80407ac', '0x80407b4', '0x80407bc', '0x80407c4', '0x80407cc', '0x80407d4', '0x80407dc', '0x80407e4', '0x80407ec', '0x80407f4', '0x80407fc', '0x8040804', '0x804080c', '0x8040814', '0x804081c', '0x8040824', '0x804082c', '0x8040834', '0x804083c', '0x8040844', '0x804084c', '0x8040854', '0x804085c', '0x8040864', '0x804086c', '0x8040874', '0x804087c', '0x8040884', '0x804088c', '0x8040894', '0x804089c', '0x80408a4', '0x80408ac', '0x80408b4', '0x80408bc', '0x80408c4', '0x80408cc', '0x80408d4', '0x80408dc', '0x80408e4', '0x80408ec', '0x80408f4', '0x80408fc', '0x8040904', '0x804090c', '0x8040914', '0x804091c', '0x8040924', '0x804092c', '0x8040934', '0x804093c', '0x8040944', '0x804094c', '0x8040954', '0x804095c', '0x8040964', '0x804096c', '0x8040974', '0x804097c', '0x8040984', '0x804098c', '0x8040994', '0x804099c']
parents: ['0x80403de']
type: uncond
adj_instr: 0x80405d8
log_idx: 483
log_node.dest_addr: 0x80408d4
 
Current node
start_addr: 0x80408d4
end_addr: 0x80408da
successors: ['0x80409ae']
parents: ['0x80403ea']
type: uncond
adj_instr: 0x80408dc
log_idx: 484
log_node.dest_addr: 0x80403de
-----
changed node
start_addr: 0x80409ae
end_addr: 0x80409b8
successors: ['0x80409bc', '0x80403de']
parents: ['0x80405d8', '0x80405e0', '0x80405e8', '0x80405f0', '0x80405f8', '0x8040600', '0x8040608', '0x8040610', '0x8040618', '0x8040620', '0x8040628', '0x8040630', '0x8040638', '0x8040640', '0x8040648', '0x8040650', '0x8040658', '0x8040660', '0x8040668', '0x8040670', '0x8040678', '0x8040680', '0x8040688', '0x8040690', '0x8040698', '0x80406a0', '0x80406a8', '0x80406b0', '0x80406b8', '0x80406c0', '0x80406c8', '0x80406dc', '0x80406e4', '0x80406ec', '0x80406f4', '0x80406fc', '0x8040704', '0x804070c', '0x8040714', '0x804071c', '0x8040724', '0x804072c', '0x8040734', '0x804073c', '0x8040744', '0x804074c', '0x8040754', '0x804075c', '0x8040764', '0x804076c', '0x8040774', '0x804077c', '0x8040784', '0x804078c', '0x8040794', '0x804079c', '0x80407a4', '0x80407ac', '0x80407b4', '0x80407bc', '0x80407c4', '0x80407cc', '0x80407d4', '0x80407dc', '0x80407e4', '0x80407ec', '0x80407f4', '0x80407fc', '0x8040804', '0x804080c', '0x8040814', '0x804081c', '0x8040824', '0x804082c', '0x8040834', '0x804083c', '0x8040844', '0x804084c', '0x8040854', '0x804085c', '0x8040864', '0x804086c', '0x8040874', '0x804087c', '0x8040884', '0x804088c', '0x8040894', '0x804089c', '0x80408a4', '0x80408ac', '0x80408b4', '0x80408bc', '0x80408c4', '0x80408cc', '0x80408d4', '0x80408dc', '0x80408e4', '0x80408ec', '0x80408f4', '0x80408fc', '0x8040904', '0x804090c', '0x8040914', '0x804091c', '0x8040924', '0x804092c', '0x8040934', '0x804093c', '0x8040944', '0x804094c', '0x8040954', '0x804095c', '0x8040964', '0x804096c', '0x8040974', '0x804097c', '0x8040984', '0x804098c', '0x8040994', '0x804099c']
type: cond
adj_instr: 0x80409bc
-----
 
Current node
start_addr: 0x80409ae
end_addr: 0x80409b8
successors: ['0x80409bc', '0x80403de']
parents: ['0x80405d8', '0x80405e0', '0x80405e8', '0x80405f0', '0x80405f8', '0x8040600', '0x8040608', '0x8040610', '0x8040618', '0x8040620', '0x8040628', '0x8040630', '0x8040638', '0x8040640', '0x8040648', '0x8040650', '0x8040658', '0x8040660', '0x8040668', '0x8040670', '0x8040678', '0x8040680', '0x8040688', '0x8040690', '0x8040698', '0x80406a0', '0x80406a8', '0x80406b0', '0x80406b8', '0x80406c0', '0x80406c8', '0x80406dc', '0x80406e4', '0x80406ec', '0x80406f4', '0x80406fc', '0x8040704', '0x804070c', '0x8040714', '0x804071c', '0x8040724', '0x804072c', '0x8040734', '0x804073c', '0x8040744', '0x804074c', '0x8040754', '0x804075c', '0x8040764', '0x804076c', '0x8040774', '0x804077c', '0x8040784', '0x804078c', '0x8040794', '0x804079c', '0x80407a4', '0x80407ac', '0x80407b4', '0x80407bc', '0x80407c4', '0x80407cc', '0x80407d4', '0x80407dc', '0x80407e4', '0x80407ec', '0x80407f4', '0x80407fc', '0x8040804', '0x804080c', '0x8040814', '0x804081c', '0x8040824', '0x804082c', '0x8040834', '0x804083c', '0x8040844', '0x804084c', '0x8040854', '0x804085c', '0x8040864', '0x804086c', '0x8040874', '0x804087c', '0x8040884', '0x804088c', '0x8040894', '0x804089c', '0x80408a4', '0x80408ac', '0x80408b4', '0x80408bc', '0x80408c4', '0x80408cc', '0x80408d4', '0x80408dc', '0x80408e4', '0x80408ec', '0x80408f4', '0x80408fc', '0x8040904', '0x804090c', '0x8040914', '0x804091c', '0x8040924', '0x804092c', '0x8040934', '0x804093c', '0x8040944', '0x804094c', '0x8040954', '0x804095c', '0x8040964', '0x804096c', '0x8040974', '0x804097c', '0x8040984', '0x804098c', '0x8040994', '0x804099c']
type: cond
adj_instr: 0x80409bc
log_idx: 484
log_node.dest_addr: 0x80403de
 
Current node
start_addr: 0x80403de
end_addr: 0x80403e6
successors: ['0x80403ea', '0x80409a4']
parents: ['0x80409a4', '0x80409b4', '0x80409ae']
type: cond
adj_instr: 0x80403ea
log_idx: 485
log_node.dest_addr: 0x80403ea
 
Current node
start_addr: 0x80403ea
end_addr: 0x80403f4
successors: ['0x80405d8', '0x80405e0', '0x80405e8', '0x80405f0', '0x80405f8', '0x8040600', '0x8040608', '0x8040610', '0x8040618', '0x8040620', '0x8040628', '0x8040630', '0x8040638', '0x8040640', '0x8040648', '0x8040650', '0x8040658', '0x8040660', '0x8040668', '0x8040670', '0x8040678', '0x8040680', '0x8040688', '0x8040690', '0x8040698', '0x80406a0', '0x80406a8', '0x80406b0', '0x80406b8', '0x80406c0', '0x80406c8', '0x80406dc', '0x80406e4', '0x80406ec', '0x80406f4', '0x80406fc', '0x8040704', '0x804070c', '0x8040714', '0x804071c', '0x8040724', '0x804072c', '0x8040734', '0x804073c', '0x8040744', '0x804074c', '0x8040754', '0x804075c', '0x8040764', '0x804076c', '0x8040774', '0x804077c', '0x8040784', '0x804078c', '0x8040794', '0x804079c', '0x80407a4', '0x80407ac', '0x80407b4', '0x80407bc', '0x80407c4', '0x80407cc', '0x80407d4', '0x80407dc', '0x80407e4', '0x80407ec', '0x80407f4', '0x80407fc', '0x8040804', '0x804080c', '0x8040814', '0x804081c', '0x8040824', '0x804082c', '0x8040834', '0x804083c', '0x8040844', '0x804084c', '0x8040854', '0x804085c', '0x8040864', '0x804086c', '0x8040874', '0x804087c', '0x8040884', '0x804088c', '0x8040894', '0x804089c', '0x80408a4', '0x80408ac', '0x80408b4', '0x80408bc', '0x80408c4', '0x80408cc', '0x80408d4', '0x80408dc', '0x80408e4', '0x80408ec', '0x80408f4', '0x80408fc', '0x8040904', '0x804090c', '0x8040914', '0x804091c', '0x8040924', '0x804092c', '0x8040934', '0x804093c', '0x8040944', '0x804094c', '0x8040954', '0x804095c', '0x8040964', '0x804096c', '0x8040974', '0x804097c', '0x8040984', '0x804098c', '0x8040994', '0x804099c']
parents: ['0x80403de']
type: uncond
adj_instr: 0x80405d8
log_idx: 486
log_node.dest_addr: 0x80408dc
 
Current node
start_addr: 0x80408dc
end_addr: 0x80408e2
successors: ['0x80409ae']
parents: ['0x80403ea']
type: uncond
adj_instr: 0x80408e4
log_idx: 487
log_node.dest_addr: 0x80403de
-----
changed node
start_addr: 0x80409ae
end_addr: 0x80409b8
successors: ['0x80409bc', '0x80403de']
parents: ['0x80405d8', '0x80405e0', '0x80405e8', '0x80405f0', '0x80405f8', '0x8040600', '0x8040608', '0x8040610', '0x8040618', '0x8040620', '0x8040628', '0x8040630', '0x8040638', '0x8040640', '0x8040648', '0x8040650', '0x8040658', '0x8040660', '0x8040668', '0x8040670', '0x8040678', '0x8040680', '0x8040688', '0x8040690', '0x8040698', '0x80406a0', '0x80406a8', '0x80406b0', '0x80406b8', '0x80406c0', '0x80406c8', '0x80406dc', '0x80406e4', '0x80406ec', '0x80406f4', '0x80406fc', '0x8040704', '0x804070c', '0x8040714', '0x804071c', '0x8040724', '0x804072c', '0x8040734', '0x804073c', '0x8040744', '0x804074c', '0x8040754', '0x804075c', '0x8040764', '0x804076c', '0x8040774', '0x804077c', '0x8040784', '0x804078c', '0x8040794', '0x804079c', '0x80407a4', '0x80407ac', '0x80407b4', '0x80407bc', '0x80407c4', '0x80407cc', '0x80407d4', '0x80407dc', '0x80407e4', '0x80407ec', '0x80407f4', '0x80407fc', '0x8040804', '0x804080c', '0x8040814', '0x804081c', '0x8040824', '0x804082c', '0x8040834', '0x804083c', '0x8040844', '0x804084c', '0x8040854', '0x804085c', '0x8040864', '0x804086c', '0x8040874', '0x804087c', '0x8040884', '0x804088c', '0x8040894', '0x804089c', '0x80408a4', '0x80408ac', '0x80408b4', '0x80408bc', '0x80408c4', '0x80408cc', '0x80408d4', '0x80408dc', '0x80408e4', '0x80408ec', '0x80408f4', '0x80408fc', '0x8040904', '0x804090c', '0x8040914', '0x804091c', '0x8040924', '0x804092c', '0x8040934', '0x804093c', '0x8040944', '0x804094c', '0x8040954', '0x804095c', '0x8040964', '0x804096c', '0x8040974', '0x804097c', '0x8040984', '0x804098c', '0x8040994', '0x804099c']
type: cond
adj_instr: 0x80409bc
-----
 
Current node
start_addr: 0x80409ae
end_addr: 0x80409b8
successors: ['0x80409bc', '0x80403de']
parents: ['0x80405d8', '0x80405e0', '0x80405e8', '0x80405f0', '0x80405f8', '0x8040600', '0x8040608', '0x8040610', '0x8040618', '0x8040620', '0x8040628', '0x8040630', '0x8040638', '0x8040640', '0x8040648', '0x8040650', '0x8040658', '0x8040660', '0x8040668', '0x8040670', '0x8040678', '0x8040680', '0x8040688', '0x8040690', '0x8040698', '0x80406a0', '0x80406a8', '0x80406b0', '0x80406b8', '0x80406c0', '0x80406c8', '0x80406dc', '0x80406e4', '0x80406ec', '0x80406f4', '0x80406fc', '0x8040704', '0x804070c', '0x8040714', '0x804071c', '0x8040724', '0x804072c', '0x8040734', '0x804073c', '0x8040744', '0x804074c', '0x8040754', '0x804075c', '0x8040764', '0x804076c', '0x8040774', '0x804077c', '0x8040784', '0x804078c', '0x8040794', '0x804079c', '0x80407a4', '0x80407ac', '0x80407b4', '0x80407bc', '0x80407c4', '0x80407cc', '0x80407d4', '0x80407dc', '0x80407e4', '0x80407ec', '0x80407f4', '0x80407fc', '0x8040804', '0x804080c', '0x8040814', '0x804081c', '0x8040824', '0x804082c', '0x8040834', '0x804083c', '0x8040844', '0x804084c', '0x8040854', '0x804085c', '0x8040864', '0x804086c', '0x8040874', '0x804087c', '0x8040884', '0x804088c', '0x8040894', '0x804089c', '0x80408a4', '0x80408ac', '0x80408b4', '0x80408bc', '0x80408c4', '0x80408cc', '0x80408d4', '0x80408dc', '0x80408e4', '0x80408ec', '0x80408f4', '0x80408fc', '0x8040904', '0x804090c', '0x8040914', '0x804091c', '0x8040924', '0x804092c', '0x8040934', '0x804093c', '0x8040944', '0x804094c', '0x8040954', '0x804095c', '0x8040964', '0x804096c', '0x8040974', '0x804097c', '0x8040984', '0x804098c', '0x8040994', '0x804099c']
type: cond
adj_instr: 0x80409bc
log_idx: 487
log_node.dest_addr: 0x80403de
 
Current node
start_addr: 0x80403de
end_addr: 0x80403e6
successors: ['0x80403ea', '0x80409a4']
parents: ['0x80409a4', '0x80409b4', '0x80409ae']
type: cond
adj_instr: 0x80403ea
log_idx: 488
log_node.dest_addr: 0x80403ea
 
Current node
start_addr: 0x80403ea
end_addr: 0x80403f4
successors: ['0x80405d8', '0x80405e0', '0x80405e8', '0x80405f0', '0x80405f8', '0x8040600', '0x8040608', '0x8040610', '0x8040618', '0x8040620', '0x8040628', '0x8040630', '0x8040638', '0x8040640', '0x8040648', '0x8040650', '0x8040658', '0x8040660', '0x8040668', '0x8040670', '0x8040678', '0x8040680', '0x8040688', '0x8040690', '0x8040698', '0x80406a0', '0x80406a8', '0x80406b0', '0x80406b8', '0x80406c0', '0x80406c8', '0x80406dc', '0x80406e4', '0x80406ec', '0x80406f4', '0x80406fc', '0x8040704', '0x804070c', '0x8040714', '0x804071c', '0x8040724', '0x804072c', '0x8040734', '0x804073c', '0x8040744', '0x804074c', '0x8040754', '0x804075c', '0x8040764', '0x804076c', '0x8040774', '0x804077c', '0x8040784', '0x804078c', '0x8040794', '0x804079c', '0x80407a4', '0x80407ac', '0x80407b4', '0x80407bc', '0x80407c4', '0x80407cc', '0x80407d4', '0x80407dc', '0x80407e4', '0x80407ec', '0x80407f4', '0x80407fc', '0x8040804', '0x804080c', '0x8040814', '0x804081c', '0x8040824', '0x804082c', '0x8040834', '0x804083c', '0x8040844', '0x804084c', '0x8040854', '0x804085c', '0x8040864', '0x804086c', '0x8040874', '0x804087c', '0x8040884', '0x804088c', '0x8040894', '0x804089c', '0x80408a4', '0x80408ac', '0x80408b4', '0x80408bc', '0x80408c4', '0x80408cc', '0x80408d4', '0x80408dc', '0x80408e4', '0x80408ec', '0x80408f4', '0x80408fc', '0x8040904', '0x804090c', '0x8040914', '0x804091c', '0x8040924', '0x804092c', '0x8040934', '0x804093c', '0x8040944', '0x804094c', '0x8040954', '0x804095c', '0x8040964', '0x804096c', '0x8040974', '0x804097c', '0x8040984', '0x804098c', '0x8040994', '0x804099c']
parents: ['0x80403de']
type: uncond
adj_instr: 0x80405d8
log_idx: 489
log_node.dest_addr: 0x80408e4
 
Current node
start_addr: 0x80408e4
end_addr: 0x80408ea
successors: ['0x80409ae']
parents: ['0x80403ea']
type: uncond
adj_instr: 0x80408ec
log_idx: 490
log_node.dest_addr: 0x80403de
-----
changed node
start_addr: 0x80409ae
end_addr: 0x80409b8
successors: ['0x80409bc', '0x80403de']
parents: ['0x80405d8', '0x80405e0', '0x80405e8', '0x80405f0', '0x80405f8', '0x8040600', '0x8040608', '0x8040610', '0x8040618', '0x8040620', '0x8040628', '0x8040630', '0x8040638', '0x8040640', '0x8040648', '0x8040650', '0x8040658', '0x8040660', '0x8040668', '0x8040670', '0x8040678', '0x8040680', '0x8040688', '0x8040690', '0x8040698', '0x80406a0', '0x80406a8', '0x80406b0', '0x80406b8', '0x80406c0', '0x80406c8', '0x80406dc', '0x80406e4', '0x80406ec', '0x80406f4', '0x80406fc', '0x8040704', '0x804070c', '0x8040714', '0x804071c', '0x8040724', '0x804072c', '0x8040734', '0x804073c', '0x8040744', '0x804074c', '0x8040754', '0x804075c', '0x8040764', '0x804076c', '0x8040774', '0x804077c', '0x8040784', '0x804078c', '0x8040794', '0x804079c', '0x80407a4', '0x80407ac', '0x80407b4', '0x80407bc', '0x80407c4', '0x80407cc', '0x80407d4', '0x80407dc', '0x80407e4', '0x80407ec', '0x80407f4', '0x80407fc', '0x8040804', '0x804080c', '0x8040814', '0x804081c', '0x8040824', '0x804082c', '0x8040834', '0x804083c', '0x8040844', '0x804084c', '0x8040854', '0x804085c', '0x8040864', '0x804086c', '0x8040874', '0x804087c', '0x8040884', '0x804088c', '0x8040894', '0x804089c', '0x80408a4', '0x80408ac', '0x80408b4', '0x80408bc', '0x80408c4', '0x80408cc', '0x80408d4', '0x80408dc', '0x80408e4', '0x80408ec', '0x80408f4', '0x80408fc', '0x8040904', '0x804090c', '0x8040914', '0x804091c', '0x8040924', '0x804092c', '0x8040934', '0x804093c', '0x8040944', '0x804094c', '0x8040954', '0x804095c', '0x8040964', '0x804096c', '0x8040974', '0x804097c', '0x8040984', '0x804098c', '0x8040994', '0x804099c']
type: cond
adj_instr: 0x80409bc
-----
 
Current node
start_addr: 0x80409ae
end_addr: 0x80409b8
successors: ['0x80409bc', '0x80403de']
parents: ['0x80405d8', '0x80405e0', '0x80405e8', '0x80405f0', '0x80405f8', '0x8040600', '0x8040608', '0x8040610', '0x8040618', '0x8040620', '0x8040628', '0x8040630', '0x8040638', '0x8040640', '0x8040648', '0x8040650', '0x8040658', '0x8040660', '0x8040668', '0x8040670', '0x8040678', '0x8040680', '0x8040688', '0x8040690', '0x8040698', '0x80406a0', '0x80406a8', '0x80406b0', '0x80406b8', '0x80406c0', '0x80406c8', '0x80406dc', '0x80406e4', '0x80406ec', '0x80406f4', '0x80406fc', '0x8040704', '0x804070c', '0x8040714', '0x804071c', '0x8040724', '0x804072c', '0x8040734', '0x804073c', '0x8040744', '0x804074c', '0x8040754', '0x804075c', '0x8040764', '0x804076c', '0x8040774', '0x804077c', '0x8040784', '0x804078c', '0x8040794', '0x804079c', '0x80407a4', '0x80407ac', '0x80407b4', '0x80407bc', '0x80407c4', '0x80407cc', '0x80407d4', '0x80407dc', '0x80407e4', '0x80407ec', '0x80407f4', '0x80407fc', '0x8040804', '0x804080c', '0x8040814', '0x804081c', '0x8040824', '0x804082c', '0x8040834', '0x804083c', '0x8040844', '0x804084c', '0x8040854', '0x804085c', '0x8040864', '0x804086c', '0x8040874', '0x804087c', '0x8040884', '0x804088c', '0x8040894', '0x804089c', '0x80408a4', '0x80408ac', '0x80408b4', '0x80408bc', '0x80408c4', '0x80408cc', '0x80408d4', '0x80408dc', '0x80408e4', '0x80408ec', '0x80408f4', '0x80408fc', '0x8040904', '0x804090c', '0x8040914', '0x804091c', '0x8040924', '0x804092c', '0x8040934', '0x804093c', '0x8040944', '0x804094c', '0x8040954', '0x804095c', '0x8040964', '0x804096c', '0x8040974', '0x804097c', '0x8040984', '0x804098c', '0x8040994', '0x804099c']
type: cond
adj_instr: 0x80409bc
log_idx: 490
log_node.dest_addr: 0x80403de
 
Current node
start_addr: 0x80403de
end_addr: 0x80403e6
successors: ['0x80403ea', '0x80409a4']
parents: ['0x80409a4', '0x80409b4', '0x80409ae']
type: cond
adj_instr: 0x80403ea
log_idx: 491
log_node.dest_addr: 0x80403ea
 
Current node
start_addr: 0x80403ea
end_addr: 0x80403f4
successors: ['0x80405d8', '0x80405e0', '0x80405e8', '0x80405f0', '0x80405f8', '0x8040600', '0x8040608', '0x8040610', '0x8040618', '0x8040620', '0x8040628', '0x8040630', '0x8040638', '0x8040640', '0x8040648', '0x8040650', '0x8040658', '0x8040660', '0x8040668', '0x8040670', '0x8040678', '0x8040680', '0x8040688', '0x8040690', '0x8040698', '0x80406a0', '0x80406a8', '0x80406b0', '0x80406b8', '0x80406c0', '0x80406c8', '0x80406dc', '0x80406e4', '0x80406ec', '0x80406f4', '0x80406fc', '0x8040704', '0x804070c', '0x8040714', '0x804071c', '0x8040724', '0x804072c', '0x8040734', '0x804073c', '0x8040744', '0x804074c', '0x8040754', '0x804075c', '0x8040764', '0x804076c', '0x8040774', '0x804077c', '0x8040784', '0x804078c', '0x8040794', '0x804079c', '0x80407a4', '0x80407ac', '0x80407b4', '0x80407bc', '0x80407c4', '0x80407cc', '0x80407d4', '0x80407dc', '0x80407e4', '0x80407ec', '0x80407f4', '0x80407fc', '0x8040804', '0x804080c', '0x8040814', '0x804081c', '0x8040824', '0x804082c', '0x8040834', '0x804083c', '0x8040844', '0x804084c', '0x8040854', '0x804085c', '0x8040864', '0x804086c', '0x8040874', '0x804087c', '0x8040884', '0x804088c', '0x8040894', '0x804089c', '0x80408a4', '0x80408ac', '0x80408b4', '0x80408bc', '0x80408c4', '0x80408cc', '0x80408d4', '0x80408dc', '0x80408e4', '0x80408ec', '0x80408f4', '0x80408fc', '0x8040904', '0x804090c', '0x8040914', '0x804091c', '0x8040924', '0x804092c', '0x8040934', '0x804093c', '0x8040944', '0x804094c', '0x8040954', '0x804095c', '0x8040964', '0x804096c', '0x8040974', '0x804097c', '0x8040984', '0x804098c', '0x8040994', '0x804099c']
parents: ['0x80403de']
type: uncond
adj_instr: 0x80405d8
log_idx: 492
log_node.dest_addr: 0x80408ec
 
Current node
start_addr: 0x80408ec
end_addr: 0x80408f2
successors: ['0x80409ae']
parents: ['0x80403ea']
type: uncond
adj_instr: 0x80408f4
log_idx: 493
log_node.dest_addr: 0x80403de
-----
changed node
start_addr: 0x80409ae
end_addr: 0x80409b8
successors: ['0x80409bc', '0x80403de']
parents: ['0x80405d8', '0x80405e0', '0x80405e8', '0x80405f0', '0x80405f8', '0x8040600', '0x8040608', '0x8040610', '0x8040618', '0x8040620', '0x8040628', '0x8040630', '0x8040638', '0x8040640', '0x8040648', '0x8040650', '0x8040658', '0x8040660', '0x8040668', '0x8040670', '0x8040678', '0x8040680', '0x8040688', '0x8040690', '0x8040698', '0x80406a0', '0x80406a8', '0x80406b0', '0x80406b8', '0x80406c0', '0x80406c8', '0x80406dc', '0x80406e4', '0x80406ec', '0x80406f4', '0x80406fc', '0x8040704', '0x804070c', '0x8040714', '0x804071c', '0x8040724', '0x804072c', '0x8040734', '0x804073c', '0x8040744', '0x804074c', '0x8040754', '0x804075c', '0x8040764', '0x804076c', '0x8040774', '0x804077c', '0x8040784', '0x804078c', '0x8040794', '0x804079c', '0x80407a4', '0x80407ac', '0x80407b4', '0x80407bc', '0x80407c4', '0x80407cc', '0x80407d4', '0x80407dc', '0x80407e4', '0x80407ec', '0x80407f4', '0x80407fc', '0x8040804', '0x804080c', '0x8040814', '0x804081c', '0x8040824', '0x804082c', '0x8040834', '0x804083c', '0x8040844', '0x804084c', '0x8040854', '0x804085c', '0x8040864', '0x804086c', '0x8040874', '0x804087c', '0x8040884', '0x804088c', '0x8040894', '0x804089c', '0x80408a4', '0x80408ac', '0x80408b4', '0x80408bc', '0x80408c4', '0x80408cc', '0x80408d4', '0x80408dc', '0x80408e4', '0x80408ec', '0x80408f4', '0x80408fc', '0x8040904', '0x804090c', '0x8040914', '0x804091c', '0x8040924', '0x804092c', '0x8040934', '0x804093c', '0x8040944', '0x804094c', '0x8040954', '0x804095c', '0x8040964', '0x804096c', '0x8040974', '0x804097c', '0x8040984', '0x804098c', '0x8040994', '0x804099c']
type: cond
adj_instr: 0x80409bc
-----
 
Current node
start_addr: 0x80409ae
end_addr: 0x80409b8
successors: ['0x80409bc', '0x80403de']
parents: ['0x80405d8', '0x80405e0', '0x80405e8', '0x80405f0', '0x80405f8', '0x8040600', '0x8040608', '0x8040610', '0x8040618', '0x8040620', '0x8040628', '0x8040630', '0x8040638', '0x8040640', '0x8040648', '0x8040650', '0x8040658', '0x8040660', '0x8040668', '0x8040670', '0x8040678', '0x8040680', '0x8040688', '0x8040690', '0x8040698', '0x80406a0', '0x80406a8', '0x80406b0', '0x80406b8', '0x80406c0', '0x80406c8', '0x80406dc', '0x80406e4', '0x80406ec', '0x80406f4', '0x80406fc', '0x8040704', '0x804070c', '0x8040714', '0x804071c', '0x8040724', '0x804072c', '0x8040734', '0x804073c', '0x8040744', '0x804074c', '0x8040754', '0x804075c', '0x8040764', '0x804076c', '0x8040774', '0x804077c', '0x8040784', '0x804078c', '0x8040794', '0x804079c', '0x80407a4', '0x80407ac', '0x80407b4', '0x80407bc', '0x80407c4', '0x80407cc', '0x80407d4', '0x80407dc', '0x80407e4', '0x80407ec', '0x80407f4', '0x80407fc', '0x8040804', '0x804080c', '0x8040814', '0x804081c', '0x8040824', '0x804082c', '0x8040834', '0x804083c', '0x8040844', '0x804084c', '0x8040854', '0x804085c', '0x8040864', '0x804086c', '0x8040874', '0x804087c', '0x8040884', '0x804088c', '0x8040894', '0x804089c', '0x80408a4', '0x80408ac', '0x80408b4', '0x80408bc', '0x80408c4', '0x80408cc', '0x80408d4', '0x80408dc', '0x80408e4', '0x80408ec', '0x80408f4', '0x80408fc', '0x8040904', '0x804090c', '0x8040914', '0x804091c', '0x8040924', '0x804092c', '0x8040934', '0x804093c', '0x8040944', '0x804094c', '0x8040954', '0x804095c', '0x8040964', '0x804096c', '0x8040974', '0x804097c', '0x8040984', '0x804098c', '0x8040994', '0x804099c']
type: cond
adj_instr: 0x80409bc
log_idx: 493
log_node.dest_addr: 0x80403de
 
Current node
start_addr: 0x80403de
end_addr: 0x80403e6
successors: ['0x80403ea', '0x80409a4']
parents: ['0x80409a4', '0x80409b4', '0x80409ae']
type: cond
adj_instr: 0x80403ea
log_idx: 494
log_node.dest_addr: 0x80403ea
 
Current node
start_addr: 0x80403ea
end_addr: 0x80403f4
successors: ['0x80405d8', '0x80405e0', '0x80405e8', '0x80405f0', '0x80405f8', '0x8040600', '0x8040608', '0x8040610', '0x8040618', '0x8040620', '0x8040628', '0x8040630', '0x8040638', '0x8040640', '0x8040648', '0x8040650', '0x8040658', '0x8040660', '0x8040668', '0x8040670', '0x8040678', '0x8040680', '0x8040688', '0x8040690', '0x8040698', '0x80406a0', '0x80406a8', '0x80406b0', '0x80406b8', '0x80406c0', '0x80406c8', '0x80406dc', '0x80406e4', '0x80406ec', '0x80406f4', '0x80406fc', '0x8040704', '0x804070c', '0x8040714', '0x804071c', '0x8040724', '0x804072c', '0x8040734', '0x804073c', '0x8040744', '0x804074c', '0x8040754', '0x804075c', '0x8040764', '0x804076c', '0x8040774', '0x804077c', '0x8040784', '0x804078c', '0x8040794', '0x804079c', '0x80407a4', '0x80407ac', '0x80407b4', '0x80407bc', '0x80407c4', '0x80407cc', '0x80407d4', '0x80407dc', '0x80407e4', '0x80407ec', '0x80407f4', '0x80407fc', '0x8040804', '0x804080c', '0x8040814', '0x804081c', '0x8040824', '0x804082c', '0x8040834', '0x804083c', '0x8040844', '0x804084c', '0x8040854', '0x804085c', '0x8040864', '0x804086c', '0x8040874', '0x804087c', '0x8040884', '0x804088c', '0x8040894', '0x804089c', '0x80408a4', '0x80408ac', '0x80408b4', '0x80408bc', '0x80408c4', '0x80408cc', '0x80408d4', '0x80408dc', '0x80408e4', '0x80408ec', '0x80408f4', '0x80408fc', '0x8040904', '0x804090c', '0x8040914', '0x804091c', '0x8040924', '0x804092c', '0x8040934', '0x804093c', '0x8040944', '0x804094c', '0x8040954', '0x804095c', '0x8040964', '0x804096c', '0x8040974', '0x804097c', '0x8040984', '0x804098c', '0x8040994', '0x804099c']
parents: ['0x80403de']
type: uncond
adj_instr: 0x80405d8
log_idx: 495
log_node.dest_addr: 0x80408f4
 
Current node
start_addr: 0x80408f4
end_addr: 0x80408fa
successors: ['0x80409ae']
parents: ['0x80403ea']
type: uncond
adj_instr: 0x80408fc
log_idx: 496
log_node.dest_addr: 0x80403de
-----
changed node
start_addr: 0x80409ae
end_addr: 0x80409b8
successors: ['0x80409bc', '0x80403de']
parents: ['0x80405d8', '0x80405e0', '0x80405e8', '0x80405f0', '0x80405f8', '0x8040600', '0x8040608', '0x8040610', '0x8040618', '0x8040620', '0x8040628', '0x8040630', '0x8040638', '0x8040640', '0x8040648', '0x8040650', '0x8040658', '0x8040660', '0x8040668', '0x8040670', '0x8040678', '0x8040680', '0x8040688', '0x8040690', '0x8040698', '0x80406a0', '0x80406a8', '0x80406b0', '0x80406b8', '0x80406c0', '0x80406c8', '0x80406dc', '0x80406e4', '0x80406ec', '0x80406f4', '0x80406fc', '0x8040704', '0x804070c', '0x8040714', '0x804071c', '0x8040724', '0x804072c', '0x8040734', '0x804073c', '0x8040744', '0x804074c', '0x8040754', '0x804075c', '0x8040764', '0x804076c', '0x8040774', '0x804077c', '0x8040784', '0x804078c', '0x8040794', '0x804079c', '0x80407a4', '0x80407ac', '0x80407b4', '0x80407bc', '0x80407c4', '0x80407cc', '0x80407d4', '0x80407dc', '0x80407e4', '0x80407ec', '0x80407f4', '0x80407fc', '0x8040804', '0x804080c', '0x8040814', '0x804081c', '0x8040824', '0x804082c', '0x8040834', '0x804083c', '0x8040844', '0x804084c', '0x8040854', '0x804085c', '0x8040864', '0x804086c', '0x8040874', '0x804087c', '0x8040884', '0x804088c', '0x8040894', '0x804089c', '0x80408a4', '0x80408ac', '0x80408b4', '0x80408bc', '0x80408c4', '0x80408cc', '0x80408d4', '0x80408dc', '0x80408e4', '0x80408ec', '0x80408f4', '0x80408fc', '0x8040904', '0x804090c', '0x8040914', '0x804091c', '0x8040924', '0x804092c', '0x8040934', '0x804093c', '0x8040944', '0x804094c', '0x8040954', '0x804095c', '0x8040964', '0x804096c', '0x8040974', '0x804097c', '0x8040984', '0x804098c', '0x8040994', '0x804099c']
type: cond
adj_instr: 0x80409bc
-----
 
Current node
start_addr: 0x80409ae
end_addr: 0x80409b8
successors: ['0x80409bc', '0x80403de']
parents: ['0x80405d8', '0x80405e0', '0x80405e8', '0x80405f0', '0x80405f8', '0x8040600', '0x8040608', '0x8040610', '0x8040618', '0x8040620', '0x8040628', '0x8040630', '0x8040638', '0x8040640', '0x8040648', '0x8040650', '0x8040658', '0x8040660', '0x8040668', '0x8040670', '0x8040678', '0x8040680', '0x8040688', '0x8040690', '0x8040698', '0x80406a0', '0x80406a8', '0x80406b0', '0x80406b8', '0x80406c0', '0x80406c8', '0x80406dc', '0x80406e4', '0x80406ec', '0x80406f4', '0x80406fc', '0x8040704', '0x804070c', '0x8040714', '0x804071c', '0x8040724', '0x804072c', '0x8040734', '0x804073c', '0x8040744', '0x804074c', '0x8040754', '0x804075c', '0x8040764', '0x804076c', '0x8040774', '0x804077c', '0x8040784', '0x804078c', '0x8040794', '0x804079c', '0x80407a4', '0x80407ac', '0x80407b4', '0x80407bc', '0x80407c4', '0x80407cc', '0x80407d4', '0x80407dc', '0x80407e4', '0x80407ec', '0x80407f4', '0x80407fc', '0x8040804', '0x804080c', '0x8040814', '0x804081c', '0x8040824', '0x804082c', '0x8040834', '0x804083c', '0x8040844', '0x804084c', '0x8040854', '0x804085c', '0x8040864', '0x804086c', '0x8040874', '0x804087c', '0x8040884', '0x804088c', '0x8040894', '0x804089c', '0x80408a4', '0x80408ac', '0x80408b4', '0x80408bc', '0x80408c4', '0x80408cc', '0x80408d4', '0x80408dc', '0x80408e4', '0x80408ec', '0x80408f4', '0x80408fc', '0x8040904', '0x804090c', '0x8040914', '0x804091c', '0x8040924', '0x804092c', '0x8040934', '0x804093c', '0x8040944', '0x804094c', '0x8040954', '0x804095c', '0x8040964', '0x804096c', '0x8040974', '0x804097c', '0x8040984', '0x804098c', '0x8040994', '0x804099c']
type: cond
adj_instr: 0x80409bc
log_idx: 496
log_node.dest_addr: 0x80403de
 
Current node
start_addr: 0x80403de
end_addr: 0x80403e6
successors: ['0x80403ea', '0x80409a4']
parents: ['0x80409a4', '0x80409b4', '0x80409ae']
type: cond
adj_instr: 0x80403ea
log_idx: 497
log_node.dest_addr: 0x80403ea
 
Current node
start_addr: 0x80403ea
end_addr: 0x80403f4
successors: ['0x80405d8', '0x80405e0', '0x80405e8', '0x80405f0', '0x80405f8', '0x8040600', '0x8040608', '0x8040610', '0x8040618', '0x8040620', '0x8040628', '0x8040630', '0x8040638', '0x8040640', '0x8040648', '0x8040650', '0x8040658', '0x8040660', '0x8040668', '0x8040670', '0x8040678', '0x8040680', '0x8040688', '0x8040690', '0x8040698', '0x80406a0', '0x80406a8', '0x80406b0', '0x80406b8', '0x80406c0', '0x80406c8', '0x80406dc', '0x80406e4', '0x80406ec', '0x80406f4', '0x80406fc', '0x8040704', '0x804070c', '0x8040714', '0x804071c', '0x8040724', '0x804072c', '0x8040734', '0x804073c', '0x8040744', '0x804074c', '0x8040754', '0x804075c', '0x8040764', '0x804076c', '0x8040774', '0x804077c', '0x8040784', '0x804078c', '0x8040794', '0x804079c', '0x80407a4', '0x80407ac', '0x80407b4', '0x80407bc', '0x80407c4', '0x80407cc', '0x80407d4', '0x80407dc', '0x80407e4', '0x80407ec', '0x80407f4', '0x80407fc', '0x8040804', '0x804080c', '0x8040814', '0x804081c', '0x8040824', '0x804082c', '0x8040834', '0x804083c', '0x8040844', '0x804084c', '0x8040854', '0x804085c', '0x8040864', '0x804086c', '0x8040874', '0x804087c', '0x8040884', '0x804088c', '0x8040894', '0x804089c', '0x80408a4', '0x80408ac', '0x80408b4', '0x80408bc', '0x80408c4', '0x80408cc', '0x80408d4', '0x80408dc', '0x80408e4', '0x80408ec', '0x80408f4', '0x80408fc', '0x8040904', '0x804090c', '0x8040914', '0x804091c', '0x8040924', '0x804092c', '0x8040934', '0x804093c', '0x8040944', '0x804094c', '0x8040954', '0x804095c', '0x8040964', '0x804096c', '0x8040974', '0x804097c', '0x8040984', '0x804098c', '0x8040994', '0x804099c']
parents: ['0x80403de']
type: uncond
adj_instr: 0x80405d8
log_idx: 498
log_node.dest_addr: 0x80408fc
 
Current node
start_addr: 0x80408fc
end_addr: 0x8040902
successors: ['0x80409ae']
parents: ['0x80403ea']
type: uncond
adj_instr: 0x8040904
log_idx: 499
log_node.dest_addr: 0x80403de
-----
changed node
start_addr: 0x80409ae
end_addr: 0x80409b8
successors: ['0x80409bc', '0x80403de']
parents: ['0x80405d8', '0x80405e0', '0x80405e8', '0x80405f0', '0x80405f8', '0x8040600', '0x8040608', '0x8040610', '0x8040618', '0x8040620', '0x8040628', '0x8040630', '0x8040638', '0x8040640', '0x8040648', '0x8040650', '0x8040658', '0x8040660', '0x8040668', '0x8040670', '0x8040678', '0x8040680', '0x8040688', '0x8040690', '0x8040698', '0x80406a0', '0x80406a8', '0x80406b0', '0x80406b8', '0x80406c0', '0x80406c8', '0x80406dc', '0x80406e4', '0x80406ec', '0x80406f4', '0x80406fc', '0x8040704', '0x804070c', '0x8040714', '0x804071c', '0x8040724', '0x804072c', '0x8040734', '0x804073c', '0x8040744', '0x804074c', '0x8040754', '0x804075c', '0x8040764', '0x804076c', '0x8040774', '0x804077c', '0x8040784', '0x804078c', '0x8040794', '0x804079c', '0x80407a4', '0x80407ac', '0x80407b4', '0x80407bc', '0x80407c4', '0x80407cc', '0x80407d4', '0x80407dc', '0x80407e4', '0x80407ec', '0x80407f4', '0x80407fc', '0x8040804', '0x804080c', '0x8040814', '0x804081c', '0x8040824', '0x804082c', '0x8040834', '0x804083c', '0x8040844', '0x804084c', '0x8040854', '0x804085c', '0x8040864', '0x804086c', '0x8040874', '0x804087c', '0x8040884', '0x804088c', '0x8040894', '0x804089c', '0x80408a4', '0x80408ac', '0x80408b4', '0x80408bc', '0x80408c4', '0x80408cc', '0x80408d4', '0x80408dc', '0x80408e4', '0x80408ec', '0x80408f4', '0x80408fc', '0x8040904', '0x804090c', '0x8040914', '0x804091c', '0x8040924', '0x804092c', '0x8040934', '0x804093c', '0x8040944', '0x804094c', '0x8040954', '0x804095c', '0x8040964', '0x804096c', '0x8040974', '0x804097c', '0x8040984', '0x804098c', '0x8040994', '0x804099c']
type: cond
adj_instr: 0x80409bc
-----
 
Current node
start_addr: 0x80409ae
end_addr: 0x80409b8
successors: ['0x80409bc', '0x80403de']
parents: ['0x80405d8', '0x80405e0', '0x80405e8', '0x80405f0', '0x80405f8', '0x8040600', '0x8040608', '0x8040610', '0x8040618', '0x8040620', '0x8040628', '0x8040630', '0x8040638', '0x8040640', '0x8040648', '0x8040650', '0x8040658', '0x8040660', '0x8040668', '0x8040670', '0x8040678', '0x8040680', '0x8040688', '0x8040690', '0x8040698', '0x80406a0', '0x80406a8', '0x80406b0', '0x80406b8', '0x80406c0', '0x80406c8', '0x80406dc', '0x80406e4', '0x80406ec', '0x80406f4', '0x80406fc', '0x8040704', '0x804070c', '0x8040714', '0x804071c', '0x8040724', '0x804072c', '0x8040734', '0x804073c', '0x8040744', '0x804074c', '0x8040754', '0x804075c', '0x8040764', '0x804076c', '0x8040774', '0x804077c', '0x8040784', '0x804078c', '0x8040794', '0x804079c', '0x80407a4', '0x80407ac', '0x80407b4', '0x80407bc', '0x80407c4', '0x80407cc', '0x80407d4', '0x80407dc', '0x80407e4', '0x80407ec', '0x80407f4', '0x80407fc', '0x8040804', '0x804080c', '0x8040814', '0x804081c', '0x8040824', '0x804082c', '0x8040834', '0x804083c', '0x8040844', '0x804084c', '0x8040854', '0x804085c', '0x8040864', '0x804086c', '0x8040874', '0x804087c', '0x8040884', '0x804088c', '0x8040894', '0x804089c', '0x80408a4', '0x80408ac', '0x80408b4', '0x80408bc', '0x80408c4', '0x80408cc', '0x80408d4', '0x80408dc', '0x80408e4', '0x80408ec', '0x80408f4', '0x80408fc', '0x8040904', '0x804090c', '0x8040914', '0x804091c', '0x8040924', '0x804092c', '0x8040934', '0x804093c', '0x8040944', '0x804094c', '0x8040954', '0x804095c', '0x8040964', '0x804096c', '0x8040974', '0x804097c', '0x8040984', '0x804098c', '0x8040994', '0x804099c']
type: cond
adj_instr: 0x80409bc
log_idx: 499
log_node.dest_addr: 0x80403de
 
Current node
start_addr: 0x80403de
end_addr: 0x80403e6
successors: ['0x80403ea', '0x80409a4']
parents: ['0x80409a4', '0x80409b4', '0x80409ae']
type: cond
adj_instr: 0x80403ea
log_idx: 500
log_node.dest_addr: 0x80403ea
 
Current node
start_addr: 0x80403ea
end_addr: 0x80403f4
successors: ['0x80405d8', '0x80405e0', '0x80405e8', '0x80405f0', '0x80405f8', '0x8040600', '0x8040608', '0x8040610', '0x8040618', '0x8040620', '0x8040628', '0x8040630', '0x8040638', '0x8040640', '0x8040648', '0x8040650', '0x8040658', '0x8040660', '0x8040668', '0x8040670', '0x8040678', '0x8040680', '0x8040688', '0x8040690', '0x8040698', '0x80406a0', '0x80406a8', '0x80406b0', '0x80406b8', '0x80406c0', '0x80406c8', '0x80406dc', '0x80406e4', '0x80406ec', '0x80406f4', '0x80406fc', '0x8040704', '0x804070c', '0x8040714', '0x804071c', '0x8040724', '0x804072c', '0x8040734', '0x804073c', '0x8040744', '0x804074c', '0x8040754', '0x804075c', '0x8040764', '0x804076c', '0x8040774', '0x804077c', '0x8040784', '0x804078c', '0x8040794', '0x804079c', '0x80407a4', '0x80407ac', '0x80407b4', '0x80407bc', '0x80407c4', '0x80407cc', '0x80407d4', '0x80407dc', '0x80407e4', '0x80407ec', '0x80407f4', '0x80407fc', '0x8040804', '0x804080c', '0x8040814', '0x804081c', '0x8040824', '0x804082c', '0x8040834', '0x804083c', '0x8040844', '0x804084c', '0x8040854', '0x804085c', '0x8040864', '0x804086c', '0x8040874', '0x804087c', '0x8040884', '0x804088c', '0x8040894', '0x804089c', '0x80408a4', '0x80408ac', '0x80408b4', '0x80408bc', '0x80408c4', '0x80408cc', '0x80408d4', '0x80408dc', '0x80408e4', '0x80408ec', '0x80408f4', '0x80408fc', '0x8040904', '0x804090c', '0x8040914', '0x804091c', '0x8040924', '0x804092c', '0x8040934', '0x804093c', '0x8040944', '0x804094c', '0x8040954', '0x804095c', '0x8040964', '0x804096c', '0x8040974', '0x804097c', '0x8040984', '0x804098c', '0x8040994', '0x804099c']
parents: ['0x80403de']
type: uncond
adj_instr: 0x80405d8
log_idx: 501
log_node.dest_addr: 0x8040904
 
Current node
start_addr: 0x8040904
end_addr: 0x804090a
successors: ['0x80409ae']
parents: ['0x80403ea']
type: uncond
adj_instr: 0x804090c
log_idx: 502
log_node.dest_addr: 0x80403de
-----
changed node
start_addr: 0x80409ae
end_addr: 0x80409b8
successors: ['0x80409bc', '0x80403de']
parents: ['0x80405d8', '0x80405e0', '0x80405e8', '0x80405f0', '0x80405f8', '0x8040600', '0x8040608', '0x8040610', '0x8040618', '0x8040620', '0x8040628', '0x8040630', '0x8040638', '0x8040640', '0x8040648', '0x8040650', '0x8040658', '0x8040660', '0x8040668', '0x8040670', '0x8040678', '0x8040680', '0x8040688', '0x8040690', '0x8040698', '0x80406a0', '0x80406a8', '0x80406b0', '0x80406b8', '0x80406c0', '0x80406c8', '0x80406dc', '0x80406e4', '0x80406ec', '0x80406f4', '0x80406fc', '0x8040704', '0x804070c', '0x8040714', '0x804071c', '0x8040724', '0x804072c', '0x8040734', '0x804073c', '0x8040744', '0x804074c', '0x8040754', '0x804075c', '0x8040764', '0x804076c', '0x8040774', '0x804077c', '0x8040784', '0x804078c', '0x8040794', '0x804079c', '0x80407a4', '0x80407ac', '0x80407b4', '0x80407bc', '0x80407c4', '0x80407cc', '0x80407d4', '0x80407dc', '0x80407e4', '0x80407ec', '0x80407f4', '0x80407fc', '0x8040804', '0x804080c', '0x8040814', '0x804081c', '0x8040824', '0x804082c', '0x8040834', '0x804083c', '0x8040844', '0x804084c', '0x8040854', '0x804085c', '0x8040864', '0x804086c', '0x8040874', '0x804087c', '0x8040884', '0x804088c', '0x8040894', '0x804089c', '0x80408a4', '0x80408ac', '0x80408b4', '0x80408bc', '0x80408c4', '0x80408cc', '0x80408d4', '0x80408dc', '0x80408e4', '0x80408ec', '0x80408f4', '0x80408fc', '0x8040904', '0x804090c', '0x8040914', '0x804091c', '0x8040924', '0x804092c', '0x8040934', '0x804093c', '0x8040944', '0x804094c', '0x8040954', '0x804095c', '0x8040964', '0x804096c', '0x8040974', '0x804097c', '0x8040984', '0x804098c', '0x8040994', '0x804099c']
type: cond
adj_instr: 0x80409bc
-----
 
Current node
start_addr: 0x80409ae
end_addr: 0x80409b8
successors: ['0x80409bc', '0x80403de']
parents: ['0x80405d8', '0x80405e0', '0x80405e8', '0x80405f0', '0x80405f8', '0x8040600', '0x8040608', '0x8040610', '0x8040618', '0x8040620', '0x8040628', '0x8040630', '0x8040638', '0x8040640', '0x8040648', '0x8040650', '0x8040658', '0x8040660', '0x8040668', '0x8040670', '0x8040678', '0x8040680', '0x8040688', '0x8040690', '0x8040698', '0x80406a0', '0x80406a8', '0x80406b0', '0x80406b8', '0x80406c0', '0x80406c8', '0x80406dc', '0x80406e4', '0x80406ec', '0x80406f4', '0x80406fc', '0x8040704', '0x804070c', '0x8040714', '0x804071c', '0x8040724', '0x804072c', '0x8040734', '0x804073c', '0x8040744', '0x804074c', '0x8040754', '0x804075c', '0x8040764', '0x804076c', '0x8040774', '0x804077c', '0x8040784', '0x804078c', '0x8040794', '0x804079c', '0x80407a4', '0x80407ac', '0x80407b4', '0x80407bc', '0x80407c4', '0x80407cc', '0x80407d4', '0x80407dc', '0x80407e4', '0x80407ec', '0x80407f4', '0x80407fc', '0x8040804', '0x804080c', '0x8040814', '0x804081c', '0x8040824', '0x804082c', '0x8040834', '0x804083c', '0x8040844', '0x804084c', '0x8040854', '0x804085c', '0x8040864', '0x804086c', '0x8040874', '0x804087c', '0x8040884', '0x804088c', '0x8040894', '0x804089c', '0x80408a4', '0x80408ac', '0x80408b4', '0x80408bc', '0x80408c4', '0x80408cc', '0x80408d4', '0x80408dc', '0x80408e4', '0x80408ec', '0x80408f4', '0x80408fc', '0x8040904', '0x804090c', '0x8040914', '0x804091c', '0x8040924', '0x804092c', '0x8040934', '0x804093c', '0x8040944', '0x804094c', '0x8040954', '0x804095c', '0x8040964', '0x804096c', '0x8040974', '0x804097c', '0x8040984', '0x804098c', '0x8040994', '0x804099c']
type: cond
adj_instr: 0x80409bc
log_idx: 502
log_node.dest_addr: 0x80403de
 
Current node
start_addr: 0x80403de
end_addr: 0x80403e6
successors: ['0x80403ea', '0x80409a4']
parents: ['0x80409a4', '0x80409b4', '0x80409ae']
type: cond
adj_instr: 0x80403ea
log_idx: 503
log_node.dest_addr: 0x80403ea
 
Current node
start_addr: 0x80403ea
end_addr: 0x80403f4
successors: ['0x80405d8', '0x80405e0', '0x80405e8', '0x80405f0', '0x80405f8', '0x8040600', '0x8040608', '0x8040610', '0x8040618', '0x8040620', '0x8040628', '0x8040630', '0x8040638', '0x8040640', '0x8040648', '0x8040650', '0x8040658', '0x8040660', '0x8040668', '0x8040670', '0x8040678', '0x8040680', '0x8040688', '0x8040690', '0x8040698', '0x80406a0', '0x80406a8', '0x80406b0', '0x80406b8', '0x80406c0', '0x80406c8', '0x80406dc', '0x80406e4', '0x80406ec', '0x80406f4', '0x80406fc', '0x8040704', '0x804070c', '0x8040714', '0x804071c', '0x8040724', '0x804072c', '0x8040734', '0x804073c', '0x8040744', '0x804074c', '0x8040754', '0x804075c', '0x8040764', '0x804076c', '0x8040774', '0x804077c', '0x8040784', '0x804078c', '0x8040794', '0x804079c', '0x80407a4', '0x80407ac', '0x80407b4', '0x80407bc', '0x80407c4', '0x80407cc', '0x80407d4', '0x80407dc', '0x80407e4', '0x80407ec', '0x80407f4', '0x80407fc', '0x8040804', '0x804080c', '0x8040814', '0x804081c', '0x8040824', '0x804082c', '0x8040834', '0x804083c', '0x8040844', '0x804084c', '0x8040854', '0x804085c', '0x8040864', '0x804086c', '0x8040874', '0x804087c', '0x8040884', '0x804088c', '0x8040894', '0x804089c', '0x80408a4', '0x80408ac', '0x80408b4', '0x80408bc', '0x80408c4', '0x80408cc', '0x80408d4', '0x80408dc', '0x80408e4', '0x80408ec', '0x80408f4', '0x80408fc', '0x8040904', '0x804090c', '0x8040914', '0x804091c', '0x8040924', '0x804092c', '0x8040934', '0x804093c', '0x8040944', '0x804094c', '0x8040954', '0x804095c', '0x8040964', '0x804096c', '0x8040974', '0x804097c', '0x8040984', '0x804098c', '0x8040994', '0x804099c']
parents: ['0x80403de']
type: uncond
adj_instr: 0x80405d8
log_idx: 504
log_node.dest_addr: 0x804090c
 
Current node
start_addr: 0x804090c
end_addr: 0x8040912
successors: ['0x80409ae']
parents: ['0x80403ea']
type: uncond
adj_instr: 0x8040914
log_idx: 505
log_node.dest_addr: 0x80403de
-----
changed node
start_addr: 0x80409ae
end_addr: 0x80409b8
successors: ['0x80409bc', '0x80403de']
parents: ['0x80405d8', '0x80405e0', '0x80405e8', '0x80405f0', '0x80405f8', '0x8040600', '0x8040608', '0x8040610', '0x8040618', '0x8040620', '0x8040628', '0x8040630', '0x8040638', '0x8040640', '0x8040648', '0x8040650', '0x8040658', '0x8040660', '0x8040668', '0x8040670', '0x8040678', '0x8040680', '0x8040688', '0x8040690', '0x8040698', '0x80406a0', '0x80406a8', '0x80406b0', '0x80406b8', '0x80406c0', '0x80406c8', '0x80406dc', '0x80406e4', '0x80406ec', '0x80406f4', '0x80406fc', '0x8040704', '0x804070c', '0x8040714', '0x804071c', '0x8040724', '0x804072c', '0x8040734', '0x804073c', '0x8040744', '0x804074c', '0x8040754', '0x804075c', '0x8040764', '0x804076c', '0x8040774', '0x804077c', '0x8040784', '0x804078c', '0x8040794', '0x804079c', '0x80407a4', '0x80407ac', '0x80407b4', '0x80407bc', '0x80407c4', '0x80407cc', '0x80407d4', '0x80407dc', '0x80407e4', '0x80407ec', '0x80407f4', '0x80407fc', '0x8040804', '0x804080c', '0x8040814', '0x804081c', '0x8040824', '0x804082c', '0x8040834', '0x804083c', '0x8040844', '0x804084c', '0x8040854', '0x804085c', '0x8040864', '0x804086c', '0x8040874', '0x804087c', '0x8040884', '0x804088c', '0x8040894', '0x804089c', '0x80408a4', '0x80408ac', '0x80408b4', '0x80408bc', '0x80408c4', '0x80408cc', '0x80408d4', '0x80408dc', '0x80408e4', '0x80408ec', '0x80408f4', '0x80408fc', '0x8040904', '0x804090c', '0x8040914', '0x804091c', '0x8040924', '0x804092c', '0x8040934', '0x804093c', '0x8040944', '0x804094c', '0x8040954', '0x804095c', '0x8040964', '0x804096c', '0x8040974', '0x804097c', '0x8040984', '0x804098c', '0x8040994', '0x804099c']
type: cond
adj_instr: 0x80409bc
-----
 
Current node
start_addr: 0x80409ae
end_addr: 0x80409b8
successors: ['0x80409bc', '0x80403de']
parents: ['0x80405d8', '0x80405e0', '0x80405e8', '0x80405f0', '0x80405f8', '0x8040600', '0x8040608', '0x8040610', '0x8040618', '0x8040620', '0x8040628', '0x8040630', '0x8040638', '0x8040640', '0x8040648', '0x8040650', '0x8040658', '0x8040660', '0x8040668', '0x8040670', '0x8040678', '0x8040680', '0x8040688', '0x8040690', '0x8040698', '0x80406a0', '0x80406a8', '0x80406b0', '0x80406b8', '0x80406c0', '0x80406c8', '0x80406dc', '0x80406e4', '0x80406ec', '0x80406f4', '0x80406fc', '0x8040704', '0x804070c', '0x8040714', '0x804071c', '0x8040724', '0x804072c', '0x8040734', '0x804073c', '0x8040744', '0x804074c', '0x8040754', '0x804075c', '0x8040764', '0x804076c', '0x8040774', '0x804077c', '0x8040784', '0x804078c', '0x8040794', '0x804079c', '0x80407a4', '0x80407ac', '0x80407b4', '0x80407bc', '0x80407c4', '0x80407cc', '0x80407d4', '0x80407dc', '0x80407e4', '0x80407ec', '0x80407f4', '0x80407fc', '0x8040804', '0x804080c', '0x8040814', '0x804081c', '0x8040824', '0x804082c', '0x8040834', '0x804083c', '0x8040844', '0x804084c', '0x8040854', '0x804085c', '0x8040864', '0x804086c', '0x8040874', '0x804087c', '0x8040884', '0x804088c', '0x8040894', '0x804089c', '0x80408a4', '0x80408ac', '0x80408b4', '0x80408bc', '0x80408c4', '0x80408cc', '0x80408d4', '0x80408dc', '0x80408e4', '0x80408ec', '0x80408f4', '0x80408fc', '0x8040904', '0x804090c', '0x8040914', '0x804091c', '0x8040924', '0x804092c', '0x8040934', '0x804093c', '0x8040944', '0x804094c', '0x8040954', '0x804095c', '0x8040964', '0x804096c', '0x8040974', '0x804097c', '0x8040984', '0x804098c', '0x8040994', '0x804099c']
type: cond
adj_instr: 0x80409bc
log_idx: 505
log_node.dest_addr: 0x80403de
 
Current node
start_addr: 0x80403de
end_addr: 0x80403e6
successors: ['0x80403ea', '0x80409a4']
parents: ['0x80409a4', '0x80409b4', '0x80409ae']
type: cond
adj_instr: 0x80403ea
log_idx: 506
log_node.dest_addr: 0x80403ea
 
Current node
start_addr: 0x80403ea
end_addr: 0x80403f4
successors: ['0x80405d8', '0x80405e0', '0x80405e8', '0x80405f0', '0x80405f8', '0x8040600', '0x8040608', '0x8040610', '0x8040618', '0x8040620', '0x8040628', '0x8040630', '0x8040638', '0x8040640', '0x8040648', '0x8040650', '0x8040658', '0x8040660', '0x8040668', '0x8040670', '0x8040678', '0x8040680', '0x8040688', '0x8040690', '0x8040698', '0x80406a0', '0x80406a8', '0x80406b0', '0x80406b8', '0x80406c0', '0x80406c8', '0x80406dc', '0x80406e4', '0x80406ec', '0x80406f4', '0x80406fc', '0x8040704', '0x804070c', '0x8040714', '0x804071c', '0x8040724', '0x804072c', '0x8040734', '0x804073c', '0x8040744', '0x804074c', '0x8040754', '0x804075c', '0x8040764', '0x804076c', '0x8040774', '0x804077c', '0x8040784', '0x804078c', '0x8040794', '0x804079c', '0x80407a4', '0x80407ac', '0x80407b4', '0x80407bc', '0x80407c4', '0x80407cc', '0x80407d4', '0x80407dc', '0x80407e4', '0x80407ec', '0x80407f4', '0x80407fc', '0x8040804', '0x804080c', '0x8040814', '0x804081c', '0x8040824', '0x804082c', '0x8040834', '0x804083c', '0x8040844', '0x804084c', '0x8040854', '0x804085c', '0x8040864', '0x804086c', '0x8040874', '0x804087c', '0x8040884', '0x804088c', '0x8040894', '0x804089c', '0x80408a4', '0x80408ac', '0x80408b4', '0x80408bc', '0x80408c4', '0x80408cc', '0x80408d4', '0x80408dc', '0x80408e4', '0x80408ec', '0x80408f4', '0x80408fc', '0x8040904', '0x804090c', '0x8040914', '0x804091c', '0x8040924', '0x804092c', '0x8040934', '0x804093c', '0x8040944', '0x804094c', '0x8040954', '0x804095c', '0x8040964', '0x804096c', '0x8040974', '0x804097c', '0x8040984', '0x804098c', '0x8040994', '0x804099c']
parents: ['0x80403de']
type: uncond
adj_instr: 0x80405d8
log_idx: 507
log_node.dest_addr: 0x8040914
 
Current node
start_addr: 0x8040914
end_addr: 0x804091a
successors: ['0x80409ae']
parents: ['0x80403ea']
type: uncond
adj_instr: 0x804091c
log_idx: 508
log_node.dest_addr: 0x80403de
-----
changed node
start_addr: 0x80409ae
end_addr: 0x80409b8
successors: ['0x80409bc', '0x80403de']
parents: ['0x80405d8', '0x80405e0', '0x80405e8', '0x80405f0', '0x80405f8', '0x8040600', '0x8040608', '0x8040610', '0x8040618', '0x8040620', '0x8040628', '0x8040630', '0x8040638', '0x8040640', '0x8040648', '0x8040650', '0x8040658', '0x8040660', '0x8040668', '0x8040670', '0x8040678', '0x8040680', '0x8040688', '0x8040690', '0x8040698', '0x80406a0', '0x80406a8', '0x80406b0', '0x80406b8', '0x80406c0', '0x80406c8', '0x80406dc', '0x80406e4', '0x80406ec', '0x80406f4', '0x80406fc', '0x8040704', '0x804070c', '0x8040714', '0x804071c', '0x8040724', '0x804072c', '0x8040734', '0x804073c', '0x8040744', '0x804074c', '0x8040754', '0x804075c', '0x8040764', '0x804076c', '0x8040774', '0x804077c', '0x8040784', '0x804078c', '0x8040794', '0x804079c', '0x80407a4', '0x80407ac', '0x80407b4', '0x80407bc', '0x80407c4', '0x80407cc', '0x80407d4', '0x80407dc', '0x80407e4', '0x80407ec', '0x80407f4', '0x80407fc', '0x8040804', '0x804080c', '0x8040814', '0x804081c', '0x8040824', '0x804082c', '0x8040834', '0x804083c', '0x8040844', '0x804084c', '0x8040854', '0x804085c', '0x8040864', '0x804086c', '0x8040874', '0x804087c', '0x8040884', '0x804088c', '0x8040894', '0x804089c', '0x80408a4', '0x80408ac', '0x80408b4', '0x80408bc', '0x80408c4', '0x80408cc', '0x80408d4', '0x80408dc', '0x80408e4', '0x80408ec', '0x80408f4', '0x80408fc', '0x8040904', '0x804090c', '0x8040914', '0x804091c', '0x8040924', '0x804092c', '0x8040934', '0x804093c', '0x8040944', '0x804094c', '0x8040954', '0x804095c', '0x8040964', '0x804096c', '0x8040974', '0x804097c', '0x8040984', '0x804098c', '0x8040994', '0x804099c']
type: cond
adj_instr: 0x80409bc
-----
 
Current node
start_addr: 0x80409ae
end_addr: 0x80409b8
successors: ['0x80409bc', '0x80403de']
parents: ['0x80405d8', '0x80405e0', '0x80405e8', '0x80405f0', '0x80405f8', '0x8040600', '0x8040608', '0x8040610', '0x8040618', '0x8040620', '0x8040628', '0x8040630', '0x8040638', '0x8040640', '0x8040648', '0x8040650', '0x8040658', '0x8040660', '0x8040668', '0x8040670', '0x8040678', '0x8040680', '0x8040688', '0x8040690', '0x8040698', '0x80406a0', '0x80406a8', '0x80406b0', '0x80406b8', '0x80406c0', '0x80406c8', '0x80406dc', '0x80406e4', '0x80406ec', '0x80406f4', '0x80406fc', '0x8040704', '0x804070c', '0x8040714', '0x804071c', '0x8040724', '0x804072c', '0x8040734', '0x804073c', '0x8040744', '0x804074c', '0x8040754', '0x804075c', '0x8040764', '0x804076c', '0x8040774', '0x804077c', '0x8040784', '0x804078c', '0x8040794', '0x804079c', '0x80407a4', '0x80407ac', '0x80407b4', '0x80407bc', '0x80407c4', '0x80407cc', '0x80407d4', '0x80407dc', '0x80407e4', '0x80407ec', '0x80407f4', '0x80407fc', '0x8040804', '0x804080c', '0x8040814', '0x804081c', '0x8040824', '0x804082c', '0x8040834', '0x804083c', '0x8040844', '0x804084c', '0x8040854', '0x804085c', '0x8040864', '0x804086c', '0x8040874', '0x804087c', '0x8040884', '0x804088c', '0x8040894', '0x804089c', '0x80408a4', '0x80408ac', '0x80408b4', '0x80408bc', '0x80408c4', '0x80408cc', '0x80408d4', '0x80408dc', '0x80408e4', '0x80408ec', '0x80408f4', '0x80408fc', '0x8040904', '0x804090c', '0x8040914', '0x804091c', '0x8040924', '0x804092c', '0x8040934', '0x804093c', '0x8040944', '0x804094c', '0x8040954', '0x804095c', '0x8040964', '0x804096c', '0x8040974', '0x804097c', '0x8040984', '0x804098c', '0x8040994', '0x804099c']
type: cond
adj_instr: 0x80409bc
log_idx: 508
log_node.dest_addr: 0x80403de
 
Current node
start_addr: 0x80403de
end_addr: 0x80403e6
successors: ['0x80403ea', '0x80409a4']
parents: ['0x80409a4', '0x80409b4', '0x80409ae']
type: cond
adj_instr: 0x80403ea
log_idx: 509
log_node.dest_addr: 0x80403ea
 
Current node
start_addr: 0x80403ea
end_addr: 0x80403f4
successors: ['0x80405d8', '0x80405e0', '0x80405e8', '0x80405f0', '0x80405f8', '0x8040600', '0x8040608', '0x8040610', '0x8040618', '0x8040620', '0x8040628', '0x8040630', '0x8040638', '0x8040640', '0x8040648', '0x8040650', '0x8040658', '0x8040660', '0x8040668', '0x8040670', '0x8040678', '0x8040680', '0x8040688', '0x8040690', '0x8040698', '0x80406a0', '0x80406a8', '0x80406b0', '0x80406b8', '0x80406c0', '0x80406c8', '0x80406dc', '0x80406e4', '0x80406ec', '0x80406f4', '0x80406fc', '0x8040704', '0x804070c', '0x8040714', '0x804071c', '0x8040724', '0x804072c', '0x8040734', '0x804073c', '0x8040744', '0x804074c', '0x8040754', '0x804075c', '0x8040764', '0x804076c', '0x8040774', '0x804077c', '0x8040784', '0x804078c', '0x8040794', '0x804079c', '0x80407a4', '0x80407ac', '0x80407b4', '0x80407bc', '0x80407c4', '0x80407cc', '0x80407d4', '0x80407dc', '0x80407e4', '0x80407ec', '0x80407f4', '0x80407fc', '0x8040804', '0x804080c', '0x8040814', '0x804081c', '0x8040824', '0x804082c', '0x8040834', '0x804083c', '0x8040844', '0x804084c', '0x8040854', '0x804085c', '0x8040864', '0x804086c', '0x8040874', '0x804087c', '0x8040884', '0x804088c', '0x8040894', '0x804089c', '0x80408a4', '0x80408ac', '0x80408b4', '0x80408bc', '0x80408c4', '0x80408cc', '0x80408d4', '0x80408dc', '0x80408e4', '0x80408ec', '0x80408f4', '0x80408fc', '0x8040904', '0x804090c', '0x8040914', '0x804091c', '0x8040924', '0x804092c', '0x8040934', '0x804093c', '0x8040944', '0x804094c', '0x8040954', '0x804095c', '0x8040964', '0x804096c', '0x8040974', '0x804097c', '0x8040984', '0x804098c', '0x8040994', '0x804099c']
parents: ['0x80403de']
type: uncond
adj_instr: 0x80405d8
log_idx: 510
log_node.dest_addr: 0x804091c
 
Current node
start_addr: 0x804091c
end_addr: 0x8040922
successors: ['0x80409ae']
parents: ['0x80403ea']
type: uncond
adj_instr: 0x8040924
log_idx: 511
log_node.dest_addr: 0x80403de
-----
changed node
start_addr: 0x80409ae
end_addr: 0x80409b8
successors: ['0x80409bc', '0x80403de']
parents: ['0x80405d8', '0x80405e0', '0x80405e8', '0x80405f0', '0x80405f8', '0x8040600', '0x8040608', '0x8040610', '0x8040618', '0x8040620', '0x8040628', '0x8040630', '0x8040638', '0x8040640', '0x8040648', '0x8040650', '0x8040658', '0x8040660', '0x8040668', '0x8040670', '0x8040678', '0x8040680', '0x8040688', '0x8040690', '0x8040698', '0x80406a0', '0x80406a8', '0x80406b0', '0x80406b8', '0x80406c0', '0x80406c8', '0x80406dc', '0x80406e4', '0x80406ec', '0x80406f4', '0x80406fc', '0x8040704', '0x804070c', '0x8040714', '0x804071c', '0x8040724', '0x804072c', '0x8040734', '0x804073c', '0x8040744', '0x804074c', '0x8040754', '0x804075c', '0x8040764', '0x804076c', '0x8040774', '0x804077c', '0x8040784', '0x804078c', '0x8040794', '0x804079c', '0x80407a4', '0x80407ac', '0x80407b4', '0x80407bc', '0x80407c4', '0x80407cc', '0x80407d4', '0x80407dc', '0x80407e4', '0x80407ec', '0x80407f4', '0x80407fc', '0x8040804', '0x804080c', '0x8040814', '0x804081c', '0x8040824', '0x804082c', '0x8040834', '0x804083c', '0x8040844', '0x804084c', '0x8040854', '0x804085c', '0x8040864', '0x804086c', '0x8040874', '0x804087c', '0x8040884', '0x804088c', '0x8040894', '0x804089c', '0x80408a4', '0x80408ac', '0x80408b4', '0x80408bc', '0x80408c4', '0x80408cc', '0x80408d4', '0x80408dc', '0x80408e4', '0x80408ec', '0x80408f4', '0x80408fc', '0x8040904', '0x804090c', '0x8040914', '0x804091c', '0x8040924', '0x804092c', '0x8040934', '0x804093c', '0x8040944', '0x804094c', '0x8040954', '0x804095c', '0x8040964', '0x804096c', '0x8040974', '0x804097c', '0x8040984', '0x804098c', '0x8040994', '0x804099c']
type: cond
adj_instr: 0x80409bc
-----
 
Current node
start_addr: 0x80409ae
end_addr: 0x80409b8
successors: ['0x80409bc', '0x80403de']
parents: ['0x80405d8', '0x80405e0', '0x80405e8', '0x80405f0', '0x80405f8', '0x8040600', '0x8040608', '0x8040610', '0x8040618', '0x8040620', '0x8040628', '0x8040630', '0x8040638', '0x8040640', '0x8040648', '0x8040650', '0x8040658', '0x8040660', '0x8040668', '0x8040670', '0x8040678', '0x8040680', '0x8040688', '0x8040690', '0x8040698', '0x80406a0', '0x80406a8', '0x80406b0', '0x80406b8', '0x80406c0', '0x80406c8', '0x80406dc', '0x80406e4', '0x80406ec', '0x80406f4', '0x80406fc', '0x8040704', '0x804070c', '0x8040714', '0x804071c', '0x8040724', '0x804072c', '0x8040734', '0x804073c', '0x8040744', '0x804074c', '0x8040754', '0x804075c', '0x8040764', '0x804076c', '0x8040774', '0x804077c', '0x8040784', '0x804078c', '0x8040794', '0x804079c', '0x80407a4', '0x80407ac', '0x80407b4', '0x80407bc', '0x80407c4', '0x80407cc', '0x80407d4', '0x80407dc', '0x80407e4', '0x80407ec', '0x80407f4', '0x80407fc', '0x8040804', '0x804080c', '0x8040814', '0x804081c', '0x8040824', '0x804082c', '0x8040834', '0x804083c', '0x8040844', '0x804084c', '0x8040854', '0x804085c', '0x8040864', '0x804086c', '0x8040874', '0x804087c', '0x8040884', '0x804088c', '0x8040894', '0x804089c', '0x80408a4', '0x80408ac', '0x80408b4', '0x80408bc', '0x80408c4', '0x80408cc', '0x80408d4', '0x80408dc', '0x80408e4', '0x80408ec', '0x80408f4', '0x80408fc', '0x8040904', '0x804090c', '0x8040914', '0x804091c', '0x8040924', '0x804092c', '0x8040934', '0x804093c', '0x8040944', '0x804094c', '0x8040954', '0x804095c', '0x8040964', '0x804096c', '0x8040974', '0x804097c', '0x8040984', '0x804098c', '0x8040994', '0x804099c']
type: cond
adj_instr: 0x80409bc
log_idx: 511
log_node.dest_addr: 0x80403de
 
Current node
start_addr: 0x80403de
end_addr: 0x80403e6
successors: ['0x80403ea', '0x80409a4']
parents: ['0x80409a4', '0x80409b4', '0x80409ae']
type: cond
adj_instr: 0x80403ea
log_idx: 512
log_node.dest_addr: 0x80403ea
 
Current node
start_addr: 0x80403ea
end_addr: 0x80403f4
successors: ['0x80405d8', '0x80405e0', '0x80405e8', '0x80405f0', '0x80405f8', '0x8040600', '0x8040608', '0x8040610', '0x8040618', '0x8040620', '0x8040628', '0x8040630', '0x8040638', '0x8040640', '0x8040648', '0x8040650', '0x8040658', '0x8040660', '0x8040668', '0x8040670', '0x8040678', '0x8040680', '0x8040688', '0x8040690', '0x8040698', '0x80406a0', '0x80406a8', '0x80406b0', '0x80406b8', '0x80406c0', '0x80406c8', '0x80406dc', '0x80406e4', '0x80406ec', '0x80406f4', '0x80406fc', '0x8040704', '0x804070c', '0x8040714', '0x804071c', '0x8040724', '0x804072c', '0x8040734', '0x804073c', '0x8040744', '0x804074c', '0x8040754', '0x804075c', '0x8040764', '0x804076c', '0x8040774', '0x804077c', '0x8040784', '0x804078c', '0x8040794', '0x804079c', '0x80407a4', '0x80407ac', '0x80407b4', '0x80407bc', '0x80407c4', '0x80407cc', '0x80407d4', '0x80407dc', '0x80407e4', '0x80407ec', '0x80407f4', '0x80407fc', '0x8040804', '0x804080c', '0x8040814', '0x804081c', '0x8040824', '0x804082c', '0x8040834', '0x804083c', '0x8040844', '0x804084c', '0x8040854', '0x804085c', '0x8040864', '0x804086c', '0x8040874', '0x804087c', '0x8040884', '0x804088c', '0x8040894', '0x804089c', '0x80408a4', '0x80408ac', '0x80408b4', '0x80408bc', '0x80408c4', '0x80408cc', '0x80408d4', '0x80408dc', '0x80408e4', '0x80408ec', '0x80408f4', '0x80408fc', '0x8040904', '0x804090c', '0x8040914', '0x804091c', '0x8040924', '0x804092c', '0x8040934', '0x804093c', '0x8040944', '0x804094c', '0x8040954', '0x804095c', '0x8040964', '0x804096c', '0x8040974', '0x804097c', '0x8040984', '0x804098c', '0x8040994', '0x804099c']
parents: ['0x80403de']
type: uncond
adj_instr: 0x80405d8
log_idx: 513
log_node.dest_addr: 0x8040924
 
Current node
start_addr: 0x8040924
end_addr: 0x804092a
successors: ['0x80409ae']
parents: ['0x80403ea']
type: uncond
adj_instr: 0x804092c
log_idx: 514
log_node.dest_addr: 0x80403de
-----
changed node
start_addr: 0x80409ae
end_addr: 0x80409b8
successors: ['0x80409bc', '0x80403de']
parents: ['0x80405d8', '0x80405e0', '0x80405e8', '0x80405f0', '0x80405f8', '0x8040600', '0x8040608', '0x8040610', '0x8040618', '0x8040620', '0x8040628', '0x8040630', '0x8040638', '0x8040640', '0x8040648', '0x8040650', '0x8040658', '0x8040660', '0x8040668', '0x8040670', '0x8040678', '0x8040680', '0x8040688', '0x8040690', '0x8040698', '0x80406a0', '0x80406a8', '0x80406b0', '0x80406b8', '0x80406c0', '0x80406c8', '0x80406dc', '0x80406e4', '0x80406ec', '0x80406f4', '0x80406fc', '0x8040704', '0x804070c', '0x8040714', '0x804071c', '0x8040724', '0x804072c', '0x8040734', '0x804073c', '0x8040744', '0x804074c', '0x8040754', '0x804075c', '0x8040764', '0x804076c', '0x8040774', '0x804077c', '0x8040784', '0x804078c', '0x8040794', '0x804079c', '0x80407a4', '0x80407ac', '0x80407b4', '0x80407bc', '0x80407c4', '0x80407cc', '0x80407d4', '0x80407dc', '0x80407e4', '0x80407ec', '0x80407f4', '0x80407fc', '0x8040804', '0x804080c', '0x8040814', '0x804081c', '0x8040824', '0x804082c', '0x8040834', '0x804083c', '0x8040844', '0x804084c', '0x8040854', '0x804085c', '0x8040864', '0x804086c', '0x8040874', '0x804087c', '0x8040884', '0x804088c', '0x8040894', '0x804089c', '0x80408a4', '0x80408ac', '0x80408b4', '0x80408bc', '0x80408c4', '0x80408cc', '0x80408d4', '0x80408dc', '0x80408e4', '0x80408ec', '0x80408f4', '0x80408fc', '0x8040904', '0x804090c', '0x8040914', '0x804091c', '0x8040924', '0x804092c', '0x8040934', '0x804093c', '0x8040944', '0x804094c', '0x8040954', '0x804095c', '0x8040964', '0x804096c', '0x8040974', '0x804097c', '0x8040984', '0x804098c', '0x8040994', '0x804099c']
type: cond
adj_instr: 0x80409bc
-----
 
Current node
start_addr: 0x80409ae
end_addr: 0x80409b8
successors: ['0x80409bc', '0x80403de']
parents: ['0x80405d8', '0x80405e0', '0x80405e8', '0x80405f0', '0x80405f8', '0x8040600', '0x8040608', '0x8040610', '0x8040618', '0x8040620', '0x8040628', '0x8040630', '0x8040638', '0x8040640', '0x8040648', '0x8040650', '0x8040658', '0x8040660', '0x8040668', '0x8040670', '0x8040678', '0x8040680', '0x8040688', '0x8040690', '0x8040698', '0x80406a0', '0x80406a8', '0x80406b0', '0x80406b8', '0x80406c0', '0x80406c8', '0x80406dc', '0x80406e4', '0x80406ec', '0x80406f4', '0x80406fc', '0x8040704', '0x804070c', '0x8040714', '0x804071c', '0x8040724', '0x804072c', '0x8040734', '0x804073c', '0x8040744', '0x804074c', '0x8040754', '0x804075c', '0x8040764', '0x804076c', '0x8040774', '0x804077c', '0x8040784', '0x804078c', '0x8040794', '0x804079c', '0x80407a4', '0x80407ac', '0x80407b4', '0x80407bc', '0x80407c4', '0x80407cc', '0x80407d4', '0x80407dc', '0x80407e4', '0x80407ec', '0x80407f4', '0x80407fc', '0x8040804', '0x804080c', '0x8040814', '0x804081c', '0x8040824', '0x804082c', '0x8040834', '0x804083c', '0x8040844', '0x804084c', '0x8040854', '0x804085c', '0x8040864', '0x804086c', '0x8040874', '0x804087c', '0x8040884', '0x804088c', '0x8040894', '0x804089c', '0x80408a4', '0x80408ac', '0x80408b4', '0x80408bc', '0x80408c4', '0x80408cc', '0x80408d4', '0x80408dc', '0x80408e4', '0x80408ec', '0x80408f4', '0x80408fc', '0x8040904', '0x804090c', '0x8040914', '0x804091c', '0x8040924', '0x804092c', '0x8040934', '0x804093c', '0x8040944', '0x804094c', '0x8040954', '0x804095c', '0x8040964', '0x804096c', '0x8040974', '0x804097c', '0x8040984', '0x804098c', '0x8040994', '0x804099c']
type: cond
adj_instr: 0x80409bc
log_idx: 514
log_node.dest_addr: 0x80403de
 
Current node
start_addr: 0x80403de
end_addr: 0x80403e6
successors: ['0x80403ea', '0x80409a4']
parents: ['0x80409a4', '0x80409b4', '0x80409ae']
type: cond
adj_instr: 0x80403ea
log_idx: 515
log_node.dest_addr: 0x80403ea
 
Current node
start_addr: 0x80403ea
end_addr: 0x80403f4
successors: ['0x80405d8', '0x80405e0', '0x80405e8', '0x80405f0', '0x80405f8', '0x8040600', '0x8040608', '0x8040610', '0x8040618', '0x8040620', '0x8040628', '0x8040630', '0x8040638', '0x8040640', '0x8040648', '0x8040650', '0x8040658', '0x8040660', '0x8040668', '0x8040670', '0x8040678', '0x8040680', '0x8040688', '0x8040690', '0x8040698', '0x80406a0', '0x80406a8', '0x80406b0', '0x80406b8', '0x80406c0', '0x80406c8', '0x80406dc', '0x80406e4', '0x80406ec', '0x80406f4', '0x80406fc', '0x8040704', '0x804070c', '0x8040714', '0x804071c', '0x8040724', '0x804072c', '0x8040734', '0x804073c', '0x8040744', '0x804074c', '0x8040754', '0x804075c', '0x8040764', '0x804076c', '0x8040774', '0x804077c', '0x8040784', '0x804078c', '0x8040794', '0x804079c', '0x80407a4', '0x80407ac', '0x80407b4', '0x80407bc', '0x80407c4', '0x80407cc', '0x80407d4', '0x80407dc', '0x80407e4', '0x80407ec', '0x80407f4', '0x80407fc', '0x8040804', '0x804080c', '0x8040814', '0x804081c', '0x8040824', '0x804082c', '0x8040834', '0x804083c', '0x8040844', '0x804084c', '0x8040854', '0x804085c', '0x8040864', '0x804086c', '0x8040874', '0x804087c', '0x8040884', '0x804088c', '0x8040894', '0x804089c', '0x80408a4', '0x80408ac', '0x80408b4', '0x80408bc', '0x80408c4', '0x80408cc', '0x80408d4', '0x80408dc', '0x80408e4', '0x80408ec', '0x80408f4', '0x80408fc', '0x8040904', '0x804090c', '0x8040914', '0x804091c', '0x8040924', '0x804092c', '0x8040934', '0x804093c', '0x8040944', '0x804094c', '0x8040954', '0x804095c', '0x8040964', '0x804096c', '0x8040974', '0x804097c', '0x8040984', '0x804098c', '0x8040994', '0x804099c']
parents: ['0x80403de']
type: uncond
adj_instr: 0x80405d8
log_idx: 516
log_node.dest_addr: 0x804092c
 
Current node
start_addr: 0x804092c
end_addr: 0x8040932
successors: ['0x80409ae']
parents: ['0x80403ea']
type: uncond
adj_instr: 0x8040934
log_idx: 517
log_node.dest_addr: 0x80403de
-----
changed node
start_addr: 0x80409ae
end_addr: 0x80409b8
successors: ['0x80409bc', '0x80403de']
parents: ['0x80405d8', '0x80405e0', '0x80405e8', '0x80405f0', '0x80405f8', '0x8040600', '0x8040608', '0x8040610', '0x8040618', '0x8040620', '0x8040628', '0x8040630', '0x8040638', '0x8040640', '0x8040648', '0x8040650', '0x8040658', '0x8040660', '0x8040668', '0x8040670', '0x8040678', '0x8040680', '0x8040688', '0x8040690', '0x8040698', '0x80406a0', '0x80406a8', '0x80406b0', '0x80406b8', '0x80406c0', '0x80406c8', '0x80406dc', '0x80406e4', '0x80406ec', '0x80406f4', '0x80406fc', '0x8040704', '0x804070c', '0x8040714', '0x804071c', '0x8040724', '0x804072c', '0x8040734', '0x804073c', '0x8040744', '0x804074c', '0x8040754', '0x804075c', '0x8040764', '0x804076c', '0x8040774', '0x804077c', '0x8040784', '0x804078c', '0x8040794', '0x804079c', '0x80407a4', '0x80407ac', '0x80407b4', '0x80407bc', '0x80407c4', '0x80407cc', '0x80407d4', '0x80407dc', '0x80407e4', '0x80407ec', '0x80407f4', '0x80407fc', '0x8040804', '0x804080c', '0x8040814', '0x804081c', '0x8040824', '0x804082c', '0x8040834', '0x804083c', '0x8040844', '0x804084c', '0x8040854', '0x804085c', '0x8040864', '0x804086c', '0x8040874', '0x804087c', '0x8040884', '0x804088c', '0x8040894', '0x804089c', '0x80408a4', '0x80408ac', '0x80408b4', '0x80408bc', '0x80408c4', '0x80408cc', '0x80408d4', '0x80408dc', '0x80408e4', '0x80408ec', '0x80408f4', '0x80408fc', '0x8040904', '0x804090c', '0x8040914', '0x804091c', '0x8040924', '0x804092c', '0x8040934', '0x804093c', '0x8040944', '0x804094c', '0x8040954', '0x804095c', '0x8040964', '0x804096c', '0x8040974', '0x804097c', '0x8040984', '0x804098c', '0x8040994', '0x804099c']
type: cond
adj_instr: 0x80409bc
-----
 
Current node
start_addr: 0x80409ae
end_addr: 0x80409b8
successors: ['0x80409bc', '0x80403de']
parents: ['0x80405d8', '0x80405e0', '0x80405e8', '0x80405f0', '0x80405f8', '0x8040600', '0x8040608', '0x8040610', '0x8040618', '0x8040620', '0x8040628', '0x8040630', '0x8040638', '0x8040640', '0x8040648', '0x8040650', '0x8040658', '0x8040660', '0x8040668', '0x8040670', '0x8040678', '0x8040680', '0x8040688', '0x8040690', '0x8040698', '0x80406a0', '0x80406a8', '0x80406b0', '0x80406b8', '0x80406c0', '0x80406c8', '0x80406dc', '0x80406e4', '0x80406ec', '0x80406f4', '0x80406fc', '0x8040704', '0x804070c', '0x8040714', '0x804071c', '0x8040724', '0x804072c', '0x8040734', '0x804073c', '0x8040744', '0x804074c', '0x8040754', '0x804075c', '0x8040764', '0x804076c', '0x8040774', '0x804077c', '0x8040784', '0x804078c', '0x8040794', '0x804079c', '0x80407a4', '0x80407ac', '0x80407b4', '0x80407bc', '0x80407c4', '0x80407cc', '0x80407d4', '0x80407dc', '0x80407e4', '0x80407ec', '0x80407f4', '0x80407fc', '0x8040804', '0x804080c', '0x8040814', '0x804081c', '0x8040824', '0x804082c', '0x8040834', '0x804083c', '0x8040844', '0x804084c', '0x8040854', '0x804085c', '0x8040864', '0x804086c', '0x8040874', '0x804087c', '0x8040884', '0x804088c', '0x8040894', '0x804089c', '0x80408a4', '0x80408ac', '0x80408b4', '0x80408bc', '0x80408c4', '0x80408cc', '0x80408d4', '0x80408dc', '0x80408e4', '0x80408ec', '0x80408f4', '0x80408fc', '0x8040904', '0x804090c', '0x8040914', '0x804091c', '0x8040924', '0x804092c', '0x8040934', '0x804093c', '0x8040944', '0x804094c', '0x8040954', '0x804095c', '0x8040964', '0x804096c', '0x8040974', '0x804097c', '0x8040984', '0x804098c', '0x8040994', '0x804099c']
type: cond
adj_instr: 0x80409bc
log_idx: 517
log_node.dest_addr: 0x80403de
 
Current node
start_addr: 0x80403de
end_addr: 0x80403e6
successors: ['0x80403ea', '0x80409a4']
parents: ['0x80409a4', '0x80409b4', '0x80409ae']
type: cond
adj_instr: 0x80403ea
log_idx: 518
log_node.dest_addr: 0x80403ea
 
Current node
start_addr: 0x80403ea
end_addr: 0x80403f4
successors: ['0x80405d8', '0x80405e0', '0x80405e8', '0x80405f0', '0x80405f8', '0x8040600', '0x8040608', '0x8040610', '0x8040618', '0x8040620', '0x8040628', '0x8040630', '0x8040638', '0x8040640', '0x8040648', '0x8040650', '0x8040658', '0x8040660', '0x8040668', '0x8040670', '0x8040678', '0x8040680', '0x8040688', '0x8040690', '0x8040698', '0x80406a0', '0x80406a8', '0x80406b0', '0x80406b8', '0x80406c0', '0x80406c8', '0x80406dc', '0x80406e4', '0x80406ec', '0x80406f4', '0x80406fc', '0x8040704', '0x804070c', '0x8040714', '0x804071c', '0x8040724', '0x804072c', '0x8040734', '0x804073c', '0x8040744', '0x804074c', '0x8040754', '0x804075c', '0x8040764', '0x804076c', '0x8040774', '0x804077c', '0x8040784', '0x804078c', '0x8040794', '0x804079c', '0x80407a4', '0x80407ac', '0x80407b4', '0x80407bc', '0x80407c4', '0x80407cc', '0x80407d4', '0x80407dc', '0x80407e4', '0x80407ec', '0x80407f4', '0x80407fc', '0x8040804', '0x804080c', '0x8040814', '0x804081c', '0x8040824', '0x804082c', '0x8040834', '0x804083c', '0x8040844', '0x804084c', '0x8040854', '0x804085c', '0x8040864', '0x804086c', '0x8040874', '0x804087c', '0x8040884', '0x804088c', '0x8040894', '0x804089c', '0x80408a4', '0x80408ac', '0x80408b4', '0x80408bc', '0x80408c4', '0x80408cc', '0x80408d4', '0x80408dc', '0x80408e4', '0x80408ec', '0x80408f4', '0x80408fc', '0x8040904', '0x804090c', '0x8040914', '0x804091c', '0x8040924', '0x804092c', '0x8040934', '0x804093c', '0x8040944', '0x804094c', '0x8040954', '0x804095c', '0x8040964', '0x804096c', '0x8040974', '0x804097c', '0x8040984', '0x804098c', '0x8040994', '0x804099c']
parents: ['0x80403de']
type: uncond
adj_instr: 0x80405d8
log_idx: 519
log_node.dest_addr: 0x8040934
 
Current node
start_addr: 0x8040934
end_addr: 0x804093a
successors: ['0x80409ae']
parents: ['0x80403ea']
type: uncond
adj_instr: 0x804093c
log_idx: 520
log_node.dest_addr: 0x80403de
-----
changed node
start_addr: 0x80409ae
end_addr: 0x80409b8
successors: ['0x80409bc', '0x80403de']
parents: ['0x80405d8', '0x80405e0', '0x80405e8', '0x80405f0', '0x80405f8', '0x8040600', '0x8040608', '0x8040610', '0x8040618', '0x8040620', '0x8040628', '0x8040630', '0x8040638', '0x8040640', '0x8040648', '0x8040650', '0x8040658', '0x8040660', '0x8040668', '0x8040670', '0x8040678', '0x8040680', '0x8040688', '0x8040690', '0x8040698', '0x80406a0', '0x80406a8', '0x80406b0', '0x80406b8', '0x80406c0', '0x80406c8', '0x80406dc', '0x80406e4', '0x80406ec', '0x80406f4', '0x80406fc', '0x8040704', '0x804070c', '0x8040714', '0x804071c', '0x8040724', '0x804072c', '0x8040734', '0x804073c', '0x8040744', '0x804074c', '0x8040754', '0x804075c', '0x8040764', '0x804076c', '0x8040774', '0x804077c', '0x8040784', '0x804078c', '0x8040794', '0x804079c', '0x80407a4', '0x80407ac', '0x80407b4', '0x80407bc', '0x80407c4', '0x80407cc', '0x80407d4', '0x80407dc', '0x80407e4', '0x80407ec', '0x80407f4', '0x80407fc', '0x8040804', '0x804080c', '0x8040814', '0x804081c', '0x8040824', '0x804082c', '0x8040834', '0x804083c', '0x8040844', '0x804084c', '0x8040854', '0x804085c', '0x8040864', '0x804086c', '0x8040874', '0x804087c', '0x8040884', '0x804088c', '0x8040894', '0x804089c', '0x80408a4', '0x80408ac', '0x80408b4', '0x80408bc', '0x80408c4', '0x80408cc', '0x80408d4', '0x80408dc', '0x80408e4', '0x80408ec', '0x80408f4', '0x80408fc', '0x8040904', '0x804090c', '0x8040914', '0x804091c', '0x8040924', '0x804092c', '0x8040934', '0x804093c', '0x8040944', '0x804094c', '0x8040954', '0x804095c', '0x8040964', '0x804096c', '0x8040974', '0x804097c', '0x8040984', '0x804098c', '0x8040994', '0x804099c']
type: cond
adj_instr: 0x80409bc
-----
 
Current node
start_addr: 0x80409ae
end_addr: 0x80409b8
successors: ['0x80409bc', '0x80403de']
parents: ['0x80405d8', '0x80405e0', '0x80405e8', '0x80405f0', '0x80405f8', '0x8040600', '0x8040608', '0x8040610', '0x8040618', '0x8040620', '0x8040628', '0x8040630', '0x8040638', '0x8040640', '0x8040648', '0x8040650', '0x8040658', '0x8040660', '0x8040668', '0x8040670', '0x8040678', '0x8040680', '0x8040688', '0x8040690', '0x8040698', '0x80406a0', '0x80406a8', '0x80406b0', '0x80406b8', '0x80406c0', '0x80406c8', '0x80406dc', '0x80406e4', '0x80406ec', '0x80406f4', '0x80406fc', '0x8040704', '0x804070c', '0x8040714', '0x804071c', '0x8040724', '0x804072c', '0x8040734', '0x804073c', '0x8040744', '0x804074c', '0x8040754', '0x804075c', '0x8040764', '0x804076c', '0x8040774', '0x804077c', '0x8040784', '0x804078c', '0x8040794', '0x804079c', '0x80407a4', '0x80407ac', '0x80407b4', '0x80407bc', '0x80407c4', '0x80407cc', '0x80407d4', '0x80407dc', '0x80407e4', '0x80407ec', '0x80407f4', '0x80407fc', '0x8040804', '0x804080c', '0x8040814', '0x804081c', '0x8040824', '0x804082c', '0x8040834', '0x804083c', '0x8040844', '0x804084c', '0x8040854', '0x804085c', '0x8040864', '0x804086c', '0x8040874', '0x804087c', '0x8040884', '0x804088c', '0x8040894', '0x804089c', '0x80408a4', '0x80408ac', '0x80408b4', '0x80408bc', '0x80408c4', '0x80408cc', '0x80408d4', '0x80408dc', '0x80408e4', '0x80408ec', '0x80408f4', '0x80408fc', '0x8040904', '0x804090c', '0x8040914', '0x804091c', '0x8040924', '0x804092c', '0x8040934', '0x804093c', '0x8040944', '0x804094c', '0x8040954', '0x804095c', '0x8040964', '0x804096c', '0x8040974', '0x804097c', '0x8040984', '0x804098c', '0x8040994', '0x804099c']
type: cond
adj_instr: 0x80409bc
log_idx: 520
log_node.dest_addr: 0x80403de
 
Current node
start_addr: 0x80403de
end_addr: 0x80403e6
successors: ['0x80403ea', '0x80409a4']
parents: ['0x80409a4', '0x80409b4', '0x80409ae']
type: cond
adj_instr: 0x80403ea
log_idx: 521
log_node.dest_addr: 0x80403ea
 
Current node
start_addr: 0x80403ea
end_addr: 0x80403f4
successors: ['0x80405d8', '0x80405e0', '0x80405e8', '0x80405f0', '0x80405f8', '0x8040600', '0x8040608', '0x8040610', '0x8040618', '0x8040620', '0x8040628', '0x8040630', '0x8040638', '0x8040640', '0x8040648', '0x8040650', '0x8040658', '0x8040660', '0x8040668', '0x8040670', '0x8040678', '0x8040680', '0x8040688', '0x8040690', '0x8040698', '0x80406a0', '0x80406a8', '0x80406b0', '0x80406b8', '0x80406c0', '0x80406c8', '0x80406dc', '0x80406e4', '0x80406ec', '0x80406f4', '0x80406fc', '0x8040704', '0x804070c', '0x8040714', '0x804071c', '0x8040724', '0x804072c', '0x8040734', '0x804073c', '0x8040744', '0x804074c', '0x8040754', '0x804075c', '0x8040764', '0x804076c', '0x8040774', '0x804077c', '0x8040784', '0x804078c', '0x8040794', '0x804079c', '0x80407a4', '0x80407ac', '0x80407b4', '0x80407bc', '0x80407c4', '0x80407cc', '0x80407d4', '0x80407dc', '0x80407e4', '0x80407ec', '0x80407f4', '0x80407fc', '0x8040804', '0x804080c', '0x8040814', '0x804081c', '0x8040824', '0x804082c', '0x8040834', '0x804083c', '0x8040844', '0x804084c', '0x8040854', '0x804085c', '0x8040864', '0x804086c', '0x8040874', '0x804087c', '0x8040884', '0x804088c', '0x8040894', '0x804089c', '0x80408a4', '0x80408ac', '0x80408b4', '0x80408bc', '0x80408c4', '0x80408cc', '0x80408d4', '0x80408dc', '0x80408e4', '0x80408ec', '0x80408f4', '0x80408fc', '0x8040904', '0x804090c', '0x8040914', '0x804091c', '0x8040924', '0x804092c', '0x8040934', '0x804093c', '0x8040944', '0x804094c', '0x8040954', '0x804095c', '0x8040964', '0x804096c', '0x8040974', '0x804097c', '0x8040984', '0x804098c', '0x8040994', '0x804099c']
parents: ['0x80403de']
type: uncond
adj_instr: 0x80405d8
log_idx: 522
log_node.dest_addr: 0x804093c
 
Current node
start_addr: 0x804093c
end_addr: 0x8040942
successors: ['0x80409ae']
parents: ['0x80403ea']
type: uncond
adj_instr: 0x8040944
log_idx: 523
log_node.dest_addr: 0x80403de
-----
changed node
start_addr: 0x80409ae
end_addr: 0x80409b8
successors: ['0x80409bc', '0x80403de']
parents: ['0x80405d8', '0x80405e0', '0x80405e8', '0x80405f0', '0x80405f8', '0x8040600', '0x8040608', '0x8040610', '0x8040618', '0x8040620', '0x8040628', '0x8040630', '0x8040638', '0x8040640', '0x8040648', '0x8040650', '0x8040658', '0x8040660', '0x8040668', '0x8040670', '0x8040678', '0x8040680', '0x8040688', '0x8040690', '0x8040698', '0x80406a0', '0x80406a8', '0x80406b0', '0x80406b8', '0x80406c0', '0x80406c8', '0x80406dc', '0x80406e4', '0x80406ec', '0x80406f4', '0x80406fc', '0x8040704', '0x804070c', '0x8040714', '0x804071c', '0x8040724', '0x804072c', '0x8040734', '0x804073c', '0x8040744', '0x804074c', '0x8040754', '0x804075c', '0x8040764', '0x804076c', '0x8040774', '0x804077c', '0x8040784', '0x804078c', '0x8040794', '0x804079c', '0x80407a4', '0x80407ac', '0x80407b4', '0x80407bc', '0x80407c4', '0x80407cc', '0x80407d4', '0x80407dc', '0x80407e4', '0x80407ec', '0x80407f4', '0x80407fc', '0x8040804', '0x804080c', '0x8040814', '0x804081c', '0x8040824', '0x804082c', '0x8040834', '0x804083c', '0x8040844', '0x804084c', '0x8040854', '0x804085c', '0x8040864', '0x804086c', '0x8040874', '0x804087c', '0x8040884', '0x804088c', '0x8040894', '0x804089c', '0x80408a4', '0x80408ac', '0x80408b4', '0x80408bc', '0x80408c4', '0x80408cc', '0x80408d4', '0x80408dc', '0x80408e4', '0x80408ec', '0x80408f4', '0x80408fc', '0x8040904', '0x804090c', '0x8040914', '0x804091c', '0x8040924', '0x804092c', '0x8040934', '0x804093c', '0x8040944', '0x804094c', '0x8040954', '0x804095c', '0x8040964', '0x804096c', '0x8040974', '0x804097c', '0x8040984', '0x804098c', '0x8040994', '0x804099c']
type: cond
adj_instr: 0x80409bc
-----
 
Current node
start_addr: 0x80409ae
end_addr: 0x80409b8
successors: ['0x80409bc', '0x80403de']
parents: ['0x80405d8', '0x80405e0', '0x80405e8', '0x80405f0', '0x80405f8', '0x8040600', '0x8040608', '0x8040610', '0x8040618', '0x8040620', '0x8040628', '0x8040630', '0x8040638', '0x8040640', '0x8040648', '0x8040650', '0x8040658', '0x8040660', '0x8040668', '0x8040670', '0x8040678', '0x8040680', '0x8040688', '0x8040690', '0x8040698', '0x80406a0', '0x80406a8', '0x80406b0', '0x80406b8', '0x80406c0', '0x80406c8', '0x80406dc', '0x80406e4', '0x80406ec', '0x80406f4', '0x80406fc', '0x8040704', '0x804070c', '0x8040714', '0x804071c', '0x8040724', '0x804072c', '0x8040734', '0x804073c', '0x8040744', '0x804074c', '0x8040754', '0x804075c', '0x8040764', '0x804076c', '0x8040774', '0x804077c', '0x8040784', '0x804078c', '0x8040794', '0x804079c', '0x80407a4', '0x80407ac', '0x80407b4', '0x80407bc', '0x80407c4', '0x80407cc', '0x80407d4', '0x80407dc', '0x80407e4', '0x80407ec', '0x80407f4', '0x80407fc', '0x8040804', '0x804080c', '0x8040814', '0x804081c', '0x8040824', '0x804082c', '0x8040834', '0x804083c', '0x8040844', '0x804084c', '0x8040854', '0x804085c', '0x8040864', '0x804086c', '0x8040874', '0x804087c', '0x8040884', '0x804088c', '0x8040894', '0x804089c', '0x80408a4', '0x80408ac', '0x80408b4', '0x80408bc', '0x80408c4', '0x80408cc', '0x80408d4', '0x80408dc', '0x80408e4', '0x80408ec', '0x80408f4', '0x80408fc', '0x8040904', '0x804090c', '0x8040914', '0x804091c', '0x8040924', '0x804092c', '0x8040934', '0x804093c', '0x8040944', '0x804094c', '0x8040954', '0x804095c', '0x8040964', '0x804096c', '0x8040974', '0x804097c', '0x8040984', '0x804098c', '0x8040994', '0x804099c']
type: cond
adj_instr: 0x80409bc
log_idx: 523
log_node.dest_addr: 0x80403de
 
Current node
start_addr: 0x80403de
end_addr: 0x80403e6
successors: ['0x80403ea', '0x80409a4']
parents: ['0x80409a4', '0x80409b4', '0x80409ae']
type: cond
adj_instr: 0x80403ea
log_idx: 524
log_node.dest_addr: 0x80403ea
 
Current node
start_addr: 0x80403ea
end_addr: 0x80403f4
successors: ['0x80405d8', '0x80405e0', '0x80405e8', '0x80405f0', '0x80405f8', '0x8040600', '0x8040608', '0x8040610', '0x8040618', '0x8040620', '0x8040628', '0x8040630', '0x8040638', '0x8040640', '0x8040648', '0x8040650', '0x8040658', '0x8040660', '0x8040668', '0x8040670', '0x8040678', '0x8040680', '0x8040688', '0x8040690', '0x8040698', '0x80406a0', '0x80406a8', '0x80406b0', '0x80406b8', '0x80406c0', '0x80406c8', '0x80406dc', '0x80406e4', '0x80406ec', '0x80406f4', '0x80406fc', '0x8040704', '0x804070c', '0x8040714', '0x804071c', '0x8040724', '0x804072c', '0x8040734', '0x804073c', '0x8040744', '0x804074c', '0x8040754', '0x804075c', '0x8040764', '0x804076c', '0x8040774', '0x804077c', '0x8040784', '0x804078c', '0x8040794', '0x804079c', '0x80407a4', '0x80407ac', '0x80407b4', '0x80407bc', '0x80407c4', '0x80407cc', '0x80407d4', '0x80407dc', '0x80407e4', '0x80407ec', '0x80407f4', '0x80407fc', '0x8040804', '0x804080c', '0x8040814', '0x804081c', '0x8040824', '0x804082c', '0x8040834', '0x804083c', '0x8040844', '0x804084c', '0x8040854', '0x804085c', '0x8040864', '0x804086c', '0x8040874', '0x804087c', '0x8040884', '0x804088c', '0x8040894', '0x804089c', '0x80408a4', '0x80408ac', '0x80408b4', '0x80408bc', '0x80408c4', '0x80408cc', '0x80408d4', '0x80408dc', '0x80408e4', '0x80408ec', '0x80408f4', '0x80408fc', '0x8040904', '0x804090c', '0x8040914', '0x804091c', '0x8040924', '0x804092c', '0x8040934', '0x804093c', '0x8040944', '0x804094c', '0x8040954', '0x804095c', '0x8040964', '0x804096c', '0x8040974', '0x804097c', '0x8040984', '0x804098c', '0x8040994', '0x804099c']
parents: ['0x80403de']
type: uncond
adj_instr: 0x80405d8
log_idx: 525
log_node.dest_addr: 0x8040944
 
Current node
start_addr: 0x8040944
end_addr: 0x804094a
successors: ['0x80409ae']
parents: ['0x80403ea']
type: uncond
adj_instr: 0x804094c
log_idx: 526
log_node.dest_addr: 0x80403de
-----
changed node
start_addr: 0x80409ae
end_addr: 0x80409b8
successors: ['0x80409bc', '0x80403de']
parents: ['0x80405d8', '0x80405e0', '0x80405e8', '0x80405f0', '0x80405f8', '0x8040600', '0x8040608', '0x8040610', '0x8040618', '0x8040620', '0x8040628', '0x8040630', '0x8040638', '0x8040640', '0x8040648', '0x8040650', '0x8040658', '0x8040660', '0x8040668', '0x8040670', '0x8040678', '0x8040680', '0x8040688', '0x8040690', '0x8040698', '0x80406a0', '0x80406a8', '0x80406b0', '0x80406b8', '0x80406c0', '0x80406c8', '0x80406dc', '0x80406e4', '0x80406ec', '0x80406f4', '0x80406fc', '0x8040704', '0x804070c', '0x8040714', '0x804071c', '0x8040724', '0x804072c', '0x8040734', '0x804073c', '0x8040744', '0x804074c', '0x8040754', '0x804075c', '0x8040764', '0x804076c', '0x8040774', '0x804077c', '0x8040784', '0x804078c', '0x8040794', '0x804079c', '0x80407a4', '0x80407ac', '0x80407b4', '0x80407bc', '0x80407c4', '0x80407cc', '0x80407d4', '0x80407dc', '0x80407e4', '0x80407ec', '0x80407f4', '0x80407fc', '0x8040804', '0x804080c', '0x8040814', '0x804081c', '0x8040824', '0x804082c', '0x8040834', '0x804083c', '0x8040844', '0x804084c', '0x8040854', '0x804085c', '0x8040864', '0x804086c', '0x8040874', '0x804087c', '0x8040884', '0x804088c', '0x8040894', '0x804089c', '0x80408a4', '0x80408ac', '0x80408b4', '0x80408bc', '0x80408c4', '0x80408cc', '0x80408d4', '0x80408dc', '0x80408e4', '0x80408ec', '0x80408f4', '0x80408fc', '0x8040904', '0x804090c', '0x8040914', '0x804091c', '0x8040924', '0x804092c', '0x8040934', '0x804093c', '0x8040944', '0x804094c', '0x8040954', '0x804095c', '0x8040964', '0x804096c', '0x8040974', '0x804097c', '0x8040984', '0x804098c', '0x8040994', '0x804099c']
type: cond
adj_instr: 0x80409bc
-----
 
Current node
start_addr: 0x80409ae
end_addr: 0x80409b8
successors: ['0x80409bc', '0x80403de']
parents: ['0x80405d8', '0x80405e0', '0x80405e8', '0x80405f0', '0x80405f8', '0x8040600', '0x8040608', '0x8040610', '0x8040618', '0x8040620', '0x8040628', '0x8040630', '0x8040638', '0x8040640', '0x8040648', '0x8040650', '0x8040658', '0x8040660', '0x8040668', '0x8040670', '0x8040678', '0x8040680', '0x8040688', '0x8040690', '0x8040698', '0x80406a0', '0x80406a8', '0x80406b0', '0x80406b8', '0x80406c0', '0x80406c8', '0x80406dc', '0x80406e4', '0x80406ec', '0x80406f4', '0x80406fc', '0x8040704', '0x804070c', '0x8040714', '0x804071c', '0x8040724', '0x804072c', '0x8040734', '0x804073c', '0x8040744', '0x804074c', '0x8040754', '0x804075c', '0x8040764', '0x804076c', '0x8040774', '0x804077c', '0x8040784', '0x804078c', '0x8040794', '0x804079c', '0x80407a4', '0x80407ac', '0x80407b4', '0x80407bc', '0x80407c4', '0x80407cc', '0x80407d4', '0x80407dc', '0x80407e4', '0x80407ec', '0x80407f4', '0x80407fc', '0x8040804', '0x804080c', '0x8040814', '0x804081c', '0x8040824', '0x804082c', '0x8040834', '0x804083c', '0x8040844', '0x804084c', '0x8040854', '0x804085c', '0x8040864', '0x804086c', '0x8040874', '0x804087c', '0x8040884', '0x804088c', '0x8040894', '0x804089c', '0x80408a4', '0x80408ac', '0x80408b4', '0x80408bc', '0x80408c4', '0x80408cc', '0x80408d4', '0x80408dc', '0x80408e4', '0x80408ec', '0x80408f4', '0x80408fc', '0x8040904', '0x804090c', '0x8040914', '0x804091c', '0x8040924', '0x804092c', '0x8040934', '0x804093c', '0x8040944', '0x804094c', '0x8040954', '0x804095c', '0x8040964', '0x804096c', '0x8040974', '0x804097c', '0x8040984', '0x804098c', '0x8040994', '0x804099c']
type: cond
adj_instr: 0x80409bc
log_idx: 526
log_node.dest_addr: 0x80403de
 
Current node
start_addr: 0x80403de
end_addr: 0x80403e6
successors: ['0x80403ea', '0x80409a4']
parents: ['0x80409a4', '0x80409b4', '0x80409ae']
type: cond
adj_instr: 0x80403ea
log_idx: 527
log_node.dest_addr: 0x80403ea
 
Current node
start_addr: 0x80403ea
end_addr: 0x80403f4
successors: ['0x80405d8', '0x80405e0', '0x80405e8', '0x80405f0', '0x80405f8', '0x8040600', '0x8040608', '0x8040610', '0x8040618', '0x8040620', '0x8040628', '0x8040630', '0x8040638', '0x8040640', '0x8040648', '0x8040650', '0x8040658', '0x8040660', '0x8040668', '0x8040670', '0x8040678', '0x8040680', '0x8040688', '0x8040690', '0x8040698', '0x80406a0', '0x80406a8', '0x80406b0', '0x80406b8', '0x80406c0', '0x80406c8', '0x80406dc', '0x80406e4', '0x80406ec', '0x80406f4', '0x80406fc', '0x8040704', '0x804070c', '0x8040714', '0x804071c', '0x8040724', '0x804072c', '0x8040734', '0x804073c', '0x8040744', '0x804074c', '0x8040754', '0x804075c', '0x8040764', '0x804076c', '0x8040774', '0x804077c', '0x8040784', '0x804078c', '0x8040794', '0x804079c', '0x80407a4', '0x80407ac', '0x80407b4', '0x80407bc', '0x80407c4', '0x80407cc', '0x80407d4', '0x80407dc', '0x80407e4', '0x80407ec', '0x80407f4', '0x80407fc', '0x8040804', '0x804080c', '0x8040814', '0x804081c', '0x8040824', '0x804082c', '0x8040834', '0x804083c', '0x8040844', '0x804084c', '0x8040854', '0x804085c', '0x8040864', '0x804086c', '0x8040874', '0x804087c', '0x8040884', '0x804088c', '0x8040894', '0x804089c', '0x80408a4', '0x80408ac', '0x80408b4', '0x80408bc', '0x80408c4', '0x80408cc', '0x80408d4', '0x80408dc', '0x80408e4', '0x80408ec', '0x80408f4', '0x80408fc', '0x8040904', '0x804090c', '0x8040914', '0x804091c', '0x8040924', '0x804092c', '0x8040934', '0x804093c', '0x8040944', '0x804094c', '0x8040954', '0x804095c', '0x8040964', '0x804096c', '0x8040974', '0x804097c', '0x8040984', '0x804098c', '0x8040994', '0x804099c']
parents: ['0x80403de']
type: uncond
adj_instr: 0x80405d8
log_idx: 528
log_node.dest_addr: 0x804094c
 
Current node
start_addr: 0x804094c
end_addr: 0x8040952
successors: ['0x80409ae']
parents: ['0x80403ea']
type: uncond
adj_instr: 0x8040954
log_idx: 529
log_node.dest_addr: 0x80403de
-----
changed node
start_addr: 0x80409ae
end_addr: 0x80409b8
successors: ['0x80409bc', '0x80403de']
parents: ['0x80405d8', '0x80405e0', '0x80405e8', '0x80405f0', '0x80405f8', '0x8040600', '0x8040608', '0x8040610', '0x8040618', '0x8040620', '0x8040628', '0x8040630', '0x8040638', '0x8040640', '0x8040648', '0x8040650', '0x8040658', '0x8040660', '0x8040668', '0x8040670', '0x8040678', '0x8040680', '0x8040688', '0x8040690', '0x8040698', '0x80406a0', '0x80406a8', '0x80406b0', '0x80406b8', '0x80406c0', '0x80406c8', '0x80406dc', '0x80406e4', '0x80406ec', '0x80406f4', '0x80406fc', '0x8040704', '0x804070c', '0x8040714', '0x804071c', '0x8040724', '0x804072c', '0x8040734', '0x804073c', '0x8040744', '0x804074c', '0x8040754', '0x804075c', '0x8040764', '0x804076c', '0x8040774', '0x804077c', '0x8040784', '0x804078c', '0x8040794', '0x804079c', '0x80407a4', '0x80407ac', '0x80407b4', '0x80407bc', '0x80407c4', '0x80407cc', '0x80407d4', '0x80407dc', '0x80407e4', '0x80407ec', '0x80407f4', '0x80407fc', '0x8040804', '0x804080c', '0x8040814', '0x804081c', '0x8040824', '0x804082c', '0x8040834', '0x804083c', '0x8040844', '0x804084c', '0x8040854', '0x804085c', '0x8040864', '0x804086c', '0x8040874', '0x804087c', '0x8040884', '0x804088c', '0x8040894', '0x804089c', '0x80408a4', '0x80408ac', '0x80408b4', '0x80408bc', '0x80408c4', '0x80408cc', '0x80408d4', '0x80408dc', '0x80408e4', '0x80408ec', '0x80408f4', '0x80408fc', '0x8040904', '0x804090c', '0x8040914', '0x804091c', '0x8040924', '0x804092c', '0x8040934', '0x804093c', '0x8040944', '0x804094c', '0x8040954', '0x804095c', '0x8040964', '0x804096c', '0x8040974', '0x804097c', '0x8040984', '0x804098c', '0x8040994', '0x804099c']
type: cond
adj_instr: 0x80409bc
-----
 
Current node
start_addr: 0x80409ae
end_addr: 0x80409b8
successors: ['0x80409bc', '0x80403de']
parents: ['0x80405d8', '0x80405e0', '0x80405e8', '0x80405f0', '0x80405f8', '0x8040600', '0x8040608', '0x8040610', '0x8040618', '0x8040620', '0x8040628', '0x8040630', '0x8040638', '0x8040640', '0x8040648', '0x8040650', '0x8040658', '0x8040660', '0x8040668', '0x8040670', '0x8040678', '0x8040680', '0x8040688', '0x8040690', '0x8040698', '0x80406a0', '0x80406a8', '0x80406b0', '0x80406b8', '0x80406c0', '0x80406c8', '0x80406dc', '0x80406e4', '0x80406ec', '0x80406f4', '0x80406fc', '0x8040704', '0x804070c', '0x8040714', '0x804071c', '0x8040724', '0x804072c', '0x8040734', '0x804073c', '0x8040744', '0x804074c', '0x8040754', '0x804075c', '0x8040764', '0x804076c', '0x8040774', '0x804077c', '0x8040784', '0x804078c', '0x8040794', '0x804079c', '0x80407a4', '0x80407ac', '0x80407b4', '0x80407bc', '0x80407c4', '0x80407cc', '0x80407d4', '0x80407dc', '0x80407e4', '0x80407ec', '0x80407f4', '0x80407fc', '0x8040804', '0x804080c', '0x8040814', '0x804081c', '0x8040824', '0x804082c', '0x8040834', '0x804083c', '0x8040844', '0x804084c', '0x8040854', '0x804085c', '0x8040864', '0x804086c', '0x8040874', '0x804087c', '0x8040884', '0x804088c', '0x8040894', '0x804089c', '0x80408a4', '0x80408ac', '0x80408b4', '0x80408bc', '0x80408c4', '0x80408cc', '0x80408d4', '0x80408dc', '0x80408e4', '0x80408ec', '0x80408f4', '0x80408fc', '0x8040904', '0x804090c', '0x8040914', '0x804091c', '0x8040924', '0x804092c', '0x8040934', '0x804093c', '0x8040944', '0x804094c', '0x8040954', '0x804095c', '0x8040964', '0x804096c', '0x8040974', '0x804097c', '0x8040984', '0x804098c', '0x8040994', '0x804099c']
type: cond
adj_instr: 0x80409bc
log_idx: 529
log_node.dest_addr: 0x80403de
 
Current node
start_addr: 0x80403de
end_addr: 0x80403e6
successors: ['0x80403ea', '0x80409a4']
parents: ['0x80409a4', '0x80409b4', '0x80409ae']
type: cond
adj_instr: 0x80403ea
log_idx: 530
log_node.dest_addr: 0x80403ea
 
Current node
start_addr: 0x80403ea
end_addr: 0x80403f4
successors: ['0x80405d8', '0x80405e0', '0x80405e8', '0x80405f0', '0x80405f8', '0x8040600', '0x8040608', '0x8040610', '0x8040618', '0x8040620', '0x8040628', '0x8040630', '0x8040638', '0x8040640', '0x8040648', '0x8040650', '0x8040658', '0x8040660', '0x8040668', '0x8040670', '0x8040678', '0x8040680', '0x8040688', '0x8040690', '0x8040698', '0x80406a0', '0x80406a8', '0x80406b0', '0x80406b8', '0x80406c0', '0x80406c8', '0x80406dc', '0x80406e4', '0x80406ec', '0x80406f4', '0x80406fc', '0x8040704', '0x804070c', '0x8040714', '0x804071c', '0x8040724', '0x804072c', '0x8040734', '0x804073c', '0x8040744', '0x804074c', '0x8040754', '0x804075c', '0x8040764', '0x804076c', '0x8040774', '0x804077c', '0x8040784', '0x804078c', '0x8040794', '0x804079c', '0x80407a4', '0x80407ac', '0x80407b4', '0x80407bc', '0x80407c4', '0x80407cc', '0x80407d4', '0x80407dc', '0x80407e4', '0x80407ec', '0x80407f4', '0x80407fc', '0x8040804', '0x804080c', '0x8040814', '0x804081c', '0x8040824', '0x804082c', '0x8040834', '0x804083c', '0x8040844', '0x804084c', '0x8040854', '0x804085c', '0x8040864', '0x804086c', '0x8040874', '0x804087c', '0x8040884', '0x804088c', '0x8040894', '0x804089c', '0x80408a4', '0x80408ac', '0x80408b4', '0x80408bc', '0x80408c4', '0x80408cc', '0x80408d4', '0x80408dc', '0x80408e4', '0x80408ec', '0x80408f4', '0x80408fc', '0x8040904', '0x804090c', '0x8040914', '0x804091c', '0x8040924', '0x804092c', '0x8040934', '0x804093c', '0x8040944', '0x804094c', '0x8040954', '0x804095c', '0x8040964', '0x804096c', '0x8040974', '0x804097c', '0x8040984', '0x804098c', '0x8040994', '0x804099c']
parents: ['0x80403de']
type: uncond
adj_instr: 0x80405d8
log_idx: 531
log_node.dest_addr: 0x8040954
 
Current node
start_addr: 0x8040954
end_addr: 0x804095a
successors: ['0x80409ae']
parents: ['0x80403ea']
type: uncond
adj_instr: 0x804095c
log_idx: 532
log_node.dest_addr: 0x80403de
-----
changed node
start_addr: 0x80409ae
end_addr: 0x80409b8
successors: ['0x80409bc', '0x80403de']
parents: ['0x80405d8', '0x80405e0', '0x80405e8', '0x80405f0', '0x80405f8', '0x8040600', '0x8040608', '0x8040610', '0x8040618', '0x8040620', '0x8040628', '0x8040630', '0x8040638', '0x8040640', '0x8040648', '0x8040650', '0x8040658', '0x8040660', '0x8040668', '0x8040670', '0x8040678', '0x8040680', '0x8040688', '0x8040690', '0x8040698', '0x80406a0', '0x80406a8', '0x80406b0', '0x80406b8', '0x80406c0', '0x80406c8', '0x80406dc', '0x80406e4', '0x80406ec', '0x80406f4', '0x80406fc', '0x8040704', '0x804070c', '0x8040714', '0x804071c', '0x8040724', '0x804072c', '0x8040734', '0x804073c', '0x8040744', '0x804074c', '0x8040754', '0x804075c', '0x8040764', '0x804076c', '0x8040774', '0x804077c', '0x8040784', '0x804078c', '0x8040794', '0x804079c', '0x80407a4', '0x80407ac', '0x80407b4', '0x80407bc', '0x80407c4', '0x80407cc', '0x80407d4', '0x80407dc', '0x80407e4', '0x80407ec', '0x80407f4', '0x80407fc', '0x8040804', '0x804080c', '0x8040814', '0x804081c', '0x8040824', '0x804082c', '0x8040834', '0x804083c', '0x8040844', '0x804084c', '0x8040854', '0x804085c', '0x8040864', '0x804086c', '0x8040874', '0x804087c', '0x8040884', '0x804088c', '0x8040894', '0x804089c', '0x80408a4', '0x80408ac', '0x80408b4', '0x80408bc', '0x80408c4', '0x80408cc', '0x80408d4', '0x80408dc', '0x80408e4', '0x80408ec', '0x80408f4', '0x80408fc', '0x8040904', '0x804090c', '0x8040914', '0x804091c', '0x8040924', '0x804092c', '0x8040934', '0x804093c', '0x8040944', '0x804094c', '0x8040954', '0x804095c', '0x8040964', '0x804096c', '0x8040974', '0x804097c', '0x8040984', '0x804098c', '0x8040994', '0x804099c']
type: cond
adj_instr: 0x80409bc
-----
 
Current node
start_addr: 0x80409ae
end_addr: 0x80409b8
successors: ['0x80409bc', '0x80403de']
parents: ['0x80405d8', '0x80405e0', '0x80405e8', '0x80405f0', '0x80405f8', '0x8040600', '0x8040608', '0x8040610', '0x8040618', '0x8040620', '0x8040628', '0x8040630', '0x8040638', '0x8040640', '0x8040648', '0x8040650', '0x8040658', '0x8040660', '0x8040668', '0x8040670', '0x8040678', '0x8040680', '0x8040688', '0x8040690', '0x8040698', '0x80406a0', '0x80406a8', '0x80406b0', '0x80406b8', '0x80406c0', '0x80406c8', '0x80406dc', '0x80406e4', '0x80406ec', '0x80406f4', '0x80406fc', '0x8040704', '0x804070c', '0x8040714', '0x804071c', '0x8040724', '0x804072c', '0x8040734', '0x804073c', '0x8040744', '0x804074c', '0x8040754', '0x804075c', '0x8040764', '0x804076c', '0x8040774', '0x804077c', '0x8040784', '0x804078c', '0x8040794', '0x804079c', '0x80407a4', '0x80407ac', '0x80407b4', '0x80407bc', '0x80407c4', '0x80407cc', '0x80407d4', '0x80407dc', '0x80407e4', '0x80407ec', '0x80407f4', '0x80407fc', '0x8040804', '0x804080c', '0x8040814', '0x804081c', '0x8040824', '0x804082c', '0x8040834', '0x804083c', '0x8040844', '0x804084c', '0x8040854', '0x804085c', '0x8040864', '0x804086c', '0x8040874', '0x804087c', '0x8040884', '0x804088c', '0x8040894', '0x804089c', '0x80408a4', '0x80408ac', '0x80408b4', '0x80408bc', '0x80408c4', '0x80408cc', '0x80408d4', '0x80408dc', '0x80408e4', '0x80408ec', '0x80408f4', '0x80408fc', '0x8040904', '0x804090c', '0x8040914', '0x804091c', '0x8040924', '0x804092c', '0x8040934', '0x804093c', '0x8040944', '0x804094c', '0x8040954', '0x804095c', '0x8040964', '0x804096c', '0x8040974', '0x804097c', '0x8040984', '0x804098c', '0x8040994', '0x804099c']
type: cond
adj_instr: 0x80409bc
log_idx: 532
log_node.dest_addr: 0x80403de
 
Current node
start_addr: 0x80403de
end_addr: 0x80403e6
successors: ['0x80403ea', '0x80409a4']
parents: ['0x80409a4', '0x80409b4', '0x80409ae']
type: cond
adj_instr: 0x80403ea
log_idx: 533
log_node.dest_addr: 0x80403ea
 
Current node
start_addr: 0x80403ea
end_addr: 0x80403f4
successors: ['0x80405d8', '0x80405e0', '0x80405e8', '0x80405f0', '0x80405f8', '0x8040600', '0x8040608', '0x8040610', '0x8040618', '0x8040620', '0x8040628', '0x8040630', '0x8040638', '0x8040640', '0x8040648', '0x8040650', '0x8040658', '0x8040660', '0x8040668', '0x8040670', '0x8040678', '0x8040680', '0x8040688', '0x8040690', '0x8040698', '0x80406a0', '0x80406a8', '0x80406b0', '0x80406b8', '0x80406c0', '0x80406c8', '0x80406dc', '0x80406e4', '0x80406ec', '0x80406f4', '0x80406fc', '0x8040704', '0x804070c', '0x8040714', '0x804071c', '0x8040724', '0x804072c', '0x8040734', '0x804073c', '0x8040744', '0x804074c', '0x8040754', '0x804075c', '0x8040764', '0x804076c', '0x8040774', '0x804077c', '0x8040784', '0x804078c', '0x8040794', '0x804079c', '0x80407a4', '0x80407ac', '0x80407b4', '0x80407bc', '0x80407c4', '0x80407cc', '0x80407d4', '0x80407dc', '0x80407e4', '0x80407ec', '0x80407f4', '0x80407fc', '0x8040804', '0x804080c', '0x8040814', '0x804081c', '0x8040824', '0x804082c', '0x8040834', '0x804083c', '0x8040844', '0x804084c', '0x8040854', '0x804085c', '0x8040864', '0x804086c', '0x8040874', '0x804087c', '0x8040884', '0x804088c', '0x8040894', '0x804089c', '0x80408a4', '0x80408ac', '0x80408b4', '0x80408bc', '0x80408c4', '0x80408cc', '0x80408d4', '0x80408dc', '0x80408e4', '0x80408ec', '0x80408f4', '0x80408fc', '0x8040904', '0x804090c', '0x8040914', '0x804091c', '0x8040924', '0x804092c', '0x8040934', '0x804093c', '0x8040944', '0x804094c', '0x8040954', '0x804095c', '0x8040964', '0x804096c', '0x8040974', '0x804097c', '0x8040984', '0x804098c', '0x8040994', '0x804099c']
parents: ['0x80403de']
type: uncond
adj_instr: 0x80405d8
log_idx: 534
log_node.dest_addr: 0x804095c
 
Current node
start_addr: 0x804095c
end_addr: 0x8040962
successors: ['0x80409ae']
parents: ['0x80403ea']
type: uncond
adj_instr: 0x8040964
log_idx: 535
log_node.dest_addr: 0x80403de
-----
changed node
start_addr: 0x80409ae
end_addr: 0x80409b8
successors: ['0x80409bc', '0x80403de']
parents: ['0x80405d8', '0x80405e0', '0x80405e8', '0x80405f0', '0x80405f8', '0x8040600', '0x8040608', '0x8040610', '0x8040618', '0x8040620', '0x8040628', '0x8040630', '0x8040638', '0x8040640', '0x8040648', '0x8040650', '0x8040658', '0x8040660', '0x8040668', '0x8040670', '0x8040678', '0x8040680', '0x8040688', '0x8040690', '0x8040698', '0x80406a0', '0x80406a8', '0x80406b0', '0x80406b8', '0x80406c0', '0x80406c8', '0x80406dc', '0x80406e4', '0x80406ec', '0x80406f4', '0x80406fc', '0x8040704', '0x804070c', '0x8040714', '0x804071c', '0x8040724', '0x804072c', '0x8040734', '0x804073c', '0x8040744', '0x804074c', '0x8040754', '0x804075c', '0x8040764', '0x804076c', '0x8040774', '0x804077c', '0x8040784', '0x804078c', '0x8040794', '0x804079c', '0x80407a4', '0x80407ac', '0x80407b4', '0x80407bc', '0x80407c4', '0x80407cc', '0x80407d4', '0x80407dc', '0x80407e4', '0x80407ec', '0x80407f4', '0x80407fc', '0x8040804', '0x804080c', '0x8040814', '0x804081c', '0x8040824', '0x804082c', '0x8040834', '0x804083c', '0x8040844', '0x804084c', '0x8040854', '0x804085c', '0x8040864', '0x804086c', '0x8040874', '0x804087c', '0x8040884', '0x804088c', '0x8040894', '0x804089c', '0x80408a4', '0x80408ac', '0x80408b4', '0x80408bc', '0x80408c4', '0x80408cc', '0x80408d4', '0x80408dc', '0x80408e4', '0x80408ec', '0x80408f4', '0x80408fc', '0x8040904', '0x804090c', '0x8040914', '0x804091c', '0x8040924', '0x804092c', '0x8040934', '0x804093c', '0x8040944', '0x804094c', '0x8040954', '0x804095c', '0x8040964', '0x804096c', '0x8040974', '0x804097c', '0x8040984', '0x804098c', '0x8040994', '0x804099c']
type: cond
adj_instr: 0x80409bc
-----
 
Current node
start_addr: 0x80409ae
end_addr: 0x80409b8
successors: ['0x80409bc', '0x80403de']
parents: ['0x80405d8', '0x80405e0', '0x80405e8', '0x80405f0', '0x80405f8', '0x8040600', '0x8040608', '0x8040610', '0x8040618', '0x8040620', '0x8040628', '0x8040630', '0x8040638', '0x8040640', '0x8040648', '0x8040650', '0x8040658', '0x8040660', '0x8040668', '0x8040670', '0x8040678', '0x8040680', '0x8040688', '0x8040690', '0x8040698', '0x80406a0', '0x80406a8', '0x80406b0', '0x80406b8', '0x80406c0', '0x80406c8', '0x80406dc', '0x80406e4', '0x80406ec', '0x80406f4', '0x80406fc', '0x8040704', '0x804070c', '0x8040714', '0x804071c', '0x8040724', '0x804072c', '0x8040734', '0x804073c', '0x8040744', '0x804074c', '0x8040754', '0x804075c', '0x8040764', '0x804076c', '0x8040774', '0x804077c', '0x8040784', '0x804078c', '0x8040794', '0x804079c', '0x80407a4', '0x80407ac', '0x80407b4', '0x80407bc', '0x80407c4', '0x80407cc', '0x80407d4', '0x80407dc', '0x80407e4', '0x80407ec', '0x80407f4', '0x80407fc', '0x8040804', '0x804080c', '0x8040814', '0x804081c', '0x8040824', '0x804082c', '0x8040834', '0x804083c', '0x8040844', '0x804084c', '0x8040854', '0x804085c', '0x8040864', '0x804086c', '0x8040874', '0x804087c', '0x8040884', '0x804088c', '0x8040894', '0x804089c', '0x80408a4', '0x80408ac', '0x80408b4', '0x80408bc', '0x80408c4', '0x80408cc', '0x80408d4', '0x80408dc', '0x80408e4', '0x80408ec', '0x80408f4', '0x80408fc', '0x8040904', '0x804090c', '0x8040914', '0x804091c', '0x8040924', '0x804092c', '0x8040934', '0x804093c', '0x8040944', '0x804094c', '0x8040954', '0x804095c', '0x8040964', '0x804096c', '0x8040974', '0x804097c', '0x8040984', '0x804098c', '0x8040994', '0x804099c']
type: cond
adj_instr: 0x80409bc
log_idx: 535
log_node.dest_addr: 0x80403de
 
Current node
start_addr: 0x80403de
end_addr: 0x80403e6
successors: ['0x80403ea', '0x80409a4']
parents: ['0x80409a4', '0x80409b4', '0x80409ae']
type: cond
adj_instr: 0x80403ea
log_idx: 536
log_node.dest_addr: 0x80403ea
 
Current node
start_addr: 0x80403ea
end_addr: 0x80403f4
successors: ['0x80405d8', '0x80405e0', '0x80405e8', '0x80405f0', '0x80405f8', '0x8040600', '0x8040608', '0x8040610', '0x8040618', '0x8040620', '0x8040628', '0x8040630', '0x8040638', '0x8040640', '0x8040648', '0x8040650', '0x8040658', '0x8040660', '0x8040668', '0x8040670', '0x8040678', '0x8040680', '0x8040688', '0x8040690', '0x8040698', '0x80406a0', '0x80406a8', '0x80406b0', '0x80406b8', '0x80406c0', '0x80406c8', '0x80406dc', '0x80406e4', '0x80406ec', '0x80406f4', '0x80406fc', '0x8040704', '0x804070c', '0x8040714', '0x804071c', '0x8040724', '0x804072c', '0x8040734', '0x804073c', '0x8040744', '0x804074c', '0x8040754', '0x804075c', '0x8040764', '0x804076c', '0x8040774', '0x804077c', '0x8040784', '0x804078c', '0x8040794', '0x804079c', '0x80407a4', '0x80407ac', '0x80407b4', '0x80407bc', '0x80407c4', '0x80407cc', '0x80407d4', '0x80407dc', '0x80407e4', '0x80407ec', '0x80407f4', '0x80407fc', '0x8040804', '0x804080c', '0x8040814', '0x804081c', '0x8040824', '0x804082c', '0x8040834', '0x804083c', '0x8040844', '0x804084c', '0x8040854', '0x804085c', '0x8040864', '0x804086c', '0x8040874', '0x804087c', '0x8040884', '0x804088c', '0x8040894', '0x804089c', '0x80408a4', '0x80408ac', '0x80408b4', '0x80408bc', '0x80408c4', '0x80408cc', '0x80408d4', '0x80408dc', '0x80408e4', '0x80408ec', '0x80408f4', '0x80408fc', '0x8040904', '0x804090c', '0x8040914', '0x804091c', '0x8040924', '0x804092c', '0x8040934', '0x804093c', '0x8040944', '0x804094c', '0x8040954', '0x804095c', '0x8040964', '0x804096c', '0x8040974', '0x804097c', '0x8040984', '0x804098c', '0x8040994', '0x804099c']
parents: ['0x80403de']
type: uncond
adj_instr: 0x80405d8
log_idx: 537
log_node.dest_addr: 0x8040964
 
Current node
start_addr: 0x8040964
end_addr: 0x804096a
successors: ['0x80409ae']
parents: ['0x80403ea']
type: uncond
adj_instr: 0x804096c
log_idx: 538
log_node.dest_addr: 0x80403de
-----
changed node
start_addr: 0x80409ae
end_addr: 0x80409b8
successors: ['0x80409bc', '0x80403de']
parents: ['0x80405d8', '0x80405e0', '0x80405e8', '0x80405f0', '0x80405f8', '0x8040600', '0x8040608', '0x8040610', '0x8040618', '0x8040620', '0x8040628', '0x8040630', '0x8040638', '0x8040640', '0x8040648', '0x8040650', '0x8040658', '0x8040660', '0x8040668', '0x8040670', '0x8040678', '0x8040680', '0x8040688', '0x8040690', '0x8040698', '0x80406a0', '0x80406a8', '0x80406b0', '0x80406b8', '0x80406c0', '0x80406c8', '0x80406dc', '0x80406e4', '0x80406ec', '0x80406f4', '0x80406fc', '0x8040704', '0x804070c', '0x8040714', '0x804071c', '0x8040724', '0x804072c', '0x8040734', '0x804073c', '0x8040744', '0x804074c', '0x8040754', '0x804075c', '0x8040764', '0x804076c', '0x8040774', '0x804077c', '0x8040784', '0x804078c', '0x8040794', '0x804079c', '0x80407a4', '0x80407ac', '0x80407b4', '0x80407bc', '0x80407c4', '0x80407cc', '0x80407d4', '0x80407dc', '0x80407e4', '0x80407ec', '0x80407f4', '0x80407fc', '0x8040804', '0x804080c', '0x8040814', '0x804081c', '0x8040824', '0x804082c', '0x8040834', '0x804083c', '0x8040844', '0x804084c', '0x8040854', '0x804085c', '0x8040864', '0x804086c', '0x8040874', '0x804087c', '0x8040884', '0x804088c', '0x8040894', '0x804089c', '0x80408a4', '0x80408ac', '0x80408b4', '0x80408bc', '0x80408c4', '0x80408cc', '0x80408d4', '0x80408dc', '0x80408e4', '0x80408ec', '0x80408f4', '0x80408fc', '0x8040904', '0x804090c', '0x8040914', '0x804091c', '0x8040924', '0x804092c', '0x8040934', '0x804093c', '0x8040944', '0x804094c', '0x8040954', '0x804095c', '0x8040964', '0x804096c', '0x8040974', '0x804097c', '0x8040984', '0x804098c', '0x8040994', '0x804099c']
type: cond
adj_instr: 0x80409bc
-----
 
Current node
start_addr: 0x80409ae
end_addr: 0x80409b8
successors: ['0x80409bc', '0x80403de']
parents: ['0x80405d8', '0x80405e0', '0x80405e8', '0x80405f0', '0x80405f8', '0x8040600', '0x8040608', '0x8040610', '0x8040618', '0x8040620', '0x8040628', '0x8040630', '0x8040638', '0x8040640', '0x8040648', '0x8040650', '0x8040658', '0x8040660', '0x8040668', '0x8040670', '0x8040678', '0x8040680', '0x8040688', '0x8040690', '0x8040698', '0x80406a0', '0x80406a8', '0x80406b0', '0x80406b8', '0x80406c0', '0x80406c8', '0x80406dc', '0x80406e4', '0x80406ec', '0x80406f4', '0x80406fc', '0x8040704', '0x804070c', '0x8040714', '0x804071c', '0x8040724', '0x804072c', '0x8040734', '0x804073c', '0x8040744', '0x804074c', '0x8040754', '0x804075c', '0x8040764', '0x804076c', '0x8040774', '0x804077c', '0x8040784', '0x804078c', '0x8040794', '0x804079c', '0x80407a4', '0x80407ac', '0x80407b4', '0x80407bc', '0x80407c4', '0x80407cc', '0x80407d4', '0x80407dc', '0x80407e4', '0x80407ec', '0x80407f4', '0x80407fc', '0x8040804', '0x804080c', '0x8040814', '0x804081c', '0x8040824', '0x804082c', '0x8040834', '0x804083c', '0x8040844', '0x804084c', '0x8040854', '0x804085c', '0x8040864', '0x804086c', '0x8040874', '0x804087c', '0x8040884', '0x804088c', '0x8040894', '0x804089c', '0x80408a4', '0x80408ac', '0x80408b4', '0x80408bc', '0x80408c4', '0x80408cc', '0x80408d4', '0x80408dc', '0x80408e4', '0x80408ec', '0x80408f4', '0x80408fc', '0x8040904', '0x804090c', '0x8040914', '0x804091c', '0x8040924', '0x804092c', '0x8040934', '0x804093c', '0x8040944', '0x804094c', '0x8040954', '0x804095c', '0x8040964', '0x804096c', '0x8040974', '0x804097c', '0x8040984', '0x804098c', '0x8040994', '0x804099c']
type: cond
adj_instr: 0x80409bc
log_idx: 538
log_node.dest_addr: 0x80403de
 
Current node
start_addr: 0x80403de
end_addr: 0x80403e6
successors: ['0x80403ea', '0x80409a4']
parents: ['0x80409a4', '0x80409b4', '0x80409ae']
type: cond
adj_instr: 0x80403ea
log_idx: 539
log_node.dest_addr: 0x80403ea
 
Current node
start_addr: 0x80403ea
end_addr: 0x80403f4
successors: ['0x80405d8', '0x80405e0', '0x80405e8', '0x80405f0', '0x80405f8', '0x8040600', '0x8040608', '0x8040610', '0x8040618', '0x8040620', '0x8040628', '0x8040630', '0x8040638', '0x8040640', '0x8040648', '0x8040650', '0x8040658', '0x8040660', '0x8040668', '0x8040670', '0x8040678', '0x8040680', '0x8040688', '0x8040690', '0x8040698', '0x80406a0', '0x80406a8', '0x80406b0', '0x80406b8', '0x80406c0', '0x80406c8', '0x80406dc', '0x80406e4', '0x80406ec', '0x80406f4', '0x80406fc', '0x8040704', '0x804070c', '0x8040714', '0x804071c', '0x8040724', '0x804072c', '0x8040734', '0x804073c', '0x8040744', '0x804074c', '0x8040754', '0x804075c', '0x8040764', '0x804076c', '0x8040774', '0x804077c', '0x8040784', '0x804078c', '0x8040794', '0x804079c', '0x80407a4', '0x80407ac', '0x80407b4', '0x80407bc', '0x80407c4', '0x80407cc', '0x80407d4', '0x80407dc', '0x80407e4', '0x80407ec', '0x80407f4', '0x80407fc', '0x8040804', '0x804080c', '0x8040814', '0x804081c', '0x8040824', '0x804082c', '0x8040834', '0x804083c', '0x8040844', '0x804084c', '0x8040854', '0x804085c', '0x8040864', '0x804086c', '0x8040874', '0x804087c', '0x8040884', '0x804088c', '0x8040894', '0x804089c', '0x80408a4', '0x80408ac', '0x80408b4', '0x80408bc', '0x80408c4', '0x80408cc', '0x80408d4', '0x80408dc', '0x80408e4', '0x80408ec', '0x80408f4', '0x80408fc', '0x8040904', '0x804090c', '0x8040914', '0x804091c', '0x8040924', '0x804092c', '0x8040934', '0x804093c', '0x8040944', '0x804094c', '0x8040954', '0x804095c', '0x8040964', '0x804096c', '0x8040974', '0x804097c', '0x8040984', '0x804098c', '0x8040994', '0x804099c']
parents: ['0x80403de']
type: uncond
adj_instr: 0x80405d8
log_idx: 540
log_node.dest_addr: 0x804096c
 
Current node
start_addr: 0x804096c
end_addr: 0x8040972
successors: ['0x80409ae']
parents: ['0x80403ea']
type: uncond
adj_instr: 0x8040974
log_idx: 541
log_node.dest_addr: 0x80403de
-----
changed node
start_addr: 0x80409ae
end_addr: 0x80409b8
successors: ['0x80409bc', '0x80403de']
parents: ['0x80405d8', '0x80405e0', '0x80405e8', '0x80405f0', '0x80405f8', '0x8040600', '0x8040608', '0x8040610', '0x8040618', '0x8040620', '0x8040628', '0x8040630', '0x8040638', '0x8040640', '0x8040648', '0x8040650', '0x8040658', '0x8040660', '0x8040668', '0x8040670', '0x8040678', '0x8040680', '0x8040688', '0x8040690', '0x8040698', '0x80406a0', '0x80406a8', '0x80406b0', '0x80406b8', '0x80406c0', '0x80406c8', '0x80406dc', '0x80406e4', '0x80406ec', '0x80406f4', '0x80406fc', '0x8040704', '0x804070c', '0x8040714', '0x804071c', '0x8040724', '0x804072c', '0x8040734', '0x804073c', '0x8040744', '0x804074c', '0x8040754', '0x804075c', '0x8040764', '0x804076c', '0x8040774', '0x804077c', '0x8040784', '0x804078c', '0x8040794', '0x804079c', '0x80407a4', '0x80407ac', '0x80407b4', '0x80407bc', '0x80407c4', '0x80407cc', '0x80407d4', '0x80407dc', '0x80407e4', '0x80407ec', '0x80407f4', '0x80407fc', '0x8040804', '0x804080c', '0x8040814', '0x804081c', '0x8040824', '0x804082c', '0x8040834', '0x804083c', '0x8040844', '0x804084c', '0x8040854', '0x804085c', '0x8040864', '0x804086c', '0x8040874', '0x804087c', '0x8040884', '0x804088c', '0x8040894', '0x804089c', '0x80408a4', '0x80408ac', '0x80408b4', '0x80408bc', '0x80408c4', '0x80408cc', '0x80408d4', '0x80408dc', '0x80408e4', '0x80408ec', '0x80408f4', '0x80408fc', '0x8040904', '0x804090c', '0x8040914', '0x804091c', '0x8040924', '0x804092c', '0x8040934', '0x804093c', '0x8040944', '0x804094c', '0x8040954', '0x804095c', '0x8040964', '0x804096c', '0x8040974', '0x804097c', '0x8040984', '0x804098c', '0x8040994', '0x804099c']
type: cond
adj_instr: 0x80409bc
-----
 
Current node
start_addr: 0x80409ae
end_addr: 0x80409b8
successors: ['0x80409bc', '0x80403de']
parents: ['0x80405d8', '0x80405e0', '0x80405e8', '0x80405f0', '0x80405f8', '0x8040600', '0x8040608', '0x8040610', '0x8040618', '0x8040620', '0x8040628', '0x8040630', '0x8040638', '0x8040640', '0x8040648', '0x8040650', '0x8040658', '0x8040660', '0x8040668', '0x8040670', '0x8040678', '0x8040680', '0x8040688', '0x8040690', '0x8040698', '0x80406a0', '0x80406a8', '0x80406b0', '0x80406b8', '0x80406c0', '0x80406c8', '0x80406dc', '0x80406e4', '0x80406ec', '0x80406f4', '0x80406fc', '0x8040704', '0x804070c', '0x8040714', '0x804071c', '0x8040724', '0x804072c', '0x8040734', '0x804073c', '0x8040744', '0x804074c', '0x8040754', '0x804075c', '0x8040764', '0x804076c', '0x8040774', '0x804077c', '0x8040784', '0x804078c', '0x8040794', '0x804079c', '0x80407a4', '0x80407ac', '0x80407b4', '0x80407bc', '0x80407c4', '0x80407cc', '0x80407d4', '0x80407dc', '0x80407e4', '0x80407ec', '0x80407f4', '0x80407fc', '0x8040804', '0x804080c', '0x8040814', '0x804081c', '0x8040824', '0x804082c', '0x8040834', '0x804083c', '0x8040844', '0x804084c', '0x8040854', '0x804085c', '0x8040864', '0x804086c', '0x8040874', '0x804087c', '0x8040884', '0x804088c', '0x8040894', '0x804089c', '0x80408a4', '0x80408ac', '0x80408b4', '0x80408bc', '0x80408c4', '0x80408cc', '0x80408d4', '0x80408dc', '0x80408e4', '0x80408ec', '0x80408f4', '0x80408fc', '0x8040904', '0x804090c', '0x8040914', '0x804091c', '0x8040924', '0x804092c', '0x8040934', '0x804093c', '0x8040944', '0x804094c', '0x8040954', '0x804095c', '0x8040964', '0x804096c', '0x8040974', '0x804097c', '0x8040984', '0x804098c', '0x8040994', '0x804099c']
type: cond
adj_instr: 0x80409bc
log_idx: 541
log_node.dest_addr: 0x80403de
 
Current node
start_addr: 0x80403de
end_addr: 0x80403e6
successors: ['0x80403ea', '0x80409a4']
parents: ['0x80409a4', '0x80409b4', '0x80409ae']
type: cond
adj_instr: 0x80403ea
log_idx: 542
log_node.dest_addr: 0x80403ea
 
Current node
start_addr: 0x80403ea
end_addr: 0x80403f4
successors: ['0x80405d8', '0x80405e0', '0x80405e8', '0x80405f0', '0x80405f8', '0x8040600', '0x8040608', '0x8040610', '0x8040618', '0x8040620', '0x8040628', '0x8040630', '0x8040638', '0x8040640', '0x8040648', '0x8040650', '0x8040658', '0x8040660', '0x8040668', '0x8040670', '0x8040678', '0x8040680', '0x8040688', '0x8040690', '0x8040698', '0x80406a0', '0x80406a8', '0x80406b0', '0x80406b8', '0x80406c0', '0x80406c8', '0x80406dc', '0x80406e4', '0x80406ec', '0x80406f4', '0x80406fc', '0x8040704', '0x804070c', '0x8040714', '0x804071c', '0x8040724', '0x804072c', '0x8040734', '0x804073c', '0x8040744', '0x804074c', '0x8040754', '0x804075c', '0x8040764', '0x804076c', '0x8040774', '0x804077c', '0x8040784', '0x804078c', '0x8040794', '0x804079c', '0x80407a4', '0x80407ac', '0x80407b4', '0x80407bc', '0x80407c4', '0x80407cc', '0x80407d4', '0x80407dc', '0x80407e4', '0x80407ec', '0x80407f4', '0x80407fc', '0x8040804', '0x804080c', '0x8040814', '0x804081c', '0x8040824', '0x804082c', '0x8040834', '0x804083c', '0x8040844', '0x804084c', '0x8040854', '0x804085c', '0x8040864', '0x804086c', '0x8040874', '0x804087c', '0x8040884', '0x804088c', '0x8040894', '0x804089c', '0x80408a4', '0x80408ac', '0x80408b4', '0x80408bc', '0x80408c4', '0x80408cc', '0x80408d4', '0x80408dc', '0x80408e4', '0x80408ec', '0x80408f4', '0x80408fc', '0x8040904', '0x804090c', '0x8040914', '0x804091c', '0x8040924', '0x804092c', '0x8040934', '0x804093c', '0x8040944', '0x804094c', '0x8040954', '0x804095c', '0x8040964', '0x804096c', '0x8040974', '0x804097c', '0x8040984', '0x804098c', '0x8040994', '0x804099c']
parents: ['0x80403de']
type: uncond
adj_instr: 0x80405d8
log_idx: 543
log_node.dest_addr: 0x8040974
 
Current node
start_addr: 0x8040974
end_addr: 0x804097a
successors: ['0x80409ae']
parents: ['0x80403ea']
type: uncond
adj_instr: 0x804097c
log_idx: 544
log_node.dest_addr: 0x80403de
-----
changed node
start_addr: 0x80409ae
end_addr: 0x80409b8
successors: ['0x80409bc', '0x80403de']
parents: ['0x80405d8', '0x80405e0', '0x80405e8', '0x80405f0', '0x80405f8', '0x8040600', '0x8040608', '0x8040610', '0x8040618', '0x8040620', '0x8040628', '0x8040630', '0x8040638', '0x8040640', '0x8040648', '0x8040650', '0x8040658', '0x8040660', '0x8040668', '0x8040670', '0x8040678', '0x8040680', '0x8040688', '0x8040690', '0x8040698', '0x80406a0', '0x80406a8', '0x80406b0', '0x80406b8', '0x80406c0', '0x80406c8', '0x80406dc', '0x80406e4', '0x80406ec', '0x80406f4', '0x80406fc', '0x8040704', '0x804070c', '0x8040714', '0x804071c', '0x8040724', '0x804072c', '0x8040734', '0x804073c', '0x8040744', '0x804074c', '0x8040754', '0x804075c', '0x8040764', '0x804076c', '0x8040774', '0x804077c', '0x8040784', '0x804078c', '0x8040794', '0x804079c', '0x80407a4', '0x80407ac', '0x80407b4', '0x80407bc', '0x80407c4', '0x80407cc', '0x80407d4', '0x80407dc', '0x80407e4', '0x80407ec', '0x80407f4', '0x80407fc', '0x8040804', '0x804080c', '0x8040814', '0x804081c', '0x8040824', '0x804082c', '0x8040834', '0x804083c', '0x8040844', '0x804084c', '0x8040854', '0x804085c', '0x8040864', '0x804086c', '0x8040874', '0x804087c', '0x8040884', '0x804088c', '0x8040894', '0x804089c', '0x80408a4', '0x80408ac', '0x80408b4', '0x80408bc', '0x80408c4', '0x80408cc', '0x80408d4', '0x80408dc', '0x80408e4', '0x80408ec', '0x80408f4', '0x80408fc', '0x8040904', '0x804090c', '0x8040914', '0x804091c', '0x8040924', '0x804092c', '0x8040934', '0x804093c', '0x8040944', '0x804094c', '0x8040954', '0x804095c', '0x8040964', '0x804096c', '0x8040974', '0x804097c', '0x8040984', '0x804098c', '0x8040994', '0x804099c']
type: cond
adj_instr: 0x80409bc
-----
 
Current node
start_addr: 0x80409ae
end_addr: 0x80409b8
successors: ['0x80409bc', '0x80403de']
parents: ['0x80405d8', '0x80405e0', '0x80405e8', '0x80405f0', '0x80405f8', '0x8040600', '0x8040608', '0x8040610', '0x8040618', '0x8040620', '0x8040628', '0x8040630', '0x8040638', '0x8040640', '0x8040648', '0x8040650', '0x8040658', '0x8040660', '0x8040668', '0x8040670', '0x8040678', '0x8040680', '0x8040688', '0x8040690', '0x8040698', '0x80406a0', '0x80406a8', '0x80406b0', '0x80406b8', '0x80406c0', '0x80406c8', '0x80406dc', '0x80406e4', '0x80406ec', '0x80406f4', '0x80406fc', '0x8040704', '0x804070c', '0x8040714', '0x804071c', '0x8040724', '0x804072c', '0x8040734', '0x804073c', '0x8040744', '0x804074c', '0x8040754', '0x804075c', '0x8040764', '0x804076c', '0x8040774', '0x804077c', '0x8040784', '0x804078c', '0x8040794', '0x804079c', '0x80407a4', '0x80407ac', '0x80407b4', '0x80407bc', '0x80407c4', '0x80407cc', '0x80407d4', '0x80407dc', '0x80407e4', '0x80407ec', '0x80407f4', '0x80407fc', '0x8040804', '0x804080c', '0x8040814', '0x804081c', '0x8040824', '0x804082c', '0x8040834', '0x804083c', '0x8040844', '0x804084c', '0x8040854', '0x804085c', '0x8040864', '0x804086c', '0x8040874', '0x804087c', '0x8040884', '0x804088c', '0x8040894', '0x804089c', '0x80408a4', '0x80408ac', '0x80408b4', '0x80408bc', '0x80408c4', '0x80408cc', '0x80408d4', '0x80408dc', '0x80408e4', '0x80408ec', '0x80408f4', '0x80408fc', '0x8040904', '0x804090c', '0x8040914', '0x804091c', '0x8040924', '0x804092c', '0x8040934', '0x804093c', '0x8040944', '0x804094c', '0x8040954', '0x804095c', '0x8040964', '0x804096c', '0x8040974', '0x804097c', '0x8040984', '0x804098c', '0x8040994', '0x804099c']
type: cond
adj_instr: 0x80409bc
log_idx: 544
log_node.dest_addr: 0x80403de
 
Current node
start_addr: 0x80403de
end_addr: 0x80403e6
successors: ['0x80403ea', '0x80409a4']
parents: ['0x80409a4', '0x80409b4', '0x80409ae']
type: cond
adj_instr: 0x80403ea
log_idx: 545
log_node.dest_addr: 0x80403ea
 
Current node
start_addr: 0x80403ea
end_addr: 0x80403f4
successors: ['0x80405d8', '0x80405e0', '0x80405e8', '0x80405f0', '0x80405f8', '0x8040600', '0x8040608', '0x8040610', '0x8040618', '0x8040620', '0x8040628', '0x8040630', '0x8040638', '0x8040640', '0x8040648', '0x8040650', '0x8040658', '0x8040660', '0x8040668', '0x8040670', '0x8040678', '0x8040680', '0x8040688', '0x8040690', '0x8040698', '0x80406a0', '0x80406a8', '0x80406b0', '0x80406b8', '0x80406c0', '0x80406c8', '0x80406dc', '0x80406e4', '0x80406ec', '0x80406f4', '0x80406fc', '0x8040704', '0x804070c', '0x8040714', '0x804071c', '0x8040724', '0x804072c', '0x8040734', '0x804073c', '0x8040744', '0x804074c', '0x8040754', '0x804075c', '0x8040764', '0x804076c', '0x8040774', '0x804077c', '0x8040784', '0x804078c', '0x8040794', '0x804079c', '0x80407a4', '0x80407ac', '0x80407b4', '0x80407bc', '0x80407c4', '0x80407cc', '0x80407d4', '0x80407dc', '0x80407e4', '0x80407ec', '0x80407f4', '0x80407fc', '0x8040804', '0x804080c', '0x8040814', '0x804081c', '0x8040824', '0x804082c', '0x8040834', '0x804083c', '0x8040844', '0x804084c', '0x8040854', '0x804085c', '0x8040864', '0x804086c', '0x8040874', '0x804087c', '0x8040884', '0x804088c', '0x8040894', '0x804089c', '0x80408a4', '0x80408ac', '0x80408b4', '0x80408bc', '0x80408c4', '0x80408cc', '0x80408d4', '0x80408dc', '0x80408e4', '0x80408ec', '0x80408f4', '0x80408fc', '0x8040904', '0x804090c', '0x8040914', '0x804091c', '0x8040924', '0x804092c', '0x8040934', '0x804093c', '0x8040944', '0x804094c', '0x8040954', '0x804095c', '0x8040964', '0x804096c', '0x8040974', '0x804097c', '0x8040984', '0x804098c', '0x8040994', '0x804099c']
parents: ['0x80403de']
type: uncond
adj_instr: 0x80405d8
log_idx: 546
log_node.dest_addr: 0x804097c
 
Current node
start_addr: 0x804097c
end_addr: 0x8040982
successors: ['0x80409ae']
parents: ['0x80403ea']
type: uncond
adj_instr: 0x8040984
log_idx: 547
log_node.dest_addr: 0x80403de
-----
changed node
start_addr: 0x80409ae
end_addr: 0x80409b8
successors: ['0x80409bc', '0x80403de']
parents: ['0x80405d8', '0x80405e0', '0x80405e8', '0x80405f0', '0x80405f8', '0x8040600', '0x8040608', '0x8040610', '0x8040618', '0x8040620', '0x8040628', '0x8040630', '0x8040638', '0x8040640', '0x8040648', '0x8040650', '0x8040658', '0x8040660', '0x8040668', '0x8040670', '0x8040678', '0x8040680', '0x8040688', '0x8040690', '0x8040698', '0x80406a0', '0x80406a8', '0x80406b0', '0x80406b8', '0x80406c0', '0x80406c8', '0x80406dc', '0x80406e4', '0x80406ec', '0x80406f4', '0x80406fc', '0x8040704', '0x804070c', '0x8040714', '0x804071c', '0x8040724', '0x804072c', '0x8040734', '0x804073c', '0x8040744', '0x804074c', '0x8040754', '0x804075c', '0x8040764', '0x804076c', '0x8040774', '0x804077c', '0x8040784', '0x804078c', '0x8040794', '0x804079c', '0x80407a4', '0x80407ac', '0x80407b4', '0x80407bc', '0x80407c4', '0x80407cc', '0x80407d4', '0x80407dc', '0x80407e4', '0x80407ec', '0x80407f4', '0x80407fc', '0x8040804', '0x804080c', '0x8040814', '0x804081c', '0x8040824', '0x804082c', '0x8040834', '0x804083c', '0x8040844', '0x804084c', '0x8040854', '0x804085c', '0x8040864', '0x804086c', '0x8040874', '0x804087c', '0x8040884', '0x804088c', '0x8040894', '0x804089c', '0x80408a4', '0x80408ac', '0x80408b4', '0x80408bc', '0x80408c4', '0x80408cc', '0x80408d4', '0x80408dc', '0x80408e4', '0x80408ec', '0x80408f4', '0x80408fc', '0x8040904', '0x804090c', '0x8040914', '0x804091c', '0x8040924', '0x804092c', '0x8040934', '0x804093c', '0x8040944', '0x804094c', '0x8040954', '0x804095c', '0x8040964', '0x804096c', '0x8040974', '0x804097c', '0x8040984', '0x804098c', '0x8040994', '0x804099c']
type: cond
adj_instr: 0x80409bc
-----
 
Current node
start_addr: 0x80409ae
end_addr: 0x80409b8
successors: ['0x80409bc', '0x80403de']
parents: ['0x80405d8', '0x80405e0', '0x80405e8', '0x80405f0', '0x80405f8', '0x8040600', '0x8040608', '0x8040610', '0x8040618', '0x8040620', '0x8040628', '0x8040630', '0x8040638', '0x8040640', '0x8040648', '0x8040650', '0x8040658', '0x8040660', '0x8040668', '0x8040670', '0x8040678', '0x8040680', '0x8040688', '0x8040690', '0x8040698', '0x80406a0', '0x80406a8', '0x80406b0', '0x80406b8', '0x80406c0', '0x80406c8', '0x80406dc', '0x80406e4', '0x80406ec', '0x80406f4', '0x80406fc', '0x8040704', '0x804070c', '0x8040714', '0x804071c', '0x8040724', '0x804072c', '0x8040734', '0x804073c', '0x8040744', '0x804074c', '0x8040754', '0x804075c', '0x8040764', '0x804076c', '0x8040774', '0x804077c', '0x8040784', '0x804078c', '0x8040794', '0x804079c', '0x80407a4', '0x80407ac', '0x80407b4', '0x80407bc', '0x80407c4', '0x80407cc', '0x80407d4', '0x80407dc', '0x80407e4', '0x80407ec', '0x80407f4', '0x80407fc', '0x8040804', '0x804080c', '0x8040814', '0x804081c', '0x8040824', '0x804082c', '0x8040834', '0x804083c', '0x8040844', '0x804084c', '0x8040854', '0x804085c', '0x8040864', '0x804086c', '0x8040874', '0x804087c', '0x8040884', '0x804088c', '0x8040894', '0x804089c', '0x80408a4', '0x80408ac', '0x80408b4', '0x80408bc', '0x80408c4', '0x80408cc', '0x80408d4', '0x80408dc', '0x80408e4', '0x80408ec', '0x80408f4', '0x80408fc', '0x8040904', '0x804090c', '0x8040914', '0x804091c', '0x8040924', '0x804092c', '0x8040934', '0x804093c', '0x8040944', '0x804094c', '0x8040954', '0x804095c', '0x8040964', '0x804096c', '0x8040974', '0x804097c', '0x8040984', '0x804098c', '0x8040994', '0x804099c']
type: cond
adj_instr: 0x80409bc
log_idx: 547
log_node.dest_addr: 0x80403de
 
Current node
start_addr: 0x80403de
end_addr: 0x80403e6
successors: ['0x80403ea', '0x80409a4']
parents: ['0x80409a4', '0x80409b4', '0x80409ae']
type: cond
adj_instr: 0x80403ea
log_idx: 548
log_node.dest_addr: 0x80403ea
 
Current node
start_addr: 0x80403ea
end_addr: 0x80403f4
successors: ['0x80405d8', '0x80405e0', '0x80405e8', '0x80405f0', '0x80405f8', '0x8040600', '0x8040608', '0x8040610', '0x8040618', '0x8040620', '0x8040628', '0x8040630', '0x8040638', '0x8040640', '0x8040648', '0x8040650', '0x8040658', '0x8040660', '0x8040668', '0x8040670', '0x8040678', '0x8040680', '0x8040688', '0x8040690', '0x8040698', '0x80406a0', '0x80406a8', '0x80406b0', '0x80406b8', '0x80406c0', '0x80406c8', '0x80406dc', '0x80406e4', '0x80406ec', '0x80406f4', '0x80406fc', '0x8040704', '0x804070c', '0x8040714', '0x804071c', '0x8040724', '0x804072c', '0x8040734', '0x804073c', '0x8040744', '0x804074c', '0x8040754', '0x804075c', '0x8040764', '0x804076c', '0x8040774', '0x804077c', '0x8040784', '0x804078c', '0x8040794', '0x804079c', '0x80407a4', '0x80407ac', '0x80407b4', '0x80407bc', '0x80407c4', '0x80407cc', '0x80407d4', '0x80407dc', '0x80407e4', '0x80407ec', '0x80407f4', '0x80407fc', '0x8040804', '0x804080c', '0x8040814', '0x804081c', '0x8040824', '0x804082c', '0x8040834', '0x804083c', '0x8040844', '0x804084c', '0x8040854', '0x804085c', '0x8040864', '0x804086c', '0x8040874', '0x804087c', '0x8040884', '0x804088c', '0x8040894', '0x804089c', '0x80408a4', '0x80408ac', '0x80408b4', '0x80408bc', '0x80408c4', '0x80408cc', '0x80408d4', '0x80408dc', '0x80408e4', '0x80408ec', '0x80408f4', '0x80408fc', '0x8040904', '0x804090c', '0x8040914', '0x804091c', '0x8040924', '0x804092c', '0x8040934', '0x804093c', '0x8040944', '0x804094c', '0x8040954', '0x804095c', '0x8040964', '0x804096c', '0x8040974', '0x804097c', '0x8040984', '0x804098c', '0x8040994', '0x804099c']
parents: ['0x80403de']
type: uncond
adj_instr: 0x80405d8
log_idx: 549
log_node.dest_addr: 0x8040984
 
Current node
start_addr: 0x8040984
end_addr: 0x804098a
successors: ['0x80409ae']
parents: ['0x80403ea']
type: uncond
adj_instr: 0x804098c
log_idx: 550
log_node.dest_addr: 0x80403de
-----
changed node
start_addr: 0x80409ae
end_addr: 0x80409b8
successors: ['0x80409bc', '0x80403de']
parents: ['0x80405d8', '0x80405e0', '0x80405e8', '0x80405f0', '0x80405f8', '0x8040600', '0x8040608', '0x8040610', '0x8040618', '0x8040620', '0x8040628', '0x8040630', '0x8040638', '0x8040640', '0x8040648', '0x8040650', '0x8040658', '0x8040660', '0x8040668', '0x8040670', '0x8040678', '0x8040680', '0x8040688', '0x8040690', '0x8040698', '0x80406a0', '0x80406a8', '0x80406b0', '0x80406b8', '0x80406c0', '0x80406c8', '0x80406dc', '0x80406e4', '0x80406ec', '0x80406f4', '0x80406fc', '0x8040704', '0x804070c', '0x8040714', '0x804071c', '0x8040724', '0x804072c', '0x8040734', '0x804073c', '0x8040744', '0x804074c', '0x8040754', '0x804075c', '0x8040764', '0x804076c', '0x8040774', '0x804077c', '0x8040784', '0x804078c', '0x8040794', '0x804079c', '0x80407a4', '0x80407ac', '0x80407b4', '0x80407bc', '0x80407c4', '0x80407cc', '0x80407d4', '0x80407dc', '0x80407e4', '0x80407ec', '0x80407f4', '0x80407fc', '0x8040804', '0x804080c', '0x8040814', '0x804081c', '0x8040824', '0x804082c', '0x8040834', '0x804083c', '0x8040844', '0x804084c', '0x8040854', '0x804085c', '0x8040864', '0x804086c', '0x8040874', '0x804087c', '0x8040884', '0x804088c', '0x8040894', '0x804089c', '0x80408a4', '0x80408ac', '0x80408b4', '0x80408bc', '0x80408c4', '0x80408cc', '0x80408d4', '0x80408dc', '0x80408e4', '0x80408ec', '0x80408f4', '0x80408fc', '0x8040904', '0x804090c', '0x8040914', '0x804091c', '0x8040924', '0x804092c', '0x8040934', '0x804093c', '0x8040944', '0x804094c', '0x8040954', '0x804095c', '0x8040964', '0x804096c', '0x8040974', '0x804097c', '0x8040984', '0x804098c', '0x8040994', '0x804099c']
type: cond
adj_instr: 0x80409bc
-----
 
Current node
start_addr: 0x80409ae
end_addr: 0x80409b8
successors: ['0x80409bc', '0x80403de']
parents: ['0x80405d8', '0x80405e0', '0x80405e8', '0x80405f0', '0x80405f8', '0x8040600', '0x8040608', '0x8040610', '0x8040618', '0x8040620', '0x8040628', '0x8040630', '0x8040638', '0x8040640', '0x8040648', '0x8040650', '0x8040658', '0x8040660', '0x8040668', '0x8040670', '0x8040678', '0x8040680', '0x8040688', '0x8040690', '0x8040698', '0x80406a0', '0x80406a8', '0x80406b0', '0x80406b8', '0x80406c0', '0x80406c8', '0x80406dc', '0x80406e4', '0x80406ec', '0x80406f4', '0x80406fc', '0x8040704', '0x804070c', '0x8040714', '0x804071c', '0x8040724', '0x804072c', '0x8040734', '0x804073c', '0x8040744', '0x804074c', '0x8040754', '0x804075c', '0x8040764', '0x804076c', '0x8040774', '0x804077c', '0x8040784', '0x804078c', '0x8040794', '0x804079c', '0x80407a4', '0x80407ac', '0x80407b4', '0x80407bc', '0x80407c4', '0x80407cc', '0x80407d4', '0x80407dc', '0x80407e4', '0x80407ec', '0x80407f4', '0x80407fc', '0x8040804', '0x804080c', '0x8040814', '0x804081c', '0x8040824', '0x804082c', '0x8040834', '0x804083c', '0x8040844', '0x804084c', '0x8040854', '0x804085c', '0x8040864', '0x804086c', '0x8040874', '0x804087c', '0x8040884', '0x804088c', '0x8040894', '0x804089c', '0x80408a4', '0x80408ac', '0x80408b4', '0x80408bc', '0x80408c4', '0x80408cc', '0x80408d4', '0x80408dc', '0x80408e4', '0x80408ec', '0x80408f4', '0x80408fc', '0x8040904', '0x804090c', '0x8040914', '0x804091c', '0x8040924', '0x804092c', '0x8040934', '0x804093c', '0x8040944', '0x804094c', '0x8040954', '0x804095c', '0x8040964', '0x804096c', '0x8040974', '0x804097c', '0x8040984', '0x804098c', '0x8040994', '0x804099c']
type: cond
adj_instr: 0x80409bc
log_idx: 550
log_node.dest_addr: 0x80403de
 
Current node
start_addr: 0x80403de
end_addr: 0x80403e6
successors: ['0x80403ea', '0x80409a4']
parents: ['0x80409a4', '0x80409b4', '0x80409ae']
type: cond
adj_instr: 0x80403ea
log_idx: 551
log_node.dest_addr: 0x80403ea
 
Current node
start_addr: 0x80403ea
end_addr: 0x80403f4
successors: ['0x80405d8', '0x80405e0', '0x80405e8', '0x80405f0', '0x80405f8', '0x8040600', '0x8040608', '0x8040610', '0x8040618', '0x8040620', '0x8040628', '0x8040630', '0x8040638', '0x8040640', '0x8040648', '0x8040650', '0x8040658', '0x8040660', '0x8040668', '0x8040670', '0x8040678', '0x8040680', '0x8040688', '0x8040690', '0x8040698', '0x80406a0', '0x80406a8', '0x80406b0', '0x80406b8', '0x80406c0', '0x80406c8', '0x80406dc', '0x80406e4', '0x80406ec', '0x80406f4', '0x80406fc', '0x8040704', '0x804070c', '0x8040714', '0x804071c', '0x8040724', '0x804072c', '0x8040734', '0x804073c', '0x8040744', '0x804074c', '0x8040754', '0x804075c', '0x8040764', '0x804076c', '0x8040774', '0x804077c', '0x8040784', '0x804078c', '0x8040794', '0x804079c', '0x80407a4', '0x80407ac', '0x80407b4', '0x80407bc', '0x80407c4', '0x80407cc', '0x80407d4', '0x80407dc', '0x80407e4', '0x80407ec', '0x80407f4', '0x80407fc', '0x8040804', '0x804080c', '0x8040814', '0x804081c', '0x8040824', '0x804082c', '0x8040834', '0x804083c', '0x8040844', '0x804084c', '0x8040854', '0x804085c', '0x8040864', '0x804086c', '0x8040874', '0x804087c', '0x8040884', '0x804088c', '0x8040894', '0x804089c', '0x80408a4', '0x80408ac', '0x80408b4', '0x80408bc', '0x80408c4', '0x80408cc', '0x80408d4', '0x80408dc', '0x80408e4', '0x80408ec', '0x80408f4', '0x80408fc', '0x8040904', '0x804090c', '0x8040914', '0x804091c', '0x8040924', '0x804092c', '0x8040934', '0x804093c', '0x8040944', '0x804094c', '0x8040954', '0x804095c', '0x8040964', '0x804096c', '0x8040974', '0x804097c', '0x8040984', '0x804098c', '0x8040994', '0x804099c']
parents: ['0x80403de']
type: uncond
adj_instr: 0x80405d8
log_idx: 552
log_node.dest_addr: 0x804098c
 
Current node
start_addr: 0x804098c
end_addr: 0x8040992
successors: ['0x80409ae']
parents: ['0x80403ea']
type: uncond
adj_instr: 0x8040994
log_idx: 553
log_node.dest_addr: 0x80403de
-----
changed node
start_addr: 0x80409ae
end_addr: 0x80409b8
successors: ['0x80409bc', '0x80403de']
parents: ['0x80405d8', '0x80405e0', '0x80405e8', '0x80405f0', '0x80405f8', '0x8040600', '0x8040608', '0x8040610', '0x8040618', '0x8040620', '0x8040628', '0x8040630', '0x8040638', '0x8040640', '0x8040648', '0x8040650', '0x8040658', '0x8040660', '0x8040668', '0x8040670', '0x8040678', '0x8040680', '0x8040688', '0x8040690', '0x8040698', '0x80406a0', '0x80406a8', '0x80406b0', '0x80406b8', '0x80406c0', '0x80406c8', '0x80406dc', '0x80406e4', '0x80406ec', '0x80406f4', '0x80406fc', '0x8040704', '0x804070c', '0x8040714', '0x804071c', '0x8040724', '0x804072c', '0x8040734', '0x804073c', '0x8040744', '0x804074c', '0x8040754', '0x804075c', '0x8040764', '0x804076c', '0x8040774', '0x804077c', '0x8040784', '0x804078c', '0x8040794', '0x804079c', '0x80407a4', '0x80407ac', '0x80407b4', '0x80407bc', '0x80407c4', '0x80407cc', '0x80407d4', '0x80407dc', '0x80407e4', '0x80407ec', '0x80407f4', '0x80407fc', '0x8040804', '0x804080c', '0x8040814', '0x804081c', '0x8040824', '0x804082c', '0x8040834', '0x804083c', '0x8040844', '0x804084c', '0x8040854', '0x804085c', '0x8040864', '0x804086c', '0x8040874', '0x804087c', '0x8040884', '0x804088c', '0x8040894', '0x804089c', '0x80408a4', '0x80408ac', '0x80408b4', '0x80408bc', '0x80408c4', '0x80408cc', '0x80408d4', '0x80408dc', '0x80408e4', '0x80408ec', '0x80408f4', '0x80408fc', '0x8040904', '0x804090c', '0x8040914', '0x804091c', '0x8040924', '0x804092c', '0x8040934', '0x804093c', '0x8040944', '0x804094c', '0x8040954', '0x804095c', '0x8040964', '0x804096c', '0x8040974', '0x804097c', '0x8040984', '0x804098c', '0x8040994', '0x804099c']
type: cond
adj_instr: 0x80409bc
-----
 
Current node
start_addr: 0x80409ae
end_addr: 0x80409b8
successors: ['0x80409bc', '0x80403de']
parents: ['0x80405d8', '0x80405e0', '0x80405e8', '0x80405f0', '0x80405f8', '0x8040600', '0x8040608', '0x8040610', '0x8040618', '0x8040620', '0x8040628', '0x8040630', '0x8040638', '0x8040640', '0x8040648', '0x8040650', '0x8040658', '0x8040660', '0x8040668', '0x8040670', '0x8040678', '0x8040680', '0x8040688', '0x8040690', '0x8040698', '0x80406a0', '0x80406a8', '0x80406b0', '0x80406b8', '0x80406c0', '0x80406c8', '0x80406dc', '0x80406e4', '0x80406ec', '0x80406f4', '0x80406fc', '0x8040704', '0x804070c', '0x8040714', '0x804071c', '0x8040724', '0x804072c', '0x8040734', '0x804073c', '0x8040744', '0x804074c', '0x8040754', '0x804075c', '0x8040764', '0x804076c', '0x8040774', '0x804077c', '0x8040784', '0x804078c', '0x8040794', '0x804079c', '0x80407a4', '0x80407ac', '0x80407b4', '0x80407bc', '0x80407c4', '0x80407cc', '0x80407d4', '0x80407dc', '0x80407e4', '0x80407ec', '0x80407f4', '0x80407fc', '0x8040804', '0x804080c', '0x8040814', '0x804081c', '0x8040824', '0x804082c', '0x8040834', '0x804083c', '0x8040844', '0x804084c', '0x8040854', '0x804085c', '0x8040864', '0x804086c', '0x8040874', '0x804087c', '0x8040884', '0x804088c', '0x8040894', '0x804089c', '0x80408a4', '0x80408ac', '0x80408b4', '0x80408bc', '0x80408c4', '0x80408cc', '0x80408d4', '0x80408dc', '0x80408e4', '0x80408ec', '0x80408f4', '0x80408fc', '0x8040904', '0x804090c', '0x8040914', '0x804091c', '0x8040924', '0x804092c', '0x8040934', '0x804093c', '0x8040944', '0x804094c', '0x8040954', '0x804095c', '0x8040964', '0x804096c', '0x8040974', '0x804097c', '0x8040984', '0x804098c', '0x8040994', '0x804099c']
type: cond
adj_instr: 0x80409bc
log_idx: 553
log_node.dest_addr: 0x80403de
 
Current node
start_addr: 0x80403de
end_addr: 0x80403e6
successors: ['0x80403ea', '0x80409a4']
parents: ['0x80409a4', '0x80409b4', '0x80409ae']
type: cond
adj_instr: 0x80403ea
log_idx: 554
log_node.dest_addr: 0x80403ea
 
Current node
start_addr: 0x80403ea
end_addr: 0x80403f4
successors: ['0x80405d8', '0x80405e0', '0x80405e8', '0x80405f0', '0x80405f8', '0x8040600', '0x8040608', '0x8040610', '0x8040618', '0x8040620', '0x8040628', '0x8040630', '0x8040638', '0x8040640', '0x8040648', '0x8040650', '0x8040658', '0x8040660', '0x8040668', '0x8040670', '0x8040678', '0x8040680', '0x8040688', '0x8040690', '0x8040698', '0x80406a0', '0x80406a8', '0x80406b0', '0x80406b8', '0x80406c0', '0x80406c8', '0x80406dc', '0x80406e4', '0x80406ec', '0x80406f4', '0x80406fc', '0x8040704', '0x804070c', '0x8040714', '0x804071c', '0x8040724', '0x804072c', '0x8040734', '0x804073c', '0x8040744', '0x804074c', '0x8040754', '0x804075c', '0x8040764', '0x804076c', '0x8040774', '0x804077c', '0x8040784', '0x804078c', '0x8040794', '0x804079c', '0x80407a4', '0x80407ac', '0x80407b4', '0x80407bc', '0x80407c4', '0x80407cc', '0x80407d4', '0x80407dc', '0x80407e4', '0x80407ec', '0x80407f4', '0x80407fc', '0x8040804', '0x804080c', '0x8040814', '0x804081c', '0x8040824', '0x804082c', '0x8040834', '0x804083c', '0x8040844', '0x804084c', '0x8040854', '0x804085c', '0x8040864', '0x804086c', '0x8040874', '0x804087c', '0x8040884', '0x804088c', '0x8040894', '0x804089c', '0x80408a4', '0x80408ac', '0x80408b4', '0x80408bc', '0x80408c4', '0x80408cc', '0x80408d4', '0x80408dc', '0x80408e4', '0x80408ec', '0x80408f4', '0x80408fc', '0x8040904', '0x804090c', '0x8040914', '0x804091c', '0x8040924', '0x804092c', '0x8040934', '0x804093c', '0x8040944', '0x804094c', '0x8040954', '0x804095c', '0x8040964', '0x804096c', '0x8040974', '0x804097c', '0x8040984', '0x804098c', '0x8040994', '0x804099c']
parents: ['0x80403de']
type: uncond
adj_instr: 0x80405d8
log_idx: 555
log_node.dest_addr: 0x8040994
 
Current node
start_addr: 0x8040994
end_addr: 0x804099a
successors: ['0x80409ae']
parents: ['0x80403ea']
type: uncond
adj_instr: 0x804099c
log_idx: 556
log_node.dest_addr: 0x80403de
-----
changed node
start_addr: 0x80409ae
end_addr: 0x80409b8
successors: ['0x80409bc', '0x80403de']
parents: ['0x80405d8', '0x80405e0', '0x80405e8', '0x80405f0', '0x80405f8', '0x8040600', '0x8040608', '0x8040610', '0x8040618', '0x8040620', '0x8040628', '0x8040630', '0x8040638', '0x8040640', '0x8040648', '0x8040650', '0x8040658', '0x8040660', '0x8040668', '0x8040670', '0x8040678', '0x8040680', '0x8040688', '0x8040690', '0x8040698', '0x80406a0', '0x80406a8', '0x80406b0', '0x80406b8', '0x80406c0', '0x80406c8', '0x80406dc', '0x80406e4', '0x80406ec', '0x80406f4', '0x80406fc', '0x8040704', '0x804070c', '0x8040714', '0x804071c', '0x8040724', '0x804072c', '0x8040734', '0x804073c', '0x8040744', '0x804074c', '0x8040754', '0x804075c', '0x8040764', '0x804076c', '0x8040774', '0x804077c', '0x8040784', '0x804078c', '0x8040794', '0x804079c', '0x80407a4', '0x80407ac', '0x80407b4', '0x80407bc', '0x80407c4', '0x80407cc', '0x80407d4', '0x80407dc', '0x80407e4', '0x80407ec', '0x80407f4', '0x80407fc', '0x8040804', '0x804080c', '0x8040814', '0x804081c', '0x8040824', '0x804082c', '0x8040834', '0x804083c', '0x8040844', '0x804084c', '0x8040854', '0x804085c', '0x8040864', '0x804086c', '0x8040874', '0x804087c', '0x8040884', '0x804088c', '0x8040894', '0x804089c', '0x80408a4', '0x80408ac', '0x80408b4', '0x80408bc', '0x80408c4', '0x80408cc', '0x80408d4', '0x80408dc', '0x80408e4', '0x80408ec', '0x80408f4', '0x80408fc', '0x8040904', '0x804090c', '0x8040914', '0x804091c', '0x8040924', '0x804092c', '0x8040934', '0x804093c', '0x8040944', '0x804094c', '0x8040954', '0x804095c', '0x8040964', '0x804096c', '0x8040974', '0x804097c', '0x8040984', '0x804098c', '0x8040994', '0x804099c']
type: cond
adj_instr: 0x80409bc
-----
 
Current node
start_addr: 0x80409ae
end_addr: 0x80409b8
successors: ['0x80409bc', '0x80403de']
parents: ['0x80405d8', '0x80405e0', '0x80405e8', '0x80405f0', '0x80405f8', '0x8040600', '0x8040608', '0x8040610', '0x8040618', '0x8040620', '0x8040628', '0x8040630', '0x8040638', '0x8040640', '0x8040648', '0x8040650', '0x8040658', '0x8040660', '0x8040668', '0x8040670', '0x8040678', '0x8040680', '0x8040688', '0x8040690', '0x8040698', '0x80406a0', '0x80406a8', '0x80406b0', '0x80406b8', '0x80406c0', '0x80406c8', '0x80406dc', '0x80406e4', '0x80406ec', '0x80406f4', '0x80406fc', '0x8040704', '0x804070c', '0x8040714', '0x804071c', '0x8040724', '0x804072c', '0x8040734', '0x804073c', '0x8040744', '0x804074c', '0x8040754', '0x804075c', '0x8040764', '0x804076c', '0x8040774', '0x804077c', '0x8040784', '0x804078c', '0x8040794', '0x804079c', '0x80407a4', '0x80407ac', '0x80407b4', '0x80407bc', '0x80407c4', '0x80407cc', '0x80407d4', '0x80407dc', '0x80407e4', '0x80407ec', '0x80407f4', '0x80407fc', '0x8040804', '0x804080c', '0x8040814', '0x804081c', '0x8040824', '0x804082c', '0x8040834', '0x804083c', '0x8040844', '0x804084c', '0x8040854', '0x804085c', '0x8040864', '0x804086c', '0x8040874', '0x804087c', '0x8040884', '0x804088c', '0x8040894', '0x804089c', '0x80408a4', '0x80408ac', '0x80408b4', '0x80408bc', '0x80408c4', '0x80408cc', '0x80408d4', '0x80408dc', '0x80408e4', '0x80408ec', '0x80408f4', '0x80408fc', '0x8040904', '0x804090c', '0x8040914', '0x804091c', '0x8040924', '0x804092c', '0x8040934', '0x804093c', '0x8040944', '0x804094c', '0x8040954', '0x804095c', '0x8040964', '0x804096c', '0x8040974', '0x804097c', '0x8040984', '0x804098c', '0x8040994', '0x804099c']
type: cond
adj_instr: 0x80409bc
log_idx: 556
log_node.dest_addr: 0x80403de
 
Current node
start_addr: 0x80403de
end_addr: 0x80403e6
successors: ['0x80403ea', '0x80409a4']
parents: ['0x80409a4', '0x80409b4', '0x80409ae']
type: cond
adj_instr: 0x80403ea
log_idx: 557
log_node.dest_addr: 0x80403ea
 
Current node
start_addr: 0x80403ea
end_addr: 0x80403f4
successors: ['0x80405d8', '0x80405e0', '0x80405e8', '0x80405f0', '0x80405f8', '0x8040600', '0x8040608', '0x8040610', '0x8040618', '0x8040620', '0x8040628', '0x8040630', '0x8040638', '0x8040640', '0x8040648', '0x8040650', '0x8040658', '0x8040660', '0x8040668', '0x8040670', '0x8040678', '0x8040680', '0x8040688', '0x8040690', '0x8040698', '0x80406a0', '0x80406a8', '0x80406b0', '0x80406b8', '0x80406c0', '0x80406c8', '0x80406dc', '0x80406e4', '0x80406ec', '0x80406f4', '0x80406fc', '0x8040704', '0x804070c', '0x8040714', '0x804071c', '0x8040724', '0x804072c', '0x8040734', '0x804073c', '0x8040744', '0x804074c', '0x8040754', '0x804075c', '0x8040764', '0x804076c', '0x8040774', '0x804077c', '0x8040784', '0x804078c', '0x8040794', '0x804079c', '0x80407a4', '0x80407ac', '0x80407b4', '0x80407bc', '0x80407c4', '0x80407cc', '0x80407d4', '0x80407dc', '0x80407e4', '0x80407ec', '0x80407f4', '0x80407fc', '0x8040804', '0x804080c', '0x8040814', '0x804081c', '0x8040824', '0x804082c', '0x8040834', '0x804083c', '0x8040844', '0x804084c', '0x8040854', '0x804085c', '0x8040864', '0x804086c', '0x8040874', '0x804087c', '0x8040884', '0x804088c', '0x8040894', '0x804089c', '0x80408a4', '0x80408ac', '0x80408b4', '0x80408bc', '0x80408c4', '0x80408cc', '0x80408d4', '0x80408dc', '0x80408e4', '0x80408ec', '0x80408f4', '0x80408fc', '0x8040904', '0x804090c', '0x8040914', '0x804091c', '0x8040924', '0x804092c', '0x8040934', '0x804093c', '0x8040944', '0x804094c', '0x8040954', '0x804095c', '0x8040964', '0x804096c', '0x8040974', '0x804097c', '0x8040984', '0x804098c', '0x8040994', '0x804099c']
parents: ['0x80403de']
type: uncond
adj_instr: 0x80405d8
log_idx: 558
log_node.dest_addr: 0x804099c
 
Current node
start_addr: 0x804099c
end_addr: 0x80409a2
successors: ['0x80409ae']
parents: ['0x80403ea']
type: uncond
adj_instr: 0x80409a4
log_idx: 559
log_node.dest_addr: 0x80409bc
-----
changed node
start_addr: 0x80409ae
end_addr: 0x80409b8
successors: ['0x80409bc', '0x80403de']
parents: ['0x80405d8', '0x80405e0', '0x80405e8', '0x80405f0', '0x80405f8', '0x8040600', '0x8040608', '0x8040610', '0x8040618', '0x8040620', '0x8040628', '0x8040630', '0x8040638', '0x8040640', '0x8040648', '0x8040650', '0x8040658', '0x8040660', '0x8040668', '0x8040670', '0x8040678', '0x8040680', '0x8040688', '0x8040690', '0x8040698', '0x80406a0', '0x80406a8', '0x80406b0', '0x80406b8', '0x80406c0', '0x80406c8', '0x80406dc', '0x80406e4', '0x80406ec', '0x80406f4', '0x80406fc', '0x8040704', '0x804070c', '0x8040714', '0x804071c', '0x8040724', '0x804072c', '0x8040734', '0x804073c', '0x8040744', '0x804074c', '0x8040754', '0x804075c', '0x8040764', '0x804076c', '0x8040774', '0x804077c', '0x8040784', '0x804078c', '0x8040794', '0x804079c', '0x80407a4', '0x80407ac', '0x80407b4', '0x80407bc', '0x80407c4', '0x80407cc', '0x80407d4', '0x80407dc', '0x80407e4', '0x80407ec', '0x80407f4', '0x80407fc', '0x8040804', '0x804080c', '0x8040814', '0x804081c', '0x8040824', '0x804082c', '0x8040834', '0x804083c', '0x8040844', '0x804084c', '0x8040854', '0x804085c', '0x8040864', '0x804086c', '0x8040874', '0x804087c', '0x8040884', '0x804088c', '0x8040894', '0x804089c', '0x80408a4', '0x80408ac', '0x80408b4', '0x80408bc', '0x80408c4', '0x80408cc', '0x80408d4', '0x80408dc', '0x80408e4', '0x80408ec', '0x80408f4', '0x80408fc', '0x8040904', '0x804090c', '0x8040914', '0x804091c', '0x8040924', '0x804092c', '0x8040934', '0x804093c', '0x8040944', '0x804094c', '0x8040954', '0x804095c', '0x8040964', '0x804096c', '0x8040974', '0x804097c', '0x8040984', '0x804098c', '0x8040994', '0x804099c']
type: cond
adj_instr: 0x80409bc
-----
 
Current node
start_addr: 0x80409ae
end_addr: 0x80409b8
successors: ['0x80409bc', '0x80403de']
parents: ['0x80405d8', '0x80405e0', '0x80405e8', '0x80405f0', '0x80405f8', '0x8040600', '0x8040608', '0x8040610', '0x8040618', '0x8040620', '0x8040628', '0x8040630', '0x8040638', '0x8040640', '0x8040648', '0x8040650', '0x8040658', '0x8040660', '0x8040668', '0x8040670', '0x8040678', '0x8040680', '0x8040688', '0x8040690', '0x8040698', '0x80406a0', '0x80406a8', '0x80406b0', '0x80406b8', '0x80406c0', '0x80406c8', '0x80406dc', '0x80406e4', '0x80406ec', '0x80406f4', '0x80406fc', '0x8040704', '0x804070c', '0x8040714', '0x804071c', '0x8040724', '0x804072c', '0x8040734', '0x804073c', '0x8040744', '0x804074c', '0x8040754', '0x804075c', '0x8040764', '0x804076c', '0x8040774', '0x804077c', '0x8040784', '0x804078c', '0x8040794', '0x804079c', '0x80407a4', '0x80407ac', '0x80407b4', '0x80407bc', '0x80407c4', '0x80407cc', '0x80407d4', '0x80407dc', '0x80407e4', '0x80407ec', '0x80407f4', '0x80407fc', '0x8040804', '0x804080c', '0x8040814', '0x804081c', '0x8040824', '0x804082c', '0x8040834', '0x804083c', '0x8040844', '0x804084c', '0x8040854', '0x804085c', '0x8040864', '0x804086c', '0x8040874', '0x804087c', '0x8040884', '0x804088c', '0x8040894', '0x804089c', '0x80408a4', '0x80408ac', '0x80408b4', '0x80408bc', '0x80408c4', '0x80408cc', '0x80408d4', '0x80408dc', '0x80408e4', '0x80408ec', '0x80408f4', '0x80408fc', '0x8040904', '0x804090c', '0x8040914', '0x804091c', '0x8040924', '0x804092c', '0x8040934', '0x804093c', '0x8040944', '0x804094c', '0x8040954', '0x804095c', '0x8040964', '0x804096c', '0x8040974', '0x804097c', '0x8040984', '0x804098c', '0x8040994', '0x804099c']
type: cond
adj_instr: 0x80409bc
log_idx: 559
log_node.dest_addr: 0x80409bc
 
Current node
start_addr: 0x80409bc
end_addr: 0x80409c6
successors: ['0x80401f8', '0x804021c', '0x8040238', '0x8040250', '0x8040294', '0x8040344', '0x8040394', '0x80409dc', '0x8040d00', '0x8040dcc', '0x8040e0a', '0x8040e3c', '0x8040e78', '0x8040f3c', '0x8040f58', '0x8040f74', '0x8040fac', '0x8040fc0', '0x8041008', '0x804100e', '0x8041014', '0x8041022', '0x8041030', '0x804103c', '0x804104c', '0x8041064', '0x8041070', '0x8041078', '0x8041086', '0x804108c', '0x804109a', '0x80410b4', '0x80410b6', '0x80410ec', '0x8041164', '0x804118c', '0x80411d4', '0x80411f0', '0x8041244', '0x80412ac', '0x80412f0', '0x8041306', '0x804133a', '0x8041354', '0x8041654', '0x8041684', '0x80416cc', '0x80416d8', '0x80416e8', '0x80416f8', '0x8041718', '0x8041728', '0x8060000']
parents: ['0x80409a4', '0x80409b4', '0x80409ae']
type: call
adj_instr: 0x80409ca
log_idx: 560
log_node.dest_addr: 0x8040e3b
PUSH to shadow stack: 0x80409ca
